#include "hnnx/serialize/context_binary_writer.hpp"
#include "hnnx/ir/graph_prepare.hpp"
#include <algorithm>

namespace hnnx {

ContextBinaryWriter::ContextBinaryWriter() = default;
ContextBinaryWriter::~ContextBinaryWriter() = default;

// --- Output buffer helpers ---

void ContextBinaryWriter::ensure(size_t extra) {
    if (pos_ + extra > buf_.size()) buf_.resize(pos_ + extra, 0);
}

void ContextBinaryWriter::put_u8(uint8_t v) {
    ensure(1);
    buf_[pos_++] = v;
}

void ContextBinaryWriter::put_u16_le(uint16_t v) {
    ensure(2);
    buf_[pos_++] = static_cast<uint8_t>(v & 0xFF);
    buf_[pos_++] = static_cast<uint8_t>((v >> 8) & 0xFF);
}

void ContextBinaryWriter::put_u32_le(uint32_t v) {
    ensure(4);
    buf_[pos_++] = static_cast<uint8_t>(v & 0xFF);
    buf_[pos_++] = static_cast<uint8_t>((v >> 8) & 0xFF);
    buf_[pos_++] = static_cast<uint8_t>((v >> 16) & 0xFF);
    buf_[pos_++] = static_cast<uint8_t>((v >> 24) & 0xFF);
}

void ContextBinaryWriter::put_u64_le(uint64_t v) {
    put_u32_le(static_cast<uint32_t>(v & 0xFFFFFFFF));
    put_u32_le(static_cast<uint32_t>(v >> 32));
}

void ContextBinaryWriter::put_u16_be(uint16_t v) {
    ensure(2);
    buf_[pos_++] = static_cast<uint8_t>((v >> 8) & 0xFF);
    buf_[pos_++] = static_cast<uint8_t>(v & 0xFF);
}

void ContextBinaryWriter::put_u32_be(uint32_t v) {
    ensure(4);
    buf_[pos_++] = static_cast<uint8_t>((v >> 24) & 0xFF);
    buf_[pos_++] = static_cast<uint8_t>((v >> 16) & 0xFF);
    buf_[pos_++] = static_cast<uint8_t>((v >> 8) & 0xFF);
    buf_[pos_++] = static_cast<uint8_t>(v & 0xFF);
}

void ContextBinaryWriter::put_u64_be(uint64_t v) {
    put_u32_be(static_cast<uint32_t>(v >> 32));
    put_u32_be(static_cast<uint32_t>(v & 0xFFFFFFFF));
}

void ContextBinaryWriter::put_bytes(const void* data, size_t len) {
    if (len == 0) return;
    ensure(len);
    std::memcpy(buf_.data() + pos_, data, len);
    pos_ += len;
}

void ContextBinaryWriter::put_string_null(const std::string& s) {
    put_bytes(s.data(), s.size());
    put_u8(0);
}

void ContextBinaryWriter::put_zero(size_t count) {
    ensure(count);
    std::memset(buf_.data() + pos_, 0, count);
    pos_ += count;
}

void ContextBinaryWriter::align_to(size_t alignment) {
    size_t misalign = pos_ % alignment;
    if (misalign != 0) put_zero(alignment - misalign);
}

// === Main entry: write complete context binary ===

size_t ContextBinaryWriter::write(std::vector<uint8_t>& out) {
    buf_.clear();
    pos_ = 0;

    // Reserve enough space (45832 for simple_linear)
    buf_.resize(64 * 1024, 0);

    // Section 1: system info header [0x0000, 0x1000)
    write_system_header();

    // Section 2: contextBlob [0x1000, end)
    size_t ctx_blob_size = write_context_blob();
    size_t total_size = pos_;  // save max position (end of contextBlob)

    // Update the system header's contextBlob size field
    pos_ = SYS_HDR_CONTEXT_BLOB_SIZE;
    put_u64_le(ctx_blob_size);

    // Resize to actual content and return
    buf_.resize(total_size);
    out = std::move(buf_);
    return total_size;
}

// === Template-based write: use real .bin, replace only opData records ===

size_t ContextBinaryWriter::write_from_template(const std::vector<uint8_t>& tmpl,
                                                  std::vector<uint8_t>& out) {
    if (tmpl.size() < 0x1000) return 0;

    // Start with a copy of the template
    out = tmpl;

    // Find the FA0000FA separator
    const uint8_t SEP[4] = {0xFA, 0x00, 0x00, 0xFA};
    size_t opdata_start = 0;
    for (size_t i = 0; i + 3 < out.size(); i++) {
        if (out[i] == SEP[0] && out[i+1] == SEP[1] &&
            out[i+2] == SEP[2] && out[i+3] == SEP[3]) {
            opdata_start = i;
            break;
        }
    }
    if (opdata_start == 0) return 0;

    // Find the first 0x1303EE marker (end of preamble)
    size_t preamble_end = opdata_start + 4;
    while (preamble_end + 3 < out.size()) {
        uint32_t val = out[preamble_end] | (out[preamble_end+1] << 8) |
                       (out[preamble_end+2] << 16) | (out[preamble_end+3] << 24);
        if ((val & 0xFFFFFF00) == OP_MARKER_BASE) break;
        preamble_end += 4;
    }

    // Find BEEFF00D end marker (after op records)
    size_t beef_pos = preamble_end;
    while (beef_pos + 3 < out.size()) {
        uint32_t val = out[beef_pos] | (out[beef_pos+1] << 8) |
                       (out[beef_pos+2] << 16) | (out[beef_pos+3] << 24);
        if (val == END_BEEFF00D) break;
        beef_pos += 4;
    }

    // Build our op records section
    std::vector<uint8_t> our_records;
    our_records.reserve(1024);
    auto emit_u32_le = [&our_records](uint32_t v) {
        our_records.push_back(static_cast<uint8_t>(v & 0xFF));
        our_records.push_back(static_cast<uint8_t>((v >> 8) & 0xFF));
        our_records.push_back(static_cast<uint8_t>((v >> 16) & 0xFF));
        our_records.push_back(static_cast<uint8_t>((v >> 24) & 0xFF));
    };
    auto emit_u8 = [&our_records](uint8_t v) {
        our_records.push_back(v);
    };

    for (const auto& op : scheduled_ops_) {
        // Marker (LE u32)
        emit_u32_le(OP_MARKER_BASE | (op.record_id & 0xFF));
        // Counter (1 byte) + padding (2 bytes) + type (1 byte)
        emit_u8(static_cast<uint8_t>(op.tensor_id & 0xFF));
        emit_u8(0x00);
        emit_u8(0x00);
        emit_u8(static_cast<uint8_t>(op.type));
        // f2 (LE u32)
        emit_u32_le(op.f2);
        // block_ref (LE u32)
        emit_u32_le(op.block_ref);
        // extras (variable-length, each LE u32)
        for (uint32_t extra : op.extras) {
            emit_u32_le(extra);
        }
    }

    // Replace op records section [preamble_end, beef_pos) with our records
    size_t old_records_len = beef_pos - preamble_end;
    size_t new_records_len = our_records.size();

    if (new_records_len != old_records_len) {
        // Size changed: need to splice
        out.erase(out.begin() + preamble_end, out.begin() + beef_pos);
        out.insert(out.begin() + preamble_end, our_records.begin(), our_records.end());
    } else {
        // Same size: direct copy
        std::memcpy(out.data() + preamble_end, our_records.data(), new_records_len);
    }

    return out.size();
}

// === Section 1: System Info Header (4096 bytes) ===
// Layout from real sample:
//   [0x18] contextBlob offset = 0x1000 (LE u64)
//   [0x20] contextBlob size   (LE u64, filled later)
//   [0x130] ioTensorSize (BE u32)
//   [0x177] constSize    (BE u32)
//   [0x1D5] dspArch      (BE u16)
//   [0x1E8] graph name   (null-terminated)
//   [0x334] buildId      (null-terminated)
//   [0x3C0, 0x1000) zero padding
// Full system header template [0x0000, 0x1000) from real simple_linear_context.bin.
// Copied verbatim; dynamic fields (contextBlob size @0x20, graph name @0x1E8,
// buildId @0x334) are patched by write_system_header().
static const uint8_t SYS_HEADER_TEMPLATE[0x1000] = {
    0x00, 0x00, 0x00, 0x02, 0x00, 0x00, 0x00, 0x03, 0x00, 0x00, 0x00, 0x00, 0x00, 0x00, 0x00, 0x01, 
    0x90, 0x03, 0x00, 0x00, 0x00, 0x00, 0x00, 0x00, 0x00, 0x10, 0x00, 0x00, 0x00, 0x00, 0x00, 0x00, 
    0x08, 0xa3, 0x00, 0x00, 0x00, 0x00, 0x00, 0x00, 0x10, 0x00, 0x00, 0x00, 0x00, 0x00, 0x00, 0x00, 
    0x00, 0x00, 0x06, 0x00, 0x0a, 0x00, 0x04, 0x00, 0x06, 0x00, 0x00, 0x00, 0x10, 0x00, 0x00, 0x00, 
    0x00, 0x00, 0x0a, 0x00, 0x10, 0x00, 0x08, 0x00, 0x07, 0x00, 0x0c, 0x00, 0x0a, 0x00, 0x00, 0x00, 
    0x00, 0x00, 0x00, 0x03, 0x03, 0x00, 0x00, 0x00, 0x28, 0x00, 0x00, 0x00, 0x24, 0x00, 0x5c, 0x00, 
    0x08, 0x00, 0x0c, 0x00, 0x10, 0x00, 0x1c, 0x00, 0x28, 0x00, 0x2c, 0x00, 0x00, 0x00, 0x00, 0x00, 
    0x38, 0x00, 0x3c, 0x00, 0x40, 0x00, 0x50, 0x00, 0x07, 0x00, 0x44, 0x00, 0x48, 0x00, 0x4c, 0x00, 
    0x24, 0x00, 0x00, 0x00, 0x00, 0x00, 0x00, 0x01, 0x06, 0x00, 0x00, 0x00, 0xa4, 0x02, 0x00, 0x00, 
    0x02, 0x00, 0x00, 0x00, 0x25, 0x00, 0x00, 0x00, 0x00, 0x00, 0x00, 0x00, 0x05, 0x00, 0x00, 0x00, 
    0x30, 0x00, 0x00, 0x00, 0x00, 0x00, 0x00, 0x00, 0x80, 0x02, 0x00, 0x00, 0x04, 0x00, 0x00, 0x00, 
    0x00, 0x00, 0x00, 0x00, 0x04, 0x00, 0x00, 0x00, 0x6c, 0x02, 0x00, 0x00, 0x01, 0x00, 0x00, 0x00, 
    0x1c, 0x00, 0x00, 0x00, 0x8c, 0x02, 0x00, 0x00, 0x08, 0x00, 0x00, 0x00, 0xe0, 0x02, 0x00, 0x00, 
    0x08, 0xa3, 0x00, 0x00, 0x00, 0x00, 0x00, 0x00, 0x00, 0x00, 0x00, 0x00, 0x01, 0x00, 0x00, 0x00, 
    0x10, 0x00, 0x00, 0x00, 0x00, 0x00, 0x0a, 0x00, 0x12, 0x00, 0x08, 0x00, 0x07, 0x00, 0x0c, 0x00, 
    0x0a, 0x00, 0x00, 0x00, 0x00, 0x00, 0x00, 0x03, 0x03, 0x00, 0x00, 0x00, 0x10, 0x00, 0x00, 0x00, 
    0x00, 0x00, 0x0a, 0x00, 0x10, 0x00, 0x04, 0x00, 0x08, 0x00, 0x0c, 0x00, 0x0a, 0x00, 0x00, 0x00, 
    0x8c, 0x00, 0x00, 0x00, 0x70, 0x00, 0x00, 0x00, 0x04, 0x00, 0x00, 0x00, 0x70, 0x00, 0x00, 0x00, 
    0x01, 0x00, 0x00, 0x00, 0x00, 0x00, 0x00, 0x00, 0x00, 0x00, 0x00, 0x00, 0x00, 0x00, 0x00, 0x00, 
    0x00, 0x00, 0x40, 0x00, 0x00, 0x00, 0x00, 0x00, 0x00, 0x00, 0x00, 0x00, 0x00, 0x00, 0x00, 0x00, 
    0x00, 0x00, 0x00, 0x00, 0x00, 0x00, 0x00, 0x00, 0x02, 0x00, 0x00, 0x00, 0x00, 0x00, 0x00, 0x00, 
    0x00, 0x01, 0x00, 0x00, 0x00, 0x00, 0x00, 0x00, 0x40, 0x00, 0x00, 0x00, 0x00, 0x00, 0x00, 0x00, 
    0x00, 0x00, 0x00, 0x00, 0x00, 0x00, 0x00, 0x00, 0x00, 0x40, 0x00, 0x00, 0x00, 0x00, 0x00, 0x00, 
    0x00, 0x0d, 0x00, 0x00, 0x00, 0x00, 0x00, 0x00, 0x00, 0x20, 0x00, 0x00, 0x00, 0x00, 0x00, 0x00, 
    0x00, 0x04, 0x00, 0x00, 0x00, 0x00, 0x00, 0x00, 0x00, 0x00, 0x00, 0x00, 0x00, 0x00, 0x00, 0x00, 
    0x00, 0x00, 0x0a, 0x00, 0x0c, 0x00, 0x04, 0x00, 0x00, 0x00, 0x08, 0x00, 0x0a, 0x00, 0x00, 0x00, 
    0x1c, 0x00, 0x00, 0x00, 0x04, 0x00, 0x00, 0x00, 0x00, 0x00, 0x00, 0x00, 0x00, 0x00, 0x0e, 0x00, 
    0x18, 0x00, 0x04, 0x00, 0x08, 0x00, 0x0c, 0x00, 0x10, 0x00, 0x14, 0x00, 0x0e, 0x00, 0x00, 0x00, 
    0x24, 0x00, 0x00, 0x00, 0x01, 0x00, 0x00, 0x00, 0x14, 0x00, 0x00, 0x00, 0x01, 0x00, 0x00, 0x00, 
    0x04, 0x00, 0x00, 0x00, 0x01, 0x00, 0x00, 0x00, 0x44, 0x00, 0x00, 0x00, 0x01, 0x00, 0x00, 0x00, 
    0xd0, 0x00, 0x00, 0x00, 0x0d, 0x00, 0x00, 0x00, 0x73, 0x69, 0x6d, 0x70, 0x6c, 0x65, 0x5f, 0x6c, 
    0x69, 0x6e, 0x65, 0x61, 0x72, 0x00, 0x00, 0x00, 0x24, 0x00, 0x38, 0x00, 0x08, 0x00, 0x0c, 0x00, 
    0x00, 0x00, 0x10, 0x00, 0x14, 0x00, 0x00, 0x00, 0x18, 0x00, 0x1c, 0x00, 0x20, 0x00, 0x24, 0x00, 
    0x28, 0x00, 0x2c, 0x00, 0x30, 0x00, 0x00, 0x00, 0x07, 0x00, 0x34, 0x00, 0x24, 0x00, 0x00, 0x00, 
    0x00, 0x00, 0x00, 0x01, 0x0a, 0x00, 0x00, 0x00, 0x01, 0x00, 0x00, 0x00, 0x32, 0x02, 0x00, 0x00, 
    0xff, 0xff, 0xff, 0x7f, 0x03, 0x00, 0x00, 0x00, 0x34, 0x00, 0x00, 0x00, 0x2c, 0x00, 0x00, 0x00, 
    0x3c, 0x00, 0x00, 0x00, 0x00, 0x00, 0x00, 0x00, 0x1c, 0x00, 0x00, 0x00, 0x08, 0x00, 0x00, 0x00, 
    0x38, 0x00, 0x00, 0x00, 0x70, 0xff, 0xff, 0xff, 0xff, 0xff, 0xff, 0x7f, 0x04, 0x00, 0x00, 0x00, 
    0xbc, 0xfe, 0xff, 0xff, 0x00, 0x00, 0x00, 0x00, 0x00, 0x00, 0x00, 0x00, 0x03, 0x00, 0x00, 0x00, 
    0x01, 0x00, 0x00, 0x00, 0x02, 0x00, 0x00, 0x00, 0x03, 0x00, 0x00, 0x00, 0x06, 0x00, 0x00, 0x00, 
    0x6f, 0x75, 0x74, 0x70, 0x75, 0x74, 0x00, 0x00, 0xe4, 0xfe, 0xff, 0xff, 0x24, 0x00, 0x34, 0x00, 
    0x08, 0x00, 0x00, 0x00, 0x00, 0x00, 0x0c, 0x00, 0x10, 0x00, 0x00, 0x00, 0x14, 0x00, 0x18, 0x00, 
    0x1c, 0x00, 0x20, 0x00, 0x24, 0x00, 0x28, 0x00, 0x2c, 0x00, 0x00, 0x00, 0x07, 0x00, 0x30, 0x00, 
    0x24, 0x00, 0x00, 0x00, 0x00, 0x00, 0x00, 0x01, 0x01, 0x00, 0x00, 0x00, 0x32, 0x02, 0x00, 0x00, 
    0xff, 0xff, 0xff, 0x7f, 0x03, 0x00, 0x00, 0x00, 0x3c, 0x00, 0x00, 0x00, 0x34, 0x00, 0x00, 0x00, 
    0x44, 0x00, 0x00, 0x00, 0x00, 0x00, 0x00, 0x00, 0x24, 0x00, 0x00, 0x00, 0x10, 0x00, 0x00, 0x00, 
    0x40, 0x00, 0x00, 0x00, 0x08, 0x00, 0x0c, 0x00, 0x04, 0x00, 0x08, 0x00, 0x08, 0x00, 0x00, 0x00, 
    0xff, 0xff, 0xff, 0x7f, 0x04, 0x00, 0x00, 0x00, 0x54, 0xff, 0xff, 0xff, 0x00, 0x00, 0x00, 0x00, 
    0x00, 0x00, 0x00, 0x00, 0x03, 0x00, 0x00, 0x00, 0x01, 0x00, 0x00, 0x00, 0x04, 0x00, 0x00, 0x00, 
    0x03, 0x00, 0x00, 0x00, 0x05, 0x00, 0x00, 0x00, 0x69, 0x6e, 0x70, 0x75, 0x74, 0x00, 0x00, 0x00, 
    0x7c, 0xff, 0xff, 0xff, 0x00, 0x00, 0x00, 0x00, 0x00, 0x00, 0x00, 0x00, 0x00, 0x00, 0x00, 0x00, 
    0x14, 0x00, 0x00, 0x00, 0x76, 0x32, 0x2e, 0x34, 0x38, 0x2e, 0x30, 0x2e, 0x32, 0x36, 0x30, 0x36, 
    0x32, 0x36, 0x31, 0x32, 0x30, 0x36, 0x33, 0x35, 0x00, 0x00, 0x06, 0x00, 0x08, 0x00, 0x04, 0x00, 
    0x06, 0x00, 0x00, 0x00, 0x04, 0x00, 0x00, 0x00, 0x01, 0x00, 0x00, 0x00, 0x0c, 0x00, 0x00, 0x00, 
    0x08, 0x00, 0x0e, 0x00, 0x07, 0x00, 0x08, 0x00, 0x08, 0x00, 0x00, 0x00, 0x00, 0x00, 0x00, 0x01, 
    0x10, 0x00, 0x00, 0x00, 0x00, 0x00, 0x0a, 0x00, 0x08, 0x00, 0x00, 0x00, 0x00, 0x00, 0x04, 0x00, 
    0x0a, 0x00, 0x00, 0x00, 0x04, 0x00, 0x00, 0x00, 0x01, 0x00, 0x00, 0x00, 0x0c, 0x00, 0x00, 0x00, 
    0x08, 0x00, 0x0c, 0x00, 0x07, 0x00, 0x08, 0x00, 0x08, 0x00, 0x00, 0x00, 0x00, 0x00, 0x00, 0x01, 
    0x08, 0x00, 0x00, 0x00, 0x04, 0x00, 0x04, 0x00, 0x04, 0x00, 0x00, 0x00, 0x08, 0x00, 0x00, 0x00, 
    0x01, 0x00, 0x00, 0x00, 0x44, 0x00, 0x00, 0x00, 0x00, 0x00, 0x00, 0x00, 0x00, 0x00, 0x00, 0x00, 
    0x00, 0x00, 0x00, 0x00, 0x00, 0x00, 0x00, 0x00, 0x00, 0x00, 0x00, 0x00, 0x00, 0x00, 0x00, 0x00, 
    0x00, 0x00, 0x00, 0x00, 0x00, 0x00, 0x00, 0x00, 0x00, 0x00, 0x00, 0x00, 0x00, 0x00, 0x00, 0x00, 
    0x00, 0x00, 0x00, 0x00, 0x00, 0x00, 0x00, 0x00, 0x00, 0x00, 0x00, 0x00, 0x00, 0x00, 0x00, 0x00, 
    0x00, 0x00, 0x00, 0x00, 0x00, 0x00, 0x00, 0x00, 0x00, 0x00, 0x00, 0x00, 0x00, 0x00, 0x00, 0x00, 
    0x00, 0x00, 0x00, 0x00, 0x00, 0x00, 0x00, 0x00, 0x00, 0x00, 0x00, 0x00, 0x00, 0x00, 0x00, 0x00, 
    0x00, 0x00, 0x00, 0x00, 0x00, 0x00, 0x00, 0x00, 0x00, 0x00, 0x00, 0x00, 0x00, 0x00, 0x00, 0x00, 
    0x00, 0x00, 0x00, 0x00, 0x00, 0x00, 0x00, 0x00, 0x00, 0x00, 0x00, 0x00, 0x00, 0x00, 0x00, 0x00, 
    0x00, 0x00, 0x00, 0x00, 0x00, 0x00, 0x00, 0x00, 0x00, 0x00, 0x00, 0x00, 0x00, 0x00, 0x00, 0x00, 
    0x00, 0x00, 0x00, 0x00, 0x00, 0x00, 0x00, 0x00, 0x00, 0x00, 0x00, 0x00, 0x00, 0x00, 0x00, 0x00, 
    0x00, 0x00, 0x00, 0x00, 0x00, 0x00, 0x00, 0x00, 0x00, 0x00, 0x00, 0x00, 0x00, 0x00, 0x00, 0x00, 
    0x00, 0x00, 0x00, 0x00, 0x00, 0x00, 0x00, 0x00, 0x00, 0x00, 0x00, 0x00, 0x00, 0x00, 0x00, 0x00, 
    0x00, 0x00, 0x00, 0x00, 0x00, 0x00, 0x00, 0x00, 0x00, 0x00, 0x00, 0x00, 0x00, 0x00, 0x00, 0x00, 
    0x00, 0x00, 0x00, 0x00, 0x00, 0x00, 0x00, 0x00, 0x00, 0x00, 0x00, 0x00, 0x00, 0x00, 0x00, 0x00, 
    0x00, 0x00, 0x00, 0x00, 0x00, 0x00, 0x00, 0x00, 0x00, 0x00, 0x00, 0x00, 0x00, 0x00, 0x00, 0x00, 
    0x00, 0x00, 0x00, 0x00, 0x00, 0x00, 0x00, 0x00, 0x00, 0x00, 0x00, 0x00, 0x00, 0x00, 0x00, 0x00, 
    0x00, 0x00, 0x00, 0x00, 0x00, 0x00, 0x00, 0x00, 0x00, 0x00, 0x00, 0x00, 0x00, 0x00, 0x00, 0x00, 
    0x00, 0x00, 0x00, 0x00, 0x00, 0x00, 0x00, 0x00, 0x00, 0x00, 0x00, 0x00, 0x00, 0x00, 0x00, 0x00, 
    0x00, 0x00, 0x00, 0x00, 0x00, 0x00, 0x00, 0x00, 0x00, 0x00, 0x00, 0x00, 0x00, 0x00, 0x00, 0x00, 
    0x00, 0x00, 0x00, 0x00, 0x00, 0x00, 0x00, 0x00, 0x00, 0x00, 0x00, 0x00, 0x00, 0x00, 0x00, 0x00, 
    0x00, 0x00, 0x00, 0x00, 0x00, 0x00, 0x00, 0x00, 0x00, 0x00, 0x00, 0x00, 0x00, 0x00, 0x00, 0x00, 
    0x00, 0x00, 0x00, 0x00, 0x00, 0x00, 0x00, 0x00, 0x00, 0x00, 0x00, 0x00, 0x00, 0x00, 0x00, 0x00, 
    0x00, 0x00, 0x00, 0x00, 0x00, 0x00, 0x00, 0x00, 0x00, 0x00, 0x00, 0x00, 0x00, 0x00, 0x00, 0x00, 
    0x00, 0x00, 0x00, 0x00, 0x00, 0x00, 0x00, 0x00, 0x00, 0x00, 0x00, 0x00, 0x00, 0x00, 0x00, 0x00, 
    0x00, 0x00, 0x00, 0x00, 0x00, 0x00, 0x00, 0x00, 0x00, 0x00, 0x00, 0x00, 0x00, 0x00, 0x00, 0x00, 
    0x00, 0x00, 0x00, 0x00, 0x00, 0x00, 0x00, 0x00, 0x00, 0x00, 0x00, 0x00, 0x00, 0x00, 0x00, 0x00, 
    0x00, 0x00, 0x00, 0x00, 0x00, 0x00, 0x00, 0x00, 0x00, 0x00, 0x00, 0x00, 0x00, 0x00, 0x00, 0x00, 
    0x00, 0x00, 0x00, 0x00, 0x00, 0x00, 0x00, 0x00, 0x00, 0x00, 0x00, 0x00, 0x00, 0x00, 0x00, 0x00, 
    0x00, 0x00, 0x00, 0x00, 0x00, 0x00, 0x00, 0x00, 0x00, 0x00, 0x00, 0x00, 0x00, 0x00, 0x00, 0x00, 
    0x00, 0x00, 0x00, 0x00, 0x00, 0x00, 0x00, 0x00, 0x00, 0x00, 0x00, 0x00, 0x00, 0x00, 0x00, 0x00, 
    0x00, 0x00, 0x00, 0x00, 0x00, 0x00, 0x00, 0x00, 0x00, 0x00, 0x00, 0x00, 0x00, 0x00, 0x00, 0x00, 
    0x00, 0x00, 0x00, 0x00, 0x00, 0x00, 0x00, 0x00, 0x00, 0x00, 0x00, 0x00, 0x00, 0x00, 0x00, 0x00, 
    0x00, 0x00, 0x00, 0x00, 0x00, 0x00, 0x00, 0x00, 0x00, 0x00, 0x00, 0x00, 0x00, 0x00, 0x00, 0x00, 
    0x00, 0x00, 0x00, 0x00, 0x00, 0x00, 0x00, 0x00, 0x00, 0x00, 0x00, 0x00, 0x00, 0x00, 0x00, 0x00, 
    0x00, 0x00, 0x00, 0x00, 0x00, 0x00, 0x00, 0x00, 0x00, 0x00, 0x00, 0x00, 0x00, 0x00, 0x00, 0x00, 
    0x00, 0x00, 0x00, 0x00, 0x00, 0x00, 0x00, 0x00, 0x00, 0x00, 0x00, 0x00, 0x00, 0x00, 0x00, 0x00, 
    0x00, 0x00, 0x00, 0x00, 0x00, 0x00, 0x00, 0x00, 0x00, 0x00, 0x00, 0x00, 0x00, 0x00, 0x00, 0x00, 
    0x00, 0x00, 0x00, 0x00, 0x00, 0x00, 0x00, 0x00, 0x00, 0x00, 0x00, 0x00, 0x00, 0x00, 0x00, 0x00, 
    0x00, 0x00, 0x00, 0x00, 0x00, 0x00, 0x00, 0x00, 0x00, 0x00, 0x00, 0x00, 0x00, 0x00, 0x00, 0x00, 
    0x00, 0x00, 0x00, 0x00, 0x00, 0x00, 0x00, 0x00, 0x00, 0x00, 0x00, 0x00, 0x00, 0x00, 0x00, 0x00, 
    0x00, 0x00, 0x00, 0x00, 0x00, 0x00, 0x00, 0x00, 0x00, 0x00, 0x00, 0x00, 0x00, 0x00, 0x00, 0x00, 
    0x00, 0x00, 0x00, 0x00, 0x00, 0x00, 0x00, 0x00, 0x00, 0x00, 0x00, 0x00, 0x00, 0x00, 0x00, 0x00, 
    0x00, 0x00, 0x00, 0x00, 0x00, 0x00, 0x00, 0x00, 0x00, 0x00, 0x00, 0x00, 0x00, 0x00, 0x00, 0x00, 
    0x00, 0x00, 0x00, 0x00, 0x00, 0x00, 0x00, 0x00, 0x00, 0x00, 0x00, 0x00, 0x00, 0x00, 0x00, 0x00, 
    0x00, 0x00, 0x00, 0x00, 0x00, 0x00, 0x00, 0x00, 0x00, 0x00, 0x00, 0x00, 0x00, 0x00, 0x00, 0x00, 
    0x00, 0x00, 0x00, 0x00, 0x00, 0x00, 0x00, 0x00, 0x00, 0x00, 0x00, 0x00, 0x00, 0x00, 0x00, 0x00, 
    0x00, 0x00, 0x00, 0x00, 0x00, 0x00, 0x00, 0x00, 0x00, 0x00, 0x00, 0x00, 0x00, 0x00, 0x00, 0x00, 
    0x00, 0x00, 0x00, 0x00, 0x00, 0x00, 0x00, 0x00, 0x00, 0x00, 0x00, 0x00, 0x00, 0x00, 0x00, 0x00, 
    0x00, 0x00, 0x00, 0x00, 0x00, 0x00, 0x00, 0x00, 0x00, 0x00, 0x00, 0x00, 0x00, 0x00, 0x00, 0x00, 
    0x00, 0x00, 0x00, 0x00, 0x00, 0x00, 0x00, 0x00, 0x00, 0x00, 0x00, 0x00, 0x00, 0x00, 0x00, 0x00, 
    0x00, 0x00, 0x00, 0x00, 0x00, 0x00, 0x00, 0x00, 0x00, 0x00, 0x00, 0x00, 0x00, 0x00, 0x00, 0x00, 
    0x00, 0x00, 0x00, 0x00, 0x00, 0x00, 0x00, 0x00, 0x00, 0x00, 0x00, 0x00, 0x00, 0x00, 0x00, 0x00, 
    0x00, 0x00, 0x00, 0x00, 0x00, 0x00, 0x00, 0x00, 0x00, 0x00, 0x00, 0x00, 0x00, 0x00, 0x00, 0x00, 
    0x00, 0x00, 0x00, 0x00, 0x00, 0x00, 0x00, 0x00, 0x00, 0x00, 0x00, 0x00, 0x00, 0x00, 0x00, 0x00, 
    0x00, 0x00, 0x00, 0x00, 0x00, 0x00, 0x00, 0x00, 0x00, 0x00, 0x00, 0x00, 0x00, 0x00, 0x00, 0x00, 
    0x00, 0x00, 0x00, 0x00, 0x00, 0x00, 0x00, 0x00, 0x00, 0x00, 0x00, 0x00, 0x00, 0x00, 0x00, 0x00, 
    0x00, 0x00, 0x00, 0x00, 0x00, 0x00, 0x00, 0x00, 0x00, 0x00, 0x00, 0x00, 0x00, 0x00, 0x00, 0x00, 
    0x00, 0x00, 0x00, 0x00, 0x00, 0x00, 0x00, 0x00, 0x00, 0x00, 0x00, 0x00, 0x00, 0x00, 0x00, 0x00, 
    0x00, 0x00, 0x00, 0x00, 0x00, 0x00, 0x00, 0x00, 0x00, 0x00, 0x00, 0x00, 0x00, 0x00, 0x00, 0x00, 
    0x00, 0x00, 0x00, 0x00, 0x00, 0x00, 0x00, 0x00, 0x00, 0x00, 0x00, 0x00, 0x00, 0x00, 0x00, 0x00, 
    0x00, 0x00, 0x00, 0x00, 0x00, 0x00, 0x00, 0x00, 0x00, 0x00, 0x00, 0x00, 0x00, 0x00, 0x00, 0x00, 
    0x00, 0x00, 0x00, 0x00, 0x00, 0x00, 0x00, 0x00, 0x00, 0x00, 0x00, 0x00, 0x00, 0x00, 0x00, 0x00, 
    0x00, 0x00, 0x00, 0x00, 0x00, 0x00, 0x00, 0x00, 0x00, 0x00, 0x00, 0x00, 0x00, 0x00, 0x00, 0x00, 
    0x00, 0x00, 0x00, 0x00, 0x00, 0x00, 0x00, 0x00, 0x00, 0x00, 0x00, 0x00, 0x00, 0x00, 0x00, 0x00, 
    0x00, 0x00, 0x00, 0x00, 0x00, 0x00, 0x00, 0x00, 0x00, 0x00, 0x00, 0x00, 0x00, 0x00, 0x00, 0x00, 
    0x00, 0x00, 0x00, 0x00, 0x00, 0x00, 0x00, 0x00, 0x00, 0x00, 0x00, 0x00, 0x00, 0x00, 0x00, 0x00, 
    0x00, 0x00, 0x00, 0x00, 0x00, 0x00, 0x00, 0x00, 0x00, 0x00, 0x00, 0x00, 0x00, 0x00, 0x00, 0x00, 
    0x00, 0x00, 0x00, 0x00, 0x00, 0x00, 0x00, 0x00, 0x00, 0x00, 0x00, 0x00, 0x00, 0x00, 0x00, 0x00, 
    0x00, 0x00, 0x00, 0x00, 0x00, 0x00, 0x00, 0x00, 0x00, 0x00, 0x00, 0x00, 0x00, 0x00, 0x00, 0x00, 
    0x00, 0x00, 0x00, 0x00, 0x00, 0x00, 0x00, 0x00, 0x00, 0x00, 0x00, 0x00, 0x00, 0x00, 0x00, 0x00, 
    0x00, 0x00, 0x00, 0x00, 0x00, 0x00, 0x00, 0x00, 0x00, 0x00, 0x00, 0x00, 0x00, 0x00, 0x00, 0x00, 
    0x00, 0x00, 0x00, 0x00, 0x00, 0x00, 0x00, 0x00, 0x00, 0x00, 0x00, 0x00, 0x00, 0x00, 0x00, 0x00, 
    0x00, 0x00, 0x00, 0x00, 0x00, 0x00, 0x00, 0x00, 0x00, 0x00, 0x00, 0x00, 0x00, 0x00, 0x00, 0x00, 
    0x00, 0x00, 0x00, 0x00, 0x00, 0x00, 0x00, 0x00, 0x00, 0x00, 0x00, 0x00, 0x00, 0x00, 0x00, 0x00, 
    0x00, 0x00, 0x00, 0x00, 0x00, 0x00, 0x00, 0x00, 0x00, 0x00, 0x00, 0x00, 0x00, 0x00, 0x00, 0x00, 
    0x00, 0x00, 0x00, 0x00, 0x00, 0x00, 0x00, 0x00, 0x00, 0x00, 0x00, 0x00, 0x00, 0x00, 0x00, 0x00, 
    0x00, 0x00, 0x00, 0x00, 0x00, 0x00, 0x00, 0x00, 0x00, 0x00, 0x00, 0x00, 0x00, 0x00, 0x00, 0x00, 
    0x00, 0x00, 0x00, 0x00, 0x00, 0x00, 0x00, 0x00, 0x00, 0x00, 0x00, 0x00, 0x00, 0x00, 0x00, 0x00, 
    0x00, 0x00, 0x00, 0x00, 0x00, 0x00, 0x00, 0x00, 0x00, 0x00, 0x00, 0x00, 0x00, 0x00, 0x00, 0x00, 
    0x00, 0x00, 0x00, 0x00, 0x00, 0x00, 0x00, 0x00, 0x00, 0x00, 0x00, 0x00, 0x00, 0x00, 0x00, 0x00, 
    0x00, 0x00, 0x00, 0x00, 0x00, 0x00, 0x00, 0x00, 0x00, 0x00, 0x00, 0x00, 0x00, 0x00, 0x00, 0x00, 
    0x00, 0x00, 0x00, 0x00, 0x00, 0x00, 0x00, 0x00, 0x00, 0x00, 0x00, 0x00, 0x00, 0x00, 0x00, 0x00, 
    0x00, 0x00, 0x00, 0x00, 0x00, 0x00, 0x00, 0x00, 0x00, 0x00, 0x00, 0x00, 0x00, 0x00, 0x00, 0x00, 
    0x00, 0x00, 0x00, 0x00, 0x00, 0x00, 0x00, 0x00, 0x00, 0x00, 0x00, 0x00, 0x00, 0x00, 0x00, 0x00, 
    0x00, 0x00, 0x00, 0x00, 0x00, 0x00, 0x00, 0x00, 0x00, 0x00, 0x00, 0x00, 0x00, 0x00, 0x00, 0x00, 
    0x00, 0x00, 0x00, 0x00, 0x00, 0x00, 0x00, 0x00, 0x00, 0x00, 0x00, 0x00, 0x00, 0x00, 0x00, 0x00, 
    0x00, 0x00, 0x00, 0x00, 0x00, 0x00, 0x00, 0x00, 0x00, 0x00, 0x00, 0x00, 0x00, 0x00, 0x00, 0x00, 
    0x00, 0x00, 0x00, 0x00, 0x00, 0x00, 0x00, 0x00, 0x00, 0x00, 0x00, 0x00, 0x00, 0x00, 0x00, 0x00, 
    0x00, 0x00, 0x00, 0x00, 0x00, 0x00, 0x00, 0x00, 0x00, 0x00, 0x00, 0x00, 0x00, 0x00, 0x00, 0x00, 
    0x00, 0x00, 0x00, 0x00, 0x00, 0x00, 0x00, 0x00, 0x00, 0x00, 0x00, 0x00, 0x00, 0x00, 0x00, 0x00, 
    0x00, 0x00, 0x00, 0x00, 0x00, 0x00, 0x00, 0x00, 0x00, 0x00, 0x00, 0x00, 0x00, 0x00, 0x00, 0x00, 
    0x00, 0x00, 0x00, 0x00, 0x00, 0x00, 0x00, 0x00, 0x00, 0x00, 0x00, 0x00, 0x00, 0x00, 0x00, 0x00, 
    0x00, 0x00, 0x00, 0x00, 0x00, 0x00, 0x00, 0x00, 0x00, 0x00, 0x00, 0x00, 0x00, 0x00, 0x00, 0x00, 
    0x00, 0x00, 0x00, 0x00, 0x00, 0x00, 0x00, 0x00, 0x00, 0x00, 0x00, 0x00, 0x00, 0x00, 0x00, 0x00, 
    0x00, 0x00, 0x00, 0x00, 0x00, 0x00, 0x00, 0x00, 0x00, 0x00, 0x00, 0x00, 0x00, 0x00, 0x00, 0x00, 
    0x00, 0x00, 0x00, 0x00, 0x00, 0x00, 0x00, 0x00, 0x00, 0x00, 0x00, 0x00, 0x00, 0x00, 0x00, 0x00, 
    0x00, 0x00, 0x00, 0x00, 0x00, 0x00, 0x00, 0x00, 0x00, 0x00, 0x00, 0x00, 0x00, 0x00, 0x00, 0x00, 
    0x00, 0x00, 0x00, 0x00, 0x00, 0x00, 0x00, 0x00, 0x00, 0x00, 0x00, 0x00, 0x00, 0x00, 0x00, 0x00, 
    0x00, 0x00, 0x00, 0x00, 0x00, 0x00, 0x00, 0x00, 0x00, 0x00, 0x00, 0x00, 0x00, 0x00, 0x00, 0x00, 
    0x00, 0x00, 0x00, 0x00, 0x00, 0x00, 0x00, 0x00, 0x00, 0x00, 0x00, 0x00, 0x00, 0x00, 0x00, 0x00, 
    0x00, 0x00, 0x00, 0x00, 0x00, 0x00, 0x00, 0x00, 0x00, 0x00, 0x00, 0x00, 0x00, 0x00, 0x00, 0x00, 
    0x00, 0x00, 0x00, 0x00, 0x00, 0x00, 0x00, 0x00, 0x00, 0x00, 0x00, 0x00, 0x00, 0x00, 0x00, 0x00, 
    0x00, 0x00, 0x00, 0x00, 0x00, 0x00, 0x00, 0x00, 0x00, 0x00, 0x00, 0x00, 0x00, 0x00, 0x00, 0x00, 
    0x00, 0x00, 0x00, 0x00, 0x00, 0x00, 0x00, 0x00, 0x00, 0x00, 0x00, 0x00, 0x00, 0x00, 0x00, 0x00, 
    0x00, 0x00, 0x00, 0x00, 0x00, 0x00, 0x00, 0x00, 0x00, 0x00, 0x00, 0x00, 0x00, 0x00, 0x00, 0x00, 
    0x00, 0x00, 0x00, 0x00, 0x00, 0x00, 0x00, 0x00, 0x00, 0x00, 0x00, 0x00, 0x00, 0x00, 0x00, 0x00, 
    0x00, 0x00, 0x00, 0x00, 0x00, 0x00, 0x00, 0x00, 0x00, 0x00, 0x00, 0x00, 0x00, 0x00, 0x00, 0x00, 
    0x00, 0x00, 0x00, 0x00, 0x00, 0x00, 0x00, 0x00, 0x00, 0x00, 0x00, 0x00, 0x00, 0x00, 0x00, 0x00, 
    0x00, 0x00, 0x00, 0x00, 0x00, 0x00, 0x00, 0x00, 0x00, 0x00, 0x00, 0x00, 0x00, 0x00, 0x00, 0x00, 
    0x00, 0x00, 0x00, 0x00, 0x00, 0x00, 0x00, 0x00, 0x00, 0x00, 0x00, 0x00, 0x00, 0x00, 0x00, 0x00, 
    0x00, 0x00, 0x00, 0x00, 0x00, 0x00, 0x00, 0x00, 0x00, 0x00, 0x00, 0x00, 0x00, 0x00, 0x00, 0x00, 
    0x00, 0x00, 0x00, 0x00, 0x00, 0x00, 0x00, 0x00, 0x00, 0x00, 0x00, 0x00, 0x00, 0x00, 0x00, 0x00, 
    0x00, 0x00, 0x00, 0x00, 0x00, 0x00, 0x00, 0x00, 0x00, 0x00, 0x00, 0x00, 0x00, 0x00, 0x00, 0x00, 
    0x00, 0x00, 0x00, 0x00, 0x00, 0x00, 0x00, 0x00, 0x00, 0x00, 0x00, 0x00, 0x00, 0x00, 0x00, 0x00, 
    0x00, 0x00, 0x00, 0x00, 0x00, 0x00, 0x00, 0x00, 0x00, 0x00, 0x00, 0x00, 0x00, 0x00, 0x00, 0x00, 
    0x00, 0x00, 0x00, 0x00, 0x00, 0x00, 0x00, 0x00, 0x00, 0x00, 0x00, 0x00, 0x00, 0x00, 0x00, 0x00, 
    0x00, 0x00, 0x00, 0x00, 0x00, 0x00, 0x00, 0x00, 0x00, 0x00, 0x00, 0x00, 0x00, 0x00, 0x00, 0x00, 
    0x00, 0x00, 0x00, 0x00, 0x00, 0x00, 0x00, 0x00, 0x00, 0x00, 0x00, 0x00, 0x00, 0x00, 0x00, 0x00, 
    0x00, 0x00, 0x00, 0x00, 0x00, 0x00, 0x00, 0x00, 0x00, 0x00, 0x00, 0x00, 0x00, 0x00, 0x00, 0x00, 
    0x00, 0x00, 0x00, 0x00, 0x00, 0x00, 0x00, 0x00, 0x00, 0x00, 0x00, 0x00, 0x00, 0x00, 0x00, 0x00, 
    0x00, 0x00, 0x00, 0x00, 0x00, 0x00, 0x00, 0x00, 0x00, 0x00, 0x00, 0x00, 0x00, 0x00, 0x00, 0x00, 
    0x00, 0x00, 0x00, 0x00, 0x00, 0x00, 0x00, 0x00, 0x00, 0x00, 0x00, 0x00, 0x00, 0x00, 0x00, 0x00, 
    0x00, 0x00, 0x00, 0x00, 0x00, 0x00, 0x00, 0x00, 0x00, 0x00, 0x00, 0x00, 0x00, 0x00, 0x00, 0x00, 
    0x00, 0x00, 0x00, 0x00, 0x00, 0x00, 0x00, 0x00, 0x00, 0x00, 0x00, 0x00, 0x00, 0x00, 0x00, 0x00, 
    0x00, 0x00, 0x00, 0x00, 0x00, 0x00, 0x00, 0x00, 0x00, 0x00, 0x00, 0x00, 0x00, 0x00, 0x00, 0x00, 
    0x00, 0x00, 0x00, 0x00, 0x00, 0x00, 0x00, 0x00, 0x00, 0x00, 0x00, 0x00, 0x00, 0x00, 0x00, 0x00, 
    0x00, 0x00, 0x00, 0x00, 0x00, 0x00, 0x00, 0x00, 0x00, 0x00, 0x00, 0x00, 0x00, 0x00, 0x00, 0x00, 
    0x00, 0x00, 0x00, 0x00, 0x00, 0x00, 0x00, 0x00, 0x00, 0x00, 0x00, 0x00, 0x00, 0x00, 0x00, 0x00, 
    0x00, 0x00, 0x00, 0x00, 0x00, 0x00, 0x00, 0x00, 0x00, 0x00, 0x00, 0x00, 0x00, 0x00, 0x00, 0x00, 
    0x00, 0x00, 0x00, 0x00, 0x00, 0x00, 0x00, 0x00, 0x00, 0x00, 0x00, 0x00, 0x00, 0x00, 0x00, 0x00, 
    0x00, 0x00, 0x00, 0x00, 0x00, 0x00, 0x00, 0x00, 0x00, 0x00, 0x00, 0x00, 0x00, 0x00, 0x00, 0x00, 
    0x00, 0x00, 0x00, 0x00, 0x00, 0x00, 0x00, 0x00, 0x00, 0x00, 0x00, 0x00, 0x00, 0x00, 0x00, 0x00, 
    0x00, 0x00, 0x00, 0x00, 0x00, 0x00, 0x00, 0x00, 0x00, 0x00, 0x00, 0x00, 0x00, 0x00, 0x00, 0x00, 
    0x00, 0x00, 0x00, 0x00, 0x00, 0x00, 0x00, 0x00, 0x00, 0x00, 0x00, 0x00, 0x00, 0x00, 0x00, 0x00, 
    0x00, 0x00, 0x00, 0x00, 0x00, 0x00, 0x00, 0x00, 0x00, 0x00, 0x00, 0x00, 0x00, 0x00, 0x00, 0x00, 
    0x00, 0x00, 0x00, 0x00, 0x00, 0x00, 0x00, 0x00, 0x00, 0x00, 0x00, 0x00, 0x00, 0x00, 0x00, 0x00, 
    0x00, 0x00, 0x00, 0x00, 0x00, 0x00, 0x00, 0x00, 0x00, 0x00, 0x00, 0x00, 0x00, 0x00, 0x00, 0x00, 
    0x00, 0x00, 0x00, 0x00, 0x00, 0x00, 0x00, 0x00, 0x00, 0x00, 0x00, 0x00, 0x00, 0x00, 0x00, 0x00, 
    0x00, 0x00, 0x00, 0x00, 0x00, 0x00, 0x00, 0x00, 0x00, 0x00, 0x00, 0x00, 0x00, 0x00, 0x00, 0x00, 
    0x00, 0x00, 0x00, 0x00, 0x00, 0x00, 0x00, 0x00, 0x00, 0x00, 0x00, 0x00, 0x00, 0x00, 0x00, 0x00, 
    0x00, 0x00, 0x00, 0x00, 0x00, 0x00, 0x00, 0x00, 0x00, 0x00, 0x00, 0x00, 0x00, 0x00, 0x00, 0x00, 
    0x00, 0x00, 0x00, 0x00, 0x00, 0x00, 0x00, 0x00, 0x00, 0x00, 0x00, 0x00, 0x00, 0x00, 0x00, 0x00, 
    0x00, 0x00, 0x00, 0x00, 0x00, 0x00, 0x00, 0x00, 0x00, 0x00, 0x00, 0x00, 0x00, 0x00, 0x00, 0x00, 
    0x00, 0x00, 0x00, 0x00, 0x00, 0x00, 0x00, 0x00, 0x00, 0x00, 0x00, 0x00, 0x00, 0x00, 0x00, 0x00, 
    0x00, 0x00, 0x00, 0x00, 0x00, 0x00, 0x00, 0x00, 0x00, 0x00, 0x00, 0x00, 0x00, 0x00, 0x00, 0x00, 
    0x00, 0x00, 0x00, 0x00, 0x00, 0x00, 0x00, 0x00, 0x00, 0x00, 0x00, 0x00, 0x00, 0x00, 0x00, 0x00, 
    0x00, 0x00, 0x00, 0x00, 0x00, 0x00, 0x00, 0x00, 0x00, 0x00, 0x00, 0x00, 0x00, 0x00, 0x00, 0x00, 
    0x00, 0x00, 0x00, 0x00, 0x00, 0x00, 0x00, 0x00, 0x00, 0x00, 0x00, 0x00, 0x00, 0x00, 0x00, 0x00, 
    0x00, 0x00, 0x00, 0x00, 0x00, 0x00, 0x00, 0x00, 0x00, 0x00, 0x00, 0x00, 0x00, 0x00, 0x00, 0x00, 
    0x00, 0x00, 0x00, 0x00, 0x00, 0x00, 0x00, 0x00, 0x00, 0x00, 0x00, 0x00, 0x00, 0x00, 0x00, 0x00, 
    0x00, 0x00, 0x00, 0x00, 0x00, 0x00, 0x00, 0x00, 0x00, 0x00, 0x00, 0x00, 0x00, 0x00, 0x00, 0x00, 
    0x00, 0x00, 0x00, 0x00, 0x00, 0x00, 0x00, 0x00, 0x00, 0x00, 0x00, 0x00, 0x00, 0x00, 0x00, 0x00, 
    0x00, 0x00, 0x00, 0x00, 0x00, 0x00, 0x00, 0x00, 0x00, 0x00, 0x00, 0x00, 0x00, 0x00, 0x00, 0x00, 
    0x00, 0x00, 0x00, 0x00, 0x00, 0x00, 0x00, 0x00, 0x00, 0x00, 0x00, 0x00, 0x00, 0x00, 0x00, 0x00, 
    0x00, 0x00, 0x00, 0x00, 0x00, 0x00, 0x00, 0x00, 0x00, 0x00, 0x00, 0x00, 0x00, 0x00, 0x00, 0x00, 
    0x00, 0x00, 0x00, 0x00, 0x00, 0x00, 0x00, 0x00, 0x00, 0x00, 0x00, 0x00, 0x00, 0x00, 0x00, 0x00, 
    0x00, 0x00, 0x00, 0x00, 0x00, 0x00, 0x00, 0x00, 0x00, 0x00, 0x00, 0x00, 0x00, 0x00, 0x00, 0x00, 
    0x00, 0x00, 0x00, 0x00, 0x00, 0x00, 0x00, 0x00, 0x00, 0x00, 0x00, 0x00, 0x00, 0x00, 0x00, 0x00, 
    0x00, 0x00, 0x00, 0x00, 0x00, 0x00, 0x00, 0x00, 0x00, 0x00, 0x00, 0x00, 0x00, 0x00, 0x00, 0x00, 
    0x00, 0x00, 0x00, 0x00, 0x00, 0x00, 0x00, 0x00, 0x00, 0x00, 0x00, 0x00, 0x00, 0x00, 0x00, 0x00, 
    0x00, 0x00, 0x00, 0x00, 0x00, 0x00, 0x00, 0x00, 0x00, 0x00, 0x00, 0x00, 0x00, 0x00, 0x00, 0x00, 
    0x00, 0x00, 0x00, 0x00, 0x00, 0x00, 0x00, 0x00, 0x00, 0x00, 0x00, 0x00, 0x00, 0x00, 0x00, 0x00, 
    0x00, 0x00, 0x00, 0x00, 0x00, 0x00, 0x00, 0x00, 0x00, 0x00, 0x00, 0x00, 0x00, 0x00, 0x00, 0x00, 
    0x00, 0x00, 0x00, 0x00, 0x00, 0x00, 0x00, 0x00, 0x00, 0x00, 0x00, 0x00, 0x00, 0x00, 0x00, 0x00, 
    0x00, 0x00, 0x00, 0x00, 0x00, 0x00, 0x00, 0x00, 0x00, 0x00, 0x00, 0x00, 0x00, 0x00, 0x00, 0x00, 
    0x00, 0x00, 0x00, 0x00, 0x00, 0x00, 0x00, 0x00, 0x00, 0x00, 0x00, 0x00, 0x00, 0x00, 0x00, 0x00, 
    0x00, 0x00, 0x00, 0x00, 0x00, 0x00, 0x00, 0x00, 0x00, 0x00, 0x00, 0x00, 0x00, 0x00, 0x00, 0x00, 
    0x00, 0x00, 0x00, 0x00, 0x00, 0x00, 0x00, 0x00, 0x00, 0x00, 0x00, 0x00, 0x00, 0x00, 0x00, 0x00, 
    0x00, 0x00, 0x00, 0x00, 0x00, 0x00, 0x00, 0x00, 0x00, 0x00, 0x00, 0x00, 0x00, 0x00, 0x00, 0x00, 
    0x00, 0x00, 0x00, 0x00, 0x00, 0x00, 0x00, 0x00, 0x00, 0x00, 0x00, 0x00, 0x00, 0x00, 0x00, 0x00, 
    0x00, 0x00, 0x00, 0x00, 0x00, 0x00, 0x00, 0x00, 0x00, 0x00, 0x00, 0x00, 0x00, 0x00, 0x00, 0x00, 
    0x00, 0x00, 0x00, 0x00, 0x00, 0x00, 0x00, 0x00, 0x00, 0x00, 0x00, 0x00, 0x00, 0x00, 0x00, 0x00, 
    0x00, 0x00, 0x00, 0x00, 0x00, 0x00, 0x00, 0x00, 0x00, 0x00, 0x00, 0x00, 0x00, 0x00, 0x00, 0x00, 
    0x00, 0x00, 0x00, 0x00, 0x00, 0x00, 0x00, 0x00, 0x00, 0x00, 0x00, 0x00, 0x00, 0x00, 0x00, 0x00, 
    0x00, 0x00, 0x00, 0x00, 0x00, 0x00, 0x00, 0x00, 0x00, 0x00, 0x00, 0x00, 0x00, 0x00, 0x00, 0x00, 
    0x00, 0x00, 0x00, 0x00, 0x00, 0x00, 0x00, 0x00, 0x00, 0x00, 0x00, 0x00, 0x00, 0x00, 0x00, 0x00, 
    0x00, 0x00, 0x00, 0x00, 0x00, 0x00, 0x00, 0x00, 0x00, 0x00, 0x00, 0x00, 0x00, 0x00, 0x00, 0x00, 
    0x00, 0x00, 0x00, 0x00, 0x00, 0x00, 0x00, 0x00, 0x00, 0x00, 0x00, 0x00, 0x00, 0x00, 0x00, 0x00, 
    0x00, 0x00, 0x00, 0x00, 0x00, 0x00, 0x00, 0x00, 0x00, 0x00, 0x00, 0x00, 0x00, 0x00, 0x00, 0x00, 
    0x00, 0x00, 0x00, 0x00, 0x00, 0x00, 0x00, 0x00, 0x00, 0x00, 0x00, 0x00, 0x00, 0x00, 0x00, 0x00, 
    0x00, 0x00, 0x00, 0x00, 0x00, 0x00, 0x00, 0x00, 0x00, 0x00, 0x00, 0x00, 0x00, 0x00, 0x00, 0x00, 
    0x00, 0x00, 0x00, 0x00, 0x00, 0x00, 0x00, 0x00, 0x00, 0x00, 0x00, 0x00, 0x00, 0x00, 0x00, 0x00, 
    0x00, 0x00, 0x00, 0x00, 0x00, 0x00, 0x00, 0x00, 0x00, 0x00, 0x00, 0x00, 0x00, 0x00, 0x00, 0x00, 
    0x00, 0x00, 0x00, 0x00, 0x00, 0x00, 0x00, 0x00, 0x00, 0x00, 0x00, 0x00, 0x00, 0x00, 0x00, 0x00, 
    0x00, 0x00, 0x00, 0x00, 0x00, 0x00, 0x00, 0x00, 0x00, 0x00, 0x00, 0x00, 0x00, 0x00, 0x00, 0x00, 
    0x00, 0x00, 0x00, 0x00, 0x00, 0x00, 0x00, 0x00, 0x00, 0x00, 0x00, 0x00, 0x00, 0x00, 0x00, 0x00, 
    0x00, 0x00, 0x00, 0x00, 0x00, 0x00, 0x00, 0x00, 0x00, 0x00, 0x00, 0x00, 0x00, 0x00, 0x00, 0x00, 
    0x00, 0x00, 0x00, 0x00, 0x00, 0x00, 0x00, 0x00, 0x00, 0x00, 0x00, 0x00, 0x00, 0x00, 0x00, 0x00, 
    0x00, 0x00, 0x00, 0x00, 0x00, 0x00, 0x00, 0x00, 0x00, 0x00, 0x00, 0x00, 0x00, 0x00, 0x00, 0x00, 
    0x00, 0x00, 0x00, 0x00, 0x00, 0x00, 0x00, 0x00, 0x00, 0x00, 0x00, 0x00, 0x00, 0x00, 0x00, 0x00, 
    0x00, 0x00, 0x00, 0x00, 0x00, 0x00, 0x00, 0x00, 0x00, 0x00, 0x00, 0x00, 0x00, 0x00, 0x00, 0x00, 
    0x00, 0x00, 0x00, 0x00, 0x00, 0x00, 0x00, 0x00, 0x00, 0x00, 0x00, 0x00, 0x00, 0x00, 0x00, 0x00, 
    0x00, 0x00, 0x00, 0x00, 0x00, 0x00, 0x00, 0x00, 0x00, 0x00, 0x00, 0x00, 0x00, 0x00, 0x00, 0x00, 
    0x00, 0x00, 0x00, 0x00, 0x00, 0x00, 0x00, 0x00, 0x00, 0x00, 0x00, 0x00, 0x00, 0x00, 0x00, 0x00, 
    0x00, 0x00, 0x00, 0x00, 0x00, 0x00, 0x00, 0x00, 0x00, 0x00, 0x00, 0x00, 0x00, 0x00, 0x00, 0x00, 
    0x00, 0x00, 0x00, 0x00, 0x00, 0x00, 0x00, 0x00, 0x00, 0x00, 0x00, 0x00, 0x00, 0x00, 0x00, 0x00, 
    0x00, 0x00, 0x00, 0x00, 0x00, 0x00, 0x00, 0x00, 0x00, 0x00, 0x00, 0x00, 0x00, 0x00, 0x00, 0x00 
};






static const uint8_t CTX_BLOB_PRE_TEMPLATE[25908] = {
    0x04, 0x00, 0x00, 0x00, 0x00, 0x00, 0x00, 0x00, 0x00, 0x00, 0x00, 0x00, 0x00, 0x00, 0x00, 0x00, 
    0x04, 0x00, 0x00, 0x00, 0x00, 0x00, 0x00, 0x00, 0xd8, 0x00, 0x00, 0x00, 0x00, 0x00, 0x00, 0x00, 
    0x10, 0x00, 0x00, 0x00, 0x00, 0x00, 0x0a, 0x00, 0x18, 0x00, 0x08, 0x00, 0x10, 0x00, 0x04, 0x00, 
    0x0a, 0x00, 0x00, 0x00, 0x14, 0x00, 0x00, 0x00, 0x00, 0x10, 0x00, 0x00, 0x00, 0x00, 0x00, 0x00, 
    0x08, 0xa3, 0x00, 0x00, 0x00, 0x00, 0x00, 0x00, 0x02, 0x00, 0x00, 0x00, 0x60, 0x00, 0x00, 0x00, 
    0x14, 0x00, 0x00, 0x00, 0x00, 0x00, 0x0e, 0x00, 0x28, 0x00, 0x04, 0x00, 0x0c, 0x00, 0x14, 0x00, 
    0x08, 0x00, 0x1c, 0x00, 0x0e, 0x00, 0x00, 0x00, 0x2c, 0x00, 0x00, 0x00, 0x20, 0x00, 0x00, 0x00, 
    0x08, 0x03, 0x00, 0x00, 0x00, 0x00, 0x00, 0x00, 0x00, 0x10, 0x00, 0x00, 0x00, 0x00, 0x00, 0x00, 
    0x00, 0xa0, 0x00, 0x00, 0x00, 0x00, 0x00, 0x00, 0x00, 0x00, 0x00, 0x00, 0x00, 0x00, 0x00, 0x00, 
    0x00, 0x00, 0x00, 0x00, 0x04, 0x00, 0x00, 0x00, 0x52, 0x4f, 0x4f, 0x54, 0x00, 0x00, 0x0e, 0x00, 
    0x24, 0x00, 0x04, 0x00, 0x0c, 0x00, 0x14, 0x00, 0x08, 0x00, 0x1c, 0x00, 0x0e, 0x00, 0x00, 0x00, 
    0x28, 0x00, 0x00, 0x00, 0x1c, 0x00, 0x00, 0x00, 0x00, 0x90, 0x00, 0x00, 0x00, 0x00, 0x00, 0x00, 
    0x00, 0x10, 0x00, 0x00, 0x00, 0x00, 0x00, 0x00, 0x00, 0x10, 0x00, 0x00, 0x00, 0x00, 0x00, 0x00, 
    0x00, 0x00, 0x00, 0x00, 0x00, 0x00, 0x00, 0x00, 0x18, 0x00, 0x00, 0x00, 0x50, 0x49, 0x43, 0x4b, 
    0x4c, 0x45, 0x2f, 0x32, 0x35, 0x36, 0x2f, 0x73, 0x69, 0x6d, 0x70, 0x6c, 0x65, 0x5f, 0x6c, 0x69, 
    0x6e, 0x65, 0x61, 0x72, 0x00, 0x00, 0x00, 0x00, 0x00, 0x00, 0x00, 0x00, 0x00, 0x00, 0x00, 0x00, 
    0x00, 0x00, 0x00, 0x00, 0x00, 0x00, 0x00, 0x00, 0x00, 0x00, 0x00, 0x00, 0x00, 0x00, 0x00, 0x00, 
    0x00, 0x00, 0x00, 0x00, 0x00, 0x00, 0x00, 0x00, 0x00, 0x00, 0x00, 0x00, 0x00, 0x00, 0x00, 0x00, 
    0x00, 0x00, 0x00, 0x00, 0x00, 0x00, 0x00, 0x00, 0x00, 0x00, 0x00, 0x00, 0x00, 0x00, 0x00, 0x00, 
    0x00, 0x00, 0x00, 0x00, 0x00, 0x00, 0x00, 0x00, 0x00, 0x00, 0x00, 0x00, 0x00, 0x00, 0x00, 0x00, 
    0x00, 0x00, 0x00, 0x00, 0x00, 0x00, 0x00, 0x00, 0x00, 0x00, 0x00, 0x00, 0x00, 0x00, 0x00, 0x00, 
    0x00, 0x00, 0x00, 0x00, 0x00, 0x00, 0x00, 0x00, 0x00, 0x00, 0x00, 0x00, 0x00, 0x00, 0x00, 0x00, 
    0x00, 0x00, 0x00, 0x00, 0x00, 0x00, 0x00, 0x00, 0x00, 0x00, 0x00, 0x00, 0x00, 0x00, 0x00, 0x00, 
    0x00, 0x00, 0x00, 0x00, 0x00, 0x00, 0x00, 0x00, 0x00, 0x00, 0x00, 0x00, 0x00, 0x00, 0x00, 0x00, 
    0x00, 0x00, 0x00, 0x00, 0x00, 0x00, 0x00, 0x00, 0x00, 0x00, 0x00, 0x00, 0x00, 0x00, 0x00, 0x00, 
    0x00, 0x00, 0x00, 0x00, 0x00, 0x00, 0x00, 0x00, 0x00, 0x00, 0x00, 0x00, 0x00, 0x00, 0x00, 0x00, 
    0x00, 0x00, 0x00, 0x00, 0x00, 0x00, 0x00, 0x00, 0x00, 0x00, 0x00, 0x00, 0x00, 0x00, 0x00, 0x00, 
    0x00, 0x00, 0x00, 0x00, 0x00, 0x00, 0x00, 0x00, 0x00, 0x00, 0x00, 0x00, 0x00, 0x00, 0x00, 0x00, 
    0x00, 0x00, 0x00, 0x00, 0x00, 0x00, 0x00, 0x00, 0x00, 0x00, 0x00, 0x00, 0x00, 0x00, 0x00, 0x00, 
    0x00, 0x00, 0x00, 0x00, 0x00, 0x00, 0x00, 0x00, 0x00, 0x00, 0x00, 0x00, 0x00, 0x00, 0x00, 0x00, 
    0x00, 0x00, 0x00, 0x00, 0x00, 0x00, 0x00, 0x00, 0x00, 0x00, 0x00, 0x00, 0x00, 0x00, 0x00, 0x00, 
    0x00, 0x00, 0x00, 0x00, 0x00, 0x00, 0x00, 0x00, 0x00, 0x00, 0x00, 0x00, 0x00, 0x00, 0x00, 0x00, 
    0x00, 0x00, 0x00, 0x00, 0x00, 0x00, 0x00, 0x00, 0x00, 0x00, 0x00, 0x00, 0x00, 0x00, 0x00, 0x00, 
    0x00, 0x00, 0x00, 0x00, 0x00, 0x00, 0x00, 0x00, 0x00, 0x00, 0x00, 0x00, 0x00, 0x00, 0x00, 0x00, 
    0x00, 0x00, 0x00, 0x00, 0x00, 0x00, 0x00, 0x00, 0x00, 0x00, 0x00, 0x00, 0x00, 0x00, 0x00, 0x00, 
    0x00, 0x00, 0x00, 0x00, 0x00, 0x00, 0x00, 0x00, 0x00, 0x00, 0x00, 0x00, 0x00, 0x00, 0x00, 0x00, 
    0x00, 0x00, 0x00, 0x00, 0x00, 0x00, 0x00, 0x00, 0x00, 0x00, 0x00, 0x00, 0x00, 0x00, 0x00, 0x00, 
    0x00, 0x00, 0x00, 0x00, 0x00, 0x00, 0x00, 0x00, 0x00, 0x00, 0x00, 0x00, 0x00, 0x00, 0x00, 0x00, 
    0x00, 0x00, 0x00, 0x00, 0x00, 0x00, 0x00, 0x00, 0x00, 0x00, 0x00, 0x00, 0x00, 0x00, 0x00, 0x00, 
    0x00, 0x00, 0x00, 0x00, 0x00, 0x00, 0x00, 0x00, 0x00, 0x00, 0x00, 0x00, 0x00, 0x00, 0x00, 0x00, 
    0x00, 0x00, 0x00, 0x00, 0x00, 0x00, 0x00, 0x00, 0x00, 0x00, 0x00, 0x00, 0x00, 0x00, 0x00, 0x00, 
    0x00, 0x00, 0x00, 0x00, 0x00, 0x00, 0x00, 0x00, 0x00, 0x00, 0x00, 0x00, 0x00, 0x00, 0x00, 0x00, 
    0x00, 0x00, 0x00, 0x00, 0x00, 0x00, 0x00, 0x00, 0x00, 0x00, 0x00, 0x00, 0x00, 0x00, 0x00, 0x00, 
    0x00, 0x00, 0x00, 0x00, 0x00, 0x00, 0x00, 0x00, 0x00, 0x00, 0x00, 0x00, 0x00, 0x00, 0x00, 0x00, 
    0x00, 0x00, 0x00, 0x00, 0x00, 0x00, 0x00, 0x00, 0x00, 0x00, 0x00, 0x00, 0x00, 0x00, 0x00, 0x00, 
    0x00, 0x00, 0x00, 0x00, 0x00, 0x00, 0x00, 0x00, 0x00, 0x00, 0x00, 0x00, 0x00, 0x00, 0x00, 0x00, 
    0x00, 0x00, 0x00, 0x00, 0x00, 0x00, 0x00, 0x00, 0x00, 0x00, 0x00, 0x00, 0x00, 0x00, 0x00, 0x00, 
    0x00, 0x00, 0x00, 0x00, 0x00, 0x00, 0x00, 0x00, 0x00, 0x00, 0x00, 0x00, 0x00, 0x00, 0x00, 0x00, 
    0x00, 0x00, 0x00, 0x00, 0x00, 0x00, 0x00, 0x00, 0x00, 0x00, 0x00, 0x00, 0x00, 0x00, 0x00, 0x00, 
    0x00, 0x00, 0x00, 0x00, 0x00, 0x00, 0x00, 0x00, 0x00, 0x00, 0x00, 0x00, 0x00, 0x00, 0x00, 0x00, 
    0x00, 0x00, 0x00, 0x00, 0x00, 0x00, 0x00, 0x00, 0x00, 0x00, 0x00, 0x00, 0x00, 0x00, 0x00, 0x00, 
    0x00, 0x00, 0x00, 0x00, 0x00, 0x00, 0x00, 0x00, 0x00, 0x00, 0x00, 0x00, 0x00, 0x00, 0x00, 0x00, 
    0x00, 0x00, 0x00, 0x00, 0x00, 0x00, 0x00, 0x00, 0x00, 0x00, 0x00, 0x00, 0x00, 0x00, 0x00, 0x00, 
    0x00, 0x00, 0x00, 0x00, 0x00, 0x00, 0x00, 0x00, 0x00, 0x00, 0x00, 0x00, 0x00, 0x00, 0x00, 0x00, 
    0x00, 0x00, 0x00, 0x00, 0x00, 0x00, 0x00, 0x00, 0x00, 0x00, 0x00, 0x00, 0x00, 0x00, 0x00, 0x00, 
    0x00, 0x00, 0x00, 0x00, 0x00, 0x00, 0x00, 0x00, 0x00, 0x00, 0x00, 0x00, 0x00, 0x00, 0x00, 0x00, 
    0x00, 0x00, 0x00, 0x00, 0x00, 0x00, 0x00, 0x00, 0x00, 0x00, 0x00, 0x00, 0x00, 0x00, 0x00, 0x00, 
    0x00, 0x00, 0x00, 0x00, 0x00, 0x00, 0x00, 0x00, 0x00, 0x00, 0x00, 0x00, 0x00, 0x00, 0x00, 0x00, 
    0x00, 0x00, 0x00, 0x00, 0x00, 0x00, 0x00, 0x00, 0x00, 0x00, 0x00, 0x00, 0x00, 0x00, 0x00, 0x00, 
    0x00, 0x00, 0x00, 0x00, 0x00, 0x00, 0x00, 0x00, 0x00, 0x00, 0x00, 0x00, 0x00, 0x00, 0x00, 0x00, 
    0x00, 0x00, 0x00, 0x00, 0x00, 0x00, 0x00, 0x00, 0x00, 0x00, 0x00, 0x00, 0x00, 0x00, 0x00, 0x00, 
    0x00, 0x00, 0x00, 0x00, 0x00, 0x00, 0x00, 0x00, 0x00, 0x00, 0x00, 0x00, 0x00, 0x00, 0x00, 0x00, 
    0x00, 0x00, 0x00, 0x00, 0x00, 0x00, 0x00, 0x00, 0x00, 0x00, 0x00, 0x00, 0x00, 0x00, 0x00, 0x00, 
    0x00, 0x00, 0x00, 0x00, 0x00, 0x00, 0x00, 0x00, 0x00, 0x00, 0x00, 0x00, 0x00, 0x00, 0x00, 0x00, 
    0x00, 0x00, 0x00, 0x00, 0x00, 0x00, 0x00, 0x00, 0x00, 0x00, 0x00, 0x00, 0x00, 0x00, 0x00, 0x00, 
    0x00, 0x00, 0x00, 0x00, 0x00, 0x00, 0x00, 0x00, 0x00, 0x00, 0x00, 0x00, 0x00, 0x00, 0x00, 0x00, 
    0x00, 0x00, 0x00, 0x00, 0x00, 0x00, 0x00, 0x00, 0x00, 0x00, 0x00, 0x00, 0x00, 0x00, 0x00, 0x00, 
    0x00, 0x00, 0x00, 0x00, 0x00, 0x00, 0x00, 0x00, 0x00, 0x00, 0x00, 0x00, 0x00, 0x00, 0x00, 0x00, 
    0x00, 0x00, 0x00, 0x00, 0x00, 0x00, 0x00, 0x00, 0x00, 0x00, 0x00, 0x00, 0x00, 0x00, 0x00, 0x00, 
    0x00, 0x00, 0x00, 0x00, 0x00, 0x00, 0x00, 0x00, 0x00, 0x00, 0x00, 0x00, 0x00, 0x00, 0x00, 0x00, 
    0x00, 0x00, 0x00, 0x00, 0x00, 0x00, 0x00, 0x00, 0x00, 0x00, 0x00, 0x00, 0x00, 0x00, 0x00, 0x00, 
    0x00, 0x00, 0x00, 0x00, 0x00, 0x00, 0x00, 0x00, 0x00, 0x00, 0x00, 0x00, 0x00, 0x00, 0x00, 0x00, 
    0x00, 0x00, 0x00, 0x00, 0x00, 0x00, 0x00, 0x00, 0x00, 0x00, 0x00, 0x00, 0x00, 0x00, 0x00, 0x00, 
    0x00, 0x00, 0x00, 0x00, 0x00, 0x00, 0x00, 0x00, 0x00, 0x00, 0x00, 0x00, 0x00, 0x00, 0x00, 0x00, 
    0x00, 0x00, 0x00, 0x00, 0x00, 0x00, 0x00, 0x00, 0x00, 0x00, 0x00, 0x00, 0x00, 0x00, 0x00, 0x00, 
    0x00, 0x00, 0x00, 0x00, 0x00, 0x00, 0x00, 0x00, 0x00, 0x00, 0x00, 0x00, 0x00, 0x00, 0x00, 0x00, 
    0x00, 0x00, 0x00, 0x00, 0x00, 0x00, 0x00, 0x00, 0x00, 0x00, 0x00, 0x00, 0x00, 0x00, 0x00, 0x00, 
    0x00, 0x00, 0x00, 0x00, 0x00, 0x00, 0x00, 0x00, 0x00, 0x00, 0x00, 0x00, 0x00, 0x00, 0x00, 0x00, 
    0x00, 0x00, 0x00, 0x00, 0x00, 0x00, 0x00, 0x00, 0x00, 0x00, 0x00, 0x00, 0x00, 0x00, 0x00, 0x00, 
    0x00, 0x00, 0x00, 0x00, 0x00, 0x00, 0x00, 0x00, 0x00, 0x00, 0x00, 0x00, 0x00, 0x00, 0x00, 0x00, 
    0x00, 0x00, 0x00, 0x00, 0x00, 0x00, 0x00, 0x00, 0x00, 0x00, 0x00, 0x00, 0x00, 0x00, 0x00, 0x00, 
    0x00, 0x00, 0x00, 0x00, 0x00, 0x00, 0x00, 0x00, 0x00, 0x00, 0x00, 0x00, 0x00, 0x00, 0x00, 0x00, 
    0x00, 0x00, 0x00, 0x00, 0x00, 0x00, 0x00, 0x00, 0x00, 0x00, 0x00, 0x00, 0x00, 0x00, 0x00, 0x00, 
    0x00, 0x00, 0x00, 0x00, 0x00, 0x00, 0x00, 0x00, 0x00, 0x00, 0x00, 0x00, 0x00, 0x00, 0x00, 0x00, 
    0x00, 0x00, 0x00, 0x00, 0x00, 0x00, 0x00, 0x00, 0x00, 0x00, 0x00, 0x00, 0x00, 0x00, 0x00, 0x00, 
    0x00, 0x00, 0x00, 0x00, 0x00, 0x00, 0x00, 0x00, 0x00, 0x00, 0x00, 0x00, 0x00, 0x00, 0x00, 0x00, 
    0x00, 0x00, 0x00, 0x00, 0x00, 0x00, 0x00, 0x00, 0x00, 0x00, 0x00, 0x00, 0x00, 0x00, 0x00, 0x00, 
    0x00, 0x00, 0x00, 0x00, 0x00, 0x00, 0x00, 0x00, 0x00, 0x00, 0x00, 0x00, 0x00, 0x00, 0x00, 0x00, 
    0x00, 0x00, 0x00, 0x00, 0x00, 0x00, 0x00, 0x00, 0x00, 0x00, 0x00, 0x00, 0x00, 0x00, 0x00, 0x00, 
    0x00, 0x00, 0x00, 0x00, 0x00, 0x00, 0x00, 0x00, 0x00, 0x00, 0x00, 0x00, 0x00, 0x00, 0x00, 0x00, 
    0x00, 0x00, 0x00, 0x00, 0x00, 0x00, 0x00, 0x00, 0x00, 0x00, 0x00, 0x00, 0x00, 0x00, 0x00, 0x00, 
    0x00, 0x00, 0x00, 0x00, 0x00, 0x00, 0x00, 0x00, 0x00, 0x00, 0x00, 0x00, 0x00, 0x00, 0x00, 0x00, 
    0x00, 0x00, 0x00, 0x00, 0x00, 0x00, 0x00, 0x00, 0x00, 0x00, 0x00, 0x00, 0x00, 0x00, 0x00, 0x00, 
    0x00, 0x00, 0x00, 0x00, 0x00, 0x00, 0x00, 0x00, 0x00, 0x00, 0x00, 0x00, 0x00, 0x00, 0x00, 0x00, 
    0x00, 0x00, 0x00, 0x00, 0x00, 0x00, 0x00, 0x00, 0x00, 0x00, 0x00, 0x00, 0x00, 0x00, 0x00, 0x00, 
    0x00, 0x00, 0x00, 0x00, 0x00, 0x00, 0x00, 0x00, 0x00, 0x00, 0x00, 0x00, 0x00, 0x00, 0x00, 0x00, 
    0x00, 0x00, 0x00, 0x00, 0x00, 0x00, 0x00, 0x00, 0x00, 0x00, 0x00, 0x00, 0x00, 0x00, 0x00, 0x00, 
    0x00, 0x00, 0x00, 0x00, 0x00, 0x00, 0x00, 0x00, 0x00, 0x00, 0x00, 0x00, 0x00, 0x00, 0x00, 0x00, 
    0x00, 0x00, 0x00, 0x00, 0x00, 0x00, 0x00, 0x00, 0x00, 0x00, 0x00, 0x00, 0x00, 0x00, 0x00, 0x00, 
    0x00, 0x00, 0x00, 0x00, 0x00, 0x00, 0x00, 0x00, 0x00, 0x00, 0x00, 0x00, 0x00, 0x00, 0x00, 0x00, 
    0x00, 0x00, 0x00, 0x00, 0x00, 0x00, 0x00, 0x00, 0x00, 0x00, 0x00, 0x00, 0x00, 0x00, 0x00, 0x00, 
    0x00, 0x00, 0x00, 0x00, 0x00, 0x00, 0x00, 0x00, 0x00, 0x00, 0x00, 0x00, 0x00, 0x00, 0x00, 0x00, 
    0x00, 0x00, 0x00, 0x00, 0x00, 0x00, 0x00, 0x00, 0x00, 0x00, 0x00, 0x00, 0x00, 0x00, 0x00, 0x00, 
    0x00, 0x00, 0x00, 0x00, 0x00, 0x00, 0x00, 0x00, 0x00, 0x00, 0x00, 0x00, 0x00, 0x00, 0x00, 0x00, 
    0x00, 0x00, 0x00, 0x00, 0x00, 0x00, 0x00, 0x00, 0x00, 0x00, 0x00, 0x00, 0x00, 0x00, 0x00, 0x00, 
    0x00, 0x00, 0x00, 0x00, 0x00, 0x00, 0x00, 0x00, 0x00, 0x00, 0x00, 0x00, 0x00, 0x00, 0x00, 0x00, 
    0x00, 0x00, 0x00, 0x00, 0x00, 0x00, 0x00, 0x00, 0x00, 0x00, 0x00, 0x00, 0x00, 0x00, 0x00, 0x00, 
    0x00, 0x00, 0x00, 0x00, 0x00, 0x00, 0x00, 0x00, 0x00, 0x00, 0x00, 0x00, 0x00, 0x00, 0x00, 0x00, 
    0x00, 0x00, 0x00, 0x00, 0x00, 0x00, 0x00, 0x00, 0x00, 0x00, 0x00, 0x00, 0x00, 0x00, 0x00, 0x00, 
    0x00, 0x00, 0x00, 0x00, 0x00, 0x00, 0x00, 0x00, 0x00, 0x00, 0x00, 0x00, 0x00, 0x00, 0x00, 0x00, 
    0x00, 0x00, 0x00, 0x00, 0x00, 0x00, 0x00, 0x00, 0x00, 0x00, 0x00, 0x00, 0x00, 0x00, 0x00, 0x00, 
    0x00, 0x00, 0x00, 0x00, 0x00, 0x00, 0x00, 0x00, 0x00, 0x00, 0x00, 0x00, 0x00, 0x00, 0x00, 0x00, 
    0x00, 0x00, 0x00, 0x00, 0x00, 0x00, 0x00, 0x00, 0x00, 0x00, 0x00, 0x00, 0x00, 0x00, 0x00, 0x00, 
    0x00, 0x00, 0x00, 0x00, 0x00, 0x00, 0x00, 0x00, 0x00, 0x00, 0x00, 0x00, 0x00, 0x00, 0x00, 0x00, 
    0x00, 0x00, 0x00, 0x00, 0x00, 0x00, 0x00, 0x00, 0x00, 0x00, 0x00, 0x00, 0x00, 0x00, 0x00, 0x00, 
    0x00, 0x00, 0x00, 0x00, 0x00, 0x00, 0x00, 0x00, 0x00, 0x00, 0x00, 0x00, 0x00, 0x00, 0x00, 0x00, 
    0x00, 0x00, 0x00, 0x00, 0x00, 0x00, 0x00, 0x00, 0x00, 0x00, 0x00, 0x00, 0x00, 0x00, 0x00, 0x00, 
    0x00, 0x00, 0x00, 0x00, 0x00, 0x00, 0x00, 0x00, 0x00, 0x00, 0x00, 0x00, 0x00, 0x00, 0x00, 0x00, 
    0x00, 0x00, 0x00, 0x00, 0x00, 0x00, 0x00, 0x00, 0x00, 0x00, 0x00, 0x00, 0x00, 0x00, 0x00, 0x00, 
    0x00, 0x00, 0x00, 0x00, 0x00, 0x00, 0x00, 0x00, 0x00, 0x00, 0x00, 0x00, 0x00, 0x00, 0x00, 0x00, 
    0x00, 0x00, 0x00, 0x00, 0x00, 0x00, 0x00, 0x00, 0x00, 0x00, 0x00, 0x00, 0x00, 0x00, 0x00, 0x00, 
    0x00, 0x00, 0x00, 0x00, 0x00, 0x00, 0x00, 0x00, 0x00, 0x00, 0x00, 0x00, 0x00, 0x00, 0x00, 0x00, 
    0x00, 0x00, 0x00, 0x00, 0x00, 0x00, 0x00, 0x00, 0x00, 0x00, 0x00, 0x00, 0x00, 0x00, 0x00, 0x00, 
    0x00, 0x00, 0x00, 0x00, 0x00, 0x00, 0x00, 0x00, 0x00, 0x00, 0x00, 0x00, 0x00, 0x00, 0x00, 0x00, 
    0x00, 0x00, 0x00, 0x00, 0x00, 0x00, 0x00, 0x00, 0x00, 0x00, 0x00, 0x00, 0x00, 0x00, 0x00, 0x00, 
    0x00, 0x00, 0x00, 0x00, 0x00, 0x00, 0x00, 0x00, 0x00, 0x00, 0x00, 0x00, 0x00, 0x00, 0x00, 0x00, 
    0x00, 0x00, 0x00, 0x00, 0x00, 0x00, 0x00, 0x00, 0x00, 0x00, 0x00, 0x00, 0x00, 0x00, 0x00, 0x00, 
    0x00, 0x00, 0x00, 0x00, 0x00, 0x00, 0x00, 0x00, 0x00, 0x00, 0x00, 0x00, 0x00, 0x00, 0x00, 0x00, 
    0x00, 0x00, 0x00, 0x00, 0x00, 0x00, 0x00, 0x00, 0x00, 0x00, 0x00, 0x00, 0x00, 0x00, 0x00, 0x00, 
    0x00, 0x00, 0x00, 0x00, 0x00, 0x00, 0x00, 0x00, 0x00, 0x00, 0x00, 0x00, 0x00, 0x00, 0x00, 0x00, 
    0x00, 0x00, 0x00, 0x00, 0x00, 0x00, 0x00, 0x00, 0x00, 0x00, 0x00, 0x00, 0x00, 0x00, 0x00, 0x00, 
    0x00, 0x00, 0x00, 0x00, 0x00, 0x00, 0x00, 0x00, 0x00, 0x00, 0x00, 0x00, 0x00, 0x00, 0x00, 0x00, 
    0x00, 0x00, 0x00, 0x00, 0x00, 0x00, 0x00, 0x00, 0x00, 0x00, 0x00, 0x00, 0x00, 0x00, 0x00, 0x00, 
    0x00, 0x00, 0x00, 0x00, 0x00, 0x00, 0x00, 0x00, 0x00, 0x00, 0x00, 0x00, 0x00, 0x00, 0x00, 0x00, 
    0x00, 0x00, 0x00, 0x00, 0x00, 0x00, 0x00, 0x00, 0x00, 0x00, 0x00, 0x00, 0x00, 0x00, 0x00, 0x00, 
    0x00, 0x00, 0x00, 0x00, 0x00, 0x00, 0x00, 0x00, 0x00, 0x00, 0x00, 0x00, 0x00, 0x00, 0x00, 0x00, 
    0x00, 0x00, 0x00, 0x00, 0x00, 0x00, 0x00, 0x00, 0x00, 0x00, 0x00, 0x00, 0x00, 0x00, 0x00, 0x00, 
    0x00, 0x00, 0x00, 0x00, 0x00, 0x00, 0x00, 0x00, 0x00, 0x00, 0x00, 0x00, 0x00, 0x00, 0x00, 0x00, 
    0x00, 0x00, 0x00, 0x00, 0x00, 0x00, 0x00, 0x00, 0x00, 0x00, 0x00, 0x00, 0x00, 0x00, 0x00, 0x00, 
    0x00, 0x00, 0x00, 0x00, 0x00, 0x00, 0x00, 0x00, 0x00, 0x00, 0x00, 0x00, 0x00, 0x00, 0x00, 0x00, 
    0x00, 0x00, 0x00, 0x00, 0x00, 0x00, 0x00, 0x00, 0x00, 0x00, 0x00, 0x00, 0x00, 0x00, 0x00, 0x00, 
    0x00, 0x00, 0x00, 0x00, 0x00, 0x00, 0x00, 0x00, 0x00, 0x00, 0x00, 0x00, 0x00, 0x00, 0x00, 0x00, 
    0x00, 0x00, 0x00, 0x00, 0x00, 0x00, 0x00, 0x00, 0x00, 0x00, 0x00, 0x00, 0x00, 0x00, 0x00, 0x00, 
    0x00, 0x00, 0x00, 0x00, 0x00, 0x00, 0x00, 0x00, 0x00, 0x00, 0x00, 0x00, 0x00, 0x00, 0x00, 0x00, 
    0x00, 0x00, 0x00, 0x00, 0x00, 0x00, 0x00, 0x00, 0x00, 0x00, 0x00, 0x00, 0x00, 0x00, 0x00, 0x00, 
    0x00, 0x00, 0x00, 0x00, 0x00, 0x00, 0x00, 0x00, 0x00, 0x00, 0x00, 0x00, 0x00, 0x00, 0x00, 0x00, 
    0x00, 0x00, 0x00, 0x00, 0x00, 0x00, 0x00, 0x00, 0x00, 0x00, 0x00, 0x00, 0x00, 0x00, 0x00, 0x00, 
    0x00, 0x00, 0x00, 0x00, 0x00, 0x00, 0x00, 0x00, 0x00, 0x00, 0x00, 0x00, 0x00, 0x00, 0x00, 0x00, 
    0x00, 0x00, 0x00, 0x00, 0x00, 0x00, 0x00, 0x00, 0x00, 0x00, 0x00, 0x00, 0x00, 0x00, 0x00, 0x00, 
    0x00, 0x00, 0x00, 0x00, 0x00, 0x00, 0x00, 0x00, 0x00, 0x00, 0x00, 0x00, 0x00, 0x00, 0x00, 0x00, 
    0x00, 0x00, 0x00, 0x00, 0x00, 0x00, 0x00, 0x00, 0x00, 0x00, 0x00, 0x00, 0x00, 0x00, 0x00, 0x00, 
    0x00, 0x00, 0x00, 0x00, 0x00, 0x00, 0x00, 0x00, 0x00, 0x00, 0x00, 0x00, 0x00, 0x00, 0x00, 0x00, 
    0x00, 0x00, 0x00, 0x00, 0x00, 0x00, 0x00, 0x00, 0x00, 0x00, 0x00, 0x00, 0x00, 0x00, 0x00, 0x00, 
    0x00, 0x00, 0x00, 0x00, 0x00, 0x00, 0x00, 0x00, 0x00, 0x00, 0x00, 0x00, 0x00, 0x00, 0x00, 0x00, 
    0x00, 0x00, 0x00, 0x00, 0x00, 0x00, 0x00, 0x00, 0x00, 0x00, 0x00, 0x00, 0x00, 0x00, 0x00, 0x00, 
    0x00, 0x00, 0x00, 0x00, 0x00, 0x00, 0x00, 0x00, 0x00, 0x00, 0x00, 0x00, 0x00, 0x00, 0x00, 0x00, 
    0x00, 0x00, 0x00, 0x00, 0x00, 0x00, 0x00, 0x00, 0x00, 0x00, 0x00, 0x00, 0x00, 0x00, 0x00, 0x00, 
    0x00, 0x00, 0x00, 0x00, 0x00, 0x00, 0x00, 0x00, 0x00, 0x00, 0x00, 0x00, 0x00, 0x00, 0x00, 0x00, 
    0x00, 0x00, 0x00, 0x00, 0x00, 0x00, 0x00, 0x00, 0x00, 0x00, 0x00, 0x00, 0x00, 0x00, 0x00, 0x00, 
    0x00, 0x00, 0x00, 0x00, 0x00, 0x00, 0x00, 0x00, 0x00, 0x00, 0x00, 0x00, 0x00, 0x00, 0x00, 0x00, 
    0x00, 0x00, 0x00, 0x00, 0x00, 0x00, 0x00, 0x00, 0x00, 0x00, 0x00, 0x00, 0x00, 0x00, 0x00, 0x00, 
    0x00, 0x00, 0x00, 0x00, 0x00, 0x00, 0x00, 0x00, 0x00, 0x00, 0x00, 0x00, 0x00, 0x00, 0x00, 0x00, 
    0x00, 0x00, 0x00, 0x00, 0x00, 0x00, 0x00, 0x00, 0x00, 0x00, 0x00, 0x00, 0x00, 0x00, 0x00, 0x00, 
    0x00, 0x00, 0x00, 0x00, 0x00, 0x00, 0x00, 0x00, 0x00, 0x00, 0x00, 0x00, 0x00, 0x00, 0x00, 0x00, 
    0x00, 0x00, 0x00, 0x00, 0x00, 0x00, 0x00, 0x00, 0x00, 0x00, 0x00, 0x00, 0x00, 0x00, 0x00, 0x00, 
    0x00, 0x00, 0x00, 0x00, 0x00, 0x00, 0x00, 0x00, 0x00, 0x00, 0x00, 0x00, 0x00, 0x00, 0x00, 0x00, 
    0x00, 0x00, 0x00, 0x00, 0x00, 0x00, 0x00, 0x00, 0x00, 0x00, 0x00, 0x00, 0x00, 0x00, 0x00, 0x00, 
    0x00, 0x00, 0x00, 0x00, 0x00, 0x00, 0x00, 0x00, 0x00, 0x00, 0x00, 0x00, 0x00, 0x00, 0x00, 0x00, 
    0x00, 0x00, 0x00, 0x00, 0x00, 0x00, 0x00, 0x00, 0x00, 0x00, 0x00, 0x00, 0x00, 0x00, 0x00, 0x00, 
    0x00, 0x00, 0x00, 0x00, 0x00, 0x00, 0x00, 0x00, 0x00, 0x00, 0x00, 0x00, 0x00, 0x00, 0x00, 0x00, 
    0x00, 0x00, 0x00, 0x00, 0x00, 0x00, 0x00, 0x00, 0x00, 0x00, 0x00, 0x00, 0x00, 0x00, 0x00, 0x00, 
    0x00, 0x00, 0x00, 0x00, 0x00, 0x00, 0x00, 0x00, 0x00, 0x00, 0x00, 0x00, 0x00, 0x00, 0x00, 0x00, 
    0x00, 0x00, 0x00, 0x00, 0x00, 0x00, 0x00, 0x00, 0x00, 0x00, 0x00, 0x00, 0x00, 0x00, 0x00, 0x00, 
    0x00, 0x00, 0x00, 0x00, 0x00, 0x00, 0x00, 0x00, 0x00, 0x00, 0x00, 0x00, 0x00, 0x00, 0x00, 0x00, 
    0x00, 0x00, 0x00, 0x00, 0x00, 0x00, 0x00, 0x00, 0x00, 0x00, 0x00, 0x00, 0x00, 0x00, 0x00, 0x00, 
    0x00, 0x00, 0x00, 0x00, 0x00, 0x00, 0x00, 0x00, 0x00, 0x00, 0x00, 0x00, 0x00, 0x00, 0x00, 0x00, 
    0x00, 0x00, 0x00, 0x00, 0x00, 0x00, 0x00, 0x00, 0x00, 0x00, 0x00, 0x00, 0x00, 0x00, 0x00, 0x00, 
    0x00, 0x00, 0x00, 0x00, 0x00, 0x00, 0x00, 0x00, 0x00, 0x00, 0x00, 0x00, 0x00, 0x00, 0x00, 0x00, 
    0x00, 0x00, 0x00, 0x00, 0x00, 0x00, 0x00, 0x00, 0x00, 0x00, 0x00, 0x00, 0x00, 0x00, 0x00, 0x00, 
    0x00, 0x00, 0x00, 0x00, 0x00, 0x00, 0x00, 0x00, 0x00, 0x00, 0x00, 0x00, 0x00, 0x00, 0x00, 0x00, 
    0x00, 0x00, 0x00, 0x00, 0x00, 0x00, 0x00, 0x00, 0x00, 0x00, 0x00, 0x00, 0x00, 0x00, 0x00, 0x00, 
    0x00, 0x00, 0x00, 0x00, 0x00, 0x00, 0x00, 0x00, 0x00, 0x00, 0x00, 0x00, 0x00, 0x00, 0x00, 0x00, 
    0x00, 0x00, 0x00, 0x00, 0x00, 0x00, 0x00, 0x00, 0x00, 0x00, 0x00, 0x00, 0x00, 0x00, 0x00, 0x00, 
    0x00, 0x00, 0x00, 0x00, 0x00, 0x00, 0x00, 0x00, 0x00, 0x00, 0x00, 0x00, 0x00, 0x00, 0x00, 0x00, 
    0x00, 0x00, 0x00, 0x00, 0x00, 0x00, 0x00, 0x00, 0x00, 0x00, 0x00, 0x00, 0x00, 0x00, 0x00, 0x00, 
    0x00, 0x00, 0x00, 0x00, 0x00, 0x00, 0x00, 0x00, 0x00, 0x00, 0x00, 0x00, 0x00, 0x00, 0x00, 0x00, 
    0x00, 0x00, 0x00, 0x00, 0x00, 0x00, 0x00, 0x00, 0x00, 0x00, 0x00, 0x00, 0x00, 0x00, 0x00, 0x00, 
    0x00, 0x00, 0x00, 0x00, 0x00, 0x00, 0x00, 0x00, 0x00, 0x00, 0x00, 0x00, 0x00, 0x00, 0x00, 0x00, 
    0x00, 0x00, 0x00, 0x00, 0x00, 0x00, 0x00, 0x00, 0x00, 0x00, 0x00, 0x00, 0x00, 0x00, 0x00, 0x00, 
    0x00, 0x00, 0x00, 0x00, 0x00, 0x00, 0x00, 0x00, 0x00, 0x00, 0x00, 0x00, 0x00, 0x00, 0x00, 0x00, 
    0x00, 0x00, 0x00, 0x00, 0x00, 0x00, 0x00, 0x00, 0x00, 0x00, 0x00, 0x00, 0x00, 0x00, 0x00, 0x00, 
    0x00, 0x00, 0x00, 0x00, 0x00, 0x00, 0x00, 0x00, 0x00, 0x00, 0x00, 0x00, 0x00, 0x00, 0x00, 0x00, 
    0x00, 0x00, 0x00, 0x00, 0x00, 0x00, 0x00, 0x00, 0x00, 0x00, 0x00, 0x00, 0x00, 0x00, 0x00, 0x00, 
    0x00, 0x00, 0x00, 0x00, 0x00, 0x00, 0x00, 0x00, 0x00, 0x00, 0x00, 0x00, 0x00, 0x00, 0x00, 0x00, 
    0x00, 0x00, 0x00, 0x00, 0x00, 0x00, 0x00, 0x00, 0x00, 0x00, 0x00, 0x00, 0x00, 0x00, 0x00, 0x00, 
    0x00, 0x00, 0x00, 0x00, 0x00, 0x00, 0x00, 0x00, 0x00, 0x00, 0x00, 0x00, 0x00, 0x00, 0x00, 0x00, 
    0x00, 0x00, 0x00, 0x00, 0x00, 0x00, 0x00, 0x00, 0x00, 0x00, 0x00, 0x00, 0x00, 0x00, 0x00, 0x00, 
    0x00, 0x00, 0x00, 0x00, 0x00, 0x00, 0x00, 0x00, 0x00, 0x00, 0x00, 0x00, 0x00, 0x00, 0x00, 0x00, 
    0x00, 0x00, 0x00, 0x00, 0x00, 0x00, 0x00, 0x00, 0x00, 0x00, 0x00, 0x00, 0x00, 0x00, 0x00, 0x00, 
    0x00, 0x00, 0x00, 0x00, 0x00, 0x00, 0x00, 0x00, 0x00, 0x00, 0x00, 0x00, 0x00, 0x00, 0x00, 0x00, 
    0x00, 0x00, 0x00, 0x00, 0x00, 0x00, 0x00, 0x00, 0x00, 0x00, 0x00, 0x00, 0x00, 0x00, 0x00, 0x00, 
    0x00, 0x00, 0x00, 0x00, 0x00, 0x00, 0x00, 0x00, 0x00, 0x00, 0x00, 0x00, 0x00, 0x00, 0x00, 0x00, 
    0x00, 0x00, 0x00, 0x00, 0x00, 0x00, 0x00, 0x00, 0x00, 0x00, 0x00, 0x00, 0x00, 0x00, 0x00, 0x00, 
    0x00, 0x00, 0x00, 0x00, 0x00, 0x00, 0x00, 0x00, 0x00, 0x00, 0x00, 0x00, 0x00, 0x00, 0x00, 0x00, 
    0x00, 0x00, 0x00, 0x00, 0x00, 0x00, 0x00, 0x00, 0x00, 0x00, 0x00, 0x00, 0x00, 0x00, 0x00, 0x00, 
    0x00, 0x00, 0x00, 0x00, 0x00, 0x00, 0x00, 0x00, 0x00, 0x00, 0x00, 0x00, 0x00, 0x00, 0x00, 0x00, 
    0x00, 0x00, 0x00, 0x00, 0x00, 0x00, 0x00, 0x00, 0x00, 0x00, 0x00, 0x00, 0x00, 0x00, 0x00, 0x00, 
    0x00, 0x00, 0x00, 0x00, 0x00, 0x00, 0x00, 0x00, 0x00, 0x00, 0x00, 0x00, 0x00, 0x00, 0x00, 0x00, 
    0x00, 0x00, 0x00, 0x00, 0x00, 0x00, 0x00, 0x00, 0x00, 0x00, 0x00, 0x00, 0x00, 0x00, 0x00, 0x00, 
    0x00, 0x00, 0x00, 0x00, 0x00, 0x00, 0x00, 0x00, 0x00, 0x00, 0x00, 0x00, 0x00, 0x00, 0x00, 0x00, 
    0x00, 0x00, 0x00, 0x00, 0x00, 0x00, 0x00, 0x00, 0x00, 0x00, 0x00, 0x00, 0x00, 0x00, 0x00, 0x00, 
    0x00, 0x00, 0x00, 0x00, 0x00, 0x00, 0x00, 0x00, 0x00, 0x00, 0x00, 0x00, 0x00, 0x00, 0x00, 0x00, 
    0x00, 0x00, 0x00, 0x00, 0x00, 0x00, 0x00, 0x00, 0x00, 0x00, 0x00, 0x00, 0x00, 0x00, 0x00, 0x00, 
    0x00, 0x00, 0x00, 0x00, 0x00, 0x00, 0x00, 0x00, 0x00, 0x00, 0x00, 0x00, 0x00, 0x00, 0x00, 0x00, 
    0x00, 0x00, 0x00, 0x00, 0x00, 0x00, 0x00, 0x00, 0x00, 0x00, 0x00, 0x00, 0x00, 0x00, 0x00, 0x00, 
    0x00, 0x00, 0x00, 0x00, 0x00, 0x00, 0x00, 0x00, 0x00, 0x00, 0x00, 0x00, 0x00, 0x00, 0x00, 0x00, 
    0x00, 0x00, 0x00, 0x00, 0x00, 0x00, 0x00, 0x00, 0x00, 0x00, 0x00, 0x00, 0x00, 0x00, 0x00, 0x00, 
    0x00, 0x00, 0x00, 0x00, 0x00, 0x00, 0x00, 0x00, 0x00, 0x00, 0x00, 0x00, 0x00, 0x00, 0x00, 0x00, 
    0x00, 0x00, 0x00, 0x00, 0x00, 0x00, 0x00, 0x00, 0x00, 0x00, 0x00, 0x00, 0x00, 0x00, 0x00, 0x00, 
    0x00, 0x00, 0x00, 0x00, 0x00, 0x00, 0x00, 0x00, 0x00, 0x00, 0x00, 0x00, 0x00, 0x00, 0x00, 0x00, 
    0x00, 0x00, 0x00, 0x00, 0x00, 0x00, 0x00, 0x00, 0x00, 0x00, 0x00, 0x00, 0x00, 0x00, 0x00, 0x00, 
    0x00, 0x00, 0x00, 0x00, 0x00, 0x00, 0x00, 0x00, 0x00, 0x00, 0x00, 0x00, 0x00, 0x00, 0x00, 0x00, 
    0x00, 0x00, 0x00, 0x00, 0x00, 0x00, 0x00, 0x00, 0x00, 0x00, 0x00, 0x00, 0x00, 0x00, 0x00, 0x00, 
    0x00, 0x00, 0x00, 0x00, 0x00, 0x00, 0x00, 0x00, 0x00, 0x00, 0x00, 0x00, 0x00, 0x00, 0x00, 0x00, 
    0x00, 0x00, 0x00, 0x00, 0x00, 0x00, 0x00, 0x00, 0x00, 0x00, 0x00, 0x00, 0x00, 0x00, 0x00, 0x00, 
    0x00, 0x00, 0x00, 0x00, 0x00, 0x00, 0x00, 0x00, 0x00, 0x00, 0x00, 0x00, 0x00, 0x00, 0x00, 0x00, 
    0x00, 0x00, 0x00, 0x00, 0x00, 0x00, 0x00, 0x00, 0x00, 0x00, 0x00, 0x00, 0x00, 0x00, 0x00, 0x00, 
    0x00, 0x00, 0x00, 0x00, 0x00, 0x00, 0x00, 0x00, 0x00, 0x00, 0x00, 0x00, 0x00, 0x00, 0x00, 0x00, 
    0x00, 0x00, 0x00, 0x00, 0x00, 0x00, 0x00, 0x00, 0x00, 0x00, 0x00, 0x00, 0x00, 0x00, 0x00, 0x00, 
    0x00, 0x00, 0x00, 0x00, 0x00, 0x00, 0x00, 0x00, 0x00, 0x00, 0x00, 0x00, 0x00, 0x00, 0x00, 0x00, 
    0x00, 0x00, 0x00, 0x00, 0x00, 0x00, 0x00, 0x00, 0x00, 0x00, 0x00, 0x00, 0x00, 0x00, 0x00, 0x00, 
    0x00, 0x00, 0x00, 0x00, 0x00, 0x00, 0x00, 0x00, 0x00, 0x00, 0x00, 0x00, 0x00, 0x00, 0x00, 0x00, 
    0x00, 0x00, 0x00, 0x00, 0x00, 0x00, 0x00, 0x00, 0x00, 0x00, 0x00, 0x00, 0x00, 0x00, 0x00, 0x00, 
    0x00, 0x00, 0x00, 0x00, 0x00, 0x00, 0x00, 0x00, 0x00, 0x00, 0x00, 0x00, 0x00, 0x00, 0x00, 0x00, 
    0x00, 0x00, 0x00, 0x00, 0x00, 0x00, 0x00, 0x00, 0x00, 0x00, 0x00, 0x00, 0x00, 0x00, 0x00, 0x00, 
    0x00, 0x00, 0x00, 0x00, 0x00, 0x00, 0x00, 0x00, 0x00, 0x00, 0x00, 0x00, 0x00, 0x00, 0x00, 0x00, 
    0x00, 0x00, 0x00, 0x00, 0x00, 0x00, 0x00, 0x00, 0x00, 0x00, 0x00, 0x00, 0x00, 0x00, 0x00, 0x00, 
    0x00, 0x00, 0x00, 0x00, 0x00, 0x00, 0x00, 0x00, 0x00, 0x00, 0x00, 0x00, 0x00, 0x00, 0x00, 0x00, 
    0x00, 0x00, 0x00, 0x00, 0x00, 0x00, 0x00, 0x00, 0x00, 0x00, 0x00, 0x00, 0x00, 0x00, 0x00, 0x00, 
    0x00, 0x00, 0x00, 0x00, 0x00, 0x00, 0x00, 0x00, 0x00, 0x00, 0x00, 0x00, 0x00, 0x00, 0x00, 0x00, 
    0x00, 0x00, 0x00, 0x00, 0x00, 0x00, 0x00, 0x00, 0x00, 0x00, 0x00, 0x00, 0x00, 0x00, 0x00, 0x00, 
    0x00, 0x00, 0x00, 0x00, 0x00, 0x00, 0x00, 0x00, 0x00, 0x00, 0x00, 0x00, 0x00, 0x00, 0x00, 0x00, 
    0x00, 0x00, 0x00, 0x00, 0x00, 0x00, 0x00, 0x00, 0x00, 0x00, 0x00, 0x00, 0x00, 0x00, 0x00, 0x00, 
    0x00, 0x00, 0x00, 0x00, 0x00, 0x00, 0x00, 0x00, 0x00, 0x00, 0x00, 0x00, 0x00, 0x00, 0x00, 0x00, 
    0x00, 0x00, 0x00, 0x00, 0x00, 0x00, 0x00, 0x00, 0x00, 0x00, 0x00, 0x00, 0x00, 0x00, 0x00, 0x00, 
    0x00, 0x00, 0x00, 0x00, 0x00, 0x00, 0x00, 0x00, 0x00, 0x00, 0x00, 0x00, 0x00, 0x00, 0x00, 0x00, 
    0x00, 0x00, 0x00, 0x00, 0x00, 0x00, 0x00, 0x00, 0x00, 0x00, 0x00, 0x00, 0x00, 0x00, 0x00, 0x00, 
    0x00, 0x00, 0x00, 0x00, 0x00, 0x00, 0x00, 0x00, 0x00, 0x00, 0x00, 0x00, 0x00, 0x00, 0x00, 0x00, 
    0x00, 0x00, 0x00, 0x00, 0x00, 0x00, 0x00, 0x00, 0x00, 0x00, 0x00, 0x00, 0x00, 0x00, 0x00, 0x00, 
    0x00, 0x00, 0x00, 0x00, 0x00, 0x00, 0x00, 0x00, 0x00, 0x00, 0x00, 0x00, 0x00, 0x00, 0x00, 0x00, 
    0x00, 0x00, 0x00, 0x00, 0x00, 0x00, 0x00, 0x00, 0x00, 0x00, 0x00, 0x00, 0x00, 0x00, 0x00, 0x00, 
    0x00, 0x00, 0x00, 0x00, 0x00, 0x00, 0x00, 0x00, 0x00, 0x00, 0x00, 0x00, 0x00, 0x00, 0x00, 0x00, 
    0x00, 0x00, 0x00, 0x00, 0x00, 0x00, 0x00, 0x00, 0x00, 0x00, 0x00, 0x00, 0x00, 0x00, 0x00, 0x00, 
    0x00, 0x00, 0x00, 0x00, 0x00, 0x00, 0x00, 0x00, 0x00, 0x00, 0x00, 0x00, 0x00, 0x00, 0x00, 0x00, 
    0x00, 0x00, 0x00, 0x00, 0x00, 0x00, 0x00, 0x00, 0x00, 0x00, 0x00, 0x00, 0x00, 0x00, 0x00, 0x00, 
    0x00, 0x00, 0x00, 0x00, 0x00, 0x00, 0x00, 0x00, 0x00, 0x00, 0x00, 0x00, 0x00, 0x00, 0x00, 0x00, 
    0x5c, 0xfa, 0x90, 0x37, 0xf5, 0x08, 0x01, 0x80, 0x33, 0x00, 0x49, 0x64, 0x00, 0x00, 0x00, 0x00, 
    0x00, 0x00, 0x00, 0x00, 0x00, 0x00, 0x00, 0x00, 0x00, 0x00, 0x00, 0x00, 0x00, 0x00, 0x00, 0x00, 
    0x00, 0x00, 0x00, 0x00, 0x00, 0x00, 0x00, 0x00, 0x00, 0x00, 0x00, 0x00, 0x00, 0x00, 0x00, 0x00, 
    0x00, 0x00, 0x00, 0x00, 0x00, 0x00, 0x00, 0x00, 0x00, 0x00, 0x00, 0x00, 0x00, 0x00, 0x00, 0x00, 
    0x00, 0x00, 0x00, 0x00, 0x00, 0x00, 0x00, 0x00, 0x00, 0x00, 0x00, 0x00, 0x00, 0x00, 0x00, 0x00, 
    0x00, 0x00, 0x00, 0x00, 0x00, 0x00, 0x00, 0x00, 0x00, 0x00, 0x00, 0x00, 0x00, 0x00, 0x00, 0x00, 
    0x00, 0x00, 0x00, 0x00, 0x00, 0x00, 0x00, 0x00, 0x00, 0x00, 0x00, 0x00, 0x00, 0x00, 0x00, 0x00, 
    0x00, 0x00, 0x00, 0x00, 0x00, 0x00, 0x00, 0x00, 0x00, 0x00, 0x00, 0x00, 0x00, 0x00, 0x00, 0x00, 
    0x00, 0x00, 0x00, 0x00, 0x00, 0x00, 0x00, 0x00, 0x00, 0x00, 0x00, 0x00, 0x00, 0x00, 0x00, 0x00, 
    0x00, 0x00, 0x00, 0x00, 0x00, 0x00, 0x00, 0x00, 0x00, 0x00, 0x00, 0x00, 0x00, 0x00, 0x00, 0x00, 
    0x00, 0x00, 0x00, 0x00, 0x00, 0x00, 0x00, 0x00, 0x00, 0x00, 0x00, 0x00, 0x00, 0x00, 0x00, 0x00, 
    0x00, 0x00, 0x00, 0x00, 0x00, 0x00, 0x00, 0x00, 0x00, 0x00, 0x00, 0x00, 0x00, 0x00, 0x00, 0x00, 
    0x00, 0x00, 0x00, 0x00, 0x00, 0x00, 0x00, 0x00, 0x00, 0x00, 0x00, 0x00, 0x00, 0x00, 0x00, 0x00, 
    0x00, 0x00, 0x00, 0x00, 0x05, 0x00, 0x53, 0x7a, 0x00, 0x24, 0x00, 0x00, 0x00, 0x40, 0x00, 0x00, 
    0x00, 0x00, 0x00, 0x00, 0x44, 0x00, 0x00, 0x00, 0x07, 0x00, 0x56, 0x72, 0x76, 0x32, 0x2e, 0x34, 
    0x38, 0x2e, 0x30, 0x2e, 0x32, 0x36, 0x30, 0x36, 0x32, 0x36, 0x31, 0x32, 0x30, 0x36, 0x33, 0x35, 
    0x2e, 0x00, 0x00, 0x00, 0x9b, 0x08, 0x4f, 0x70, 0x4f, 0x3d, 0x32, 0x3b, 0x73, 0x65, 0x71, 0x5f, 
    0x73, 0x66, 0x5f, 0x61, 0x6c, 0x67, 0x6f, 0x5f, 0x73, 0x65, 0x6c, 0x65, 0x63, 0x74, 0x6f, 0x72, 
    0x3d, 0x68, 0x65, 0x75, 0x72, 0x69, 0x73, 0x74, 0x69, 0x63, 0x3b, 0x30, 0x38, 0x3d, 0x64, 0x70, 
    0x3b, 0x30, 0x34, 0x67, 0x72, 0x65, 0x65, 0x64, 0x79, 0x5f, 0x63, 0x66, 0x67, 0x3d, 0x66, 0x67, 
    0x5f, 0x73, 0x6d, 0x61, 0x72, 0x74, 0x5f, 0x70, 0x65, 0x72, 0x74, 0x75, 0x72, 0x62, 0x65, 0x64, 
    0x3b, 0x30, 0x34, 0x6f, 0x70, 0x5f, 0x73, 0x6f, 0x72, 0x74, 0x5f, 0x62, 0x79, 0x3d, 0x6f, 0x66, 
    0x66, 0x73, 0x65, 0x74, 0x5f, 0x73, 0x6d, 0x61, 0x72, 0x74, 0x3b, 0x61, 0x6c, 0x6c, 0x6f, 0x63, 
    0x61, 0x74, 0x6f, 0x72, 0x5f, 0x76, 0x65, 0x72, 0x73, 0x69, 0x6f, 0x6e, 0x3d, 0x72, 0x65, 0x73, 
    0x65, 0x72, 0x76, 0x69, 0x6e, 0x67, 0x3b, 0x30, 0x32, 0x5f, 0x62, 0x61, 0x63, 0x6b, 0x74, 0x72, 
    0x61, 0x63, 0x6b, 0x69, 0x6e, 0x67, 0x3d, 0x30, 0x3b, 0x63, 0x61, 0x6e, 0x5f, 0x66, 0x69, 0x6e, 
    0x65, 0x5f, 0x73, 0x70, 0x6c, 0x69, 0x74, 0x3d, 0x30, 0x3b, 0x33, 0x34, 0x72, 0x65, 0x73, 0x65, 
    0x71, 0x75, 0x65, 0x6e, 0x63, 0x65, 0x72, 0x3d, 0x73, 0x66, 0x70, 0x3b, 0x65, 0x6e, 0x61, 0x62, 
    0x6c, 0x65, 0x5f, 0x73, 0x75, 0x70, 0x65, 0x72, 0x74, 0x69, 0x6c, 0x65, 0x3d, 0x31, 0x3b, 0x30, 
    0x34, 0x61, 0x75, 0x74, 0x6f, 0x74, 0x68, 0x72, 0x65, 0x61, 0x64, 0x3d, 0x30, 0x3b, 0x32, 0x34, 
    0x73, 0x76, 0x66, 0x5f, 0x65, 0x6e, 0x3d, 0x74, 0x72, 0x75, 0x65, 0x3b, 0x37, 0x43, 0x6d, 0x6f, 
    0x64, 0x65, 0x3d, 0x61, 0x75, 0x74, 0x6f, 0x6d, 0x61, 0x74, 0x69, 0x63, 0x3b, 0x38, 0x45, 0x5f, 
    0x6f, 0x66, 0x66, 0x73, 0x65, 0x74, 0x5f, 0x6f, 0x72, 0x64, 0x65, 0x72, 0x3d, 0x62, 0x78, 0x79, 
    0x6e, 0x73, 0x3b, 0x30, 0x34, 0x74, 0x69, 0x65, 0x62, 0x72, 0x65, 0x61, 0x6b, 0x5f, 0x6c, 0x69, 
    0x73, 0x74, 0x3d, 0x69, 0x6f, 0x5f, 0x64, 0x69, 0x73, 0x74, 0x2c, 0x62, 0x72, 0x61, 0x6e, 0x63, 
    0x68, 0x5f, 0x73, 0x69, 0x7a, 0x65, 0x2c, 0x6e, 0x61, 0x6d, 0x65, 0x3b, 0x33, 0x35, 0x66, 0x70, 
    0x5f, 0x72, 0x61, 0x6e, 0x67, 0x65, 0x5f, 0x6c, 0x69, 0x6d, 0x69, 0x74, 0x3d, 0x39, 0x36, 0x3b, 
    0x73, 0x63, 0x68, 0x65, 0x64, 0x5f, 0x72, 0x65, 0x67, 0x69, 0x6f, 0x6e, 0x73, 0x3d, 0x32, 0x30, 
    0x30, 0x3b, 0x30, 0x33, 0x74, 0x69, 0x6d, 0x65, 0x6f, 0x75, 0x74, 0x3d, 0x31, 0x32, 0x30, 0x30, 
    0x30, 0x30, 0x30, 0x3b, 0x30, 0x33, 0x66, 0x75, 0x6c, 0x6c, 0x5f, 0x72, 0x65, 0x74, 0x72, 0x69, 
    0x65, 0x73, 0x3d, 0x33, 0x3b, 0x30, 0x33, 0x61, 0x66, 0x74, 0x65, 0x72, 0x62, 0x75, 0x72, 0x6e, 
    0x65, 0x72, 0x3d, 0x74, 0x72, 0x75, 0x65, 0x3b, 0x30, 0x33, 0x6f, 0x75, 0x74, 0x65, 0x72, 0x5f, 
    0x74, 0x69, 0x6d, 0x65, 0x6f, 0x75, 0x74, 0x3d, 0x33, 0x36, 0x30, 0x30, 0x30, 0x30, 0x30, 0x3b, 
    0x31, 0x34, 0x62, 0x6f, 0x72, 0x74, 0x5f, 0x6f, 0x6e, 0x5f, 0x6d, 0x69, 0x73, 0x74, 0x61, 0x6b, 
    0x65, 0x3d, 0x66, 0x61, 0x6c, 0x73, 0x65, 0x3b, 0x33, 0x34, 0x61, 0x73, 0x74, 0x5f, 0x74, 0x68, 
    0x72, 0x65, 0x73, 0x68, 0x6f, 0x6c, 0x64, 0x5f, 0x72, 0x61, 0x74, 0x69, 0x6f, 0x3d, 0x30, 0x78, 
    0x31, 0x2e, 0x38, 0x70, 0x2d, 0x31, 0x3b, 0x35, 0x34, 0x68, 0x72, 0x65, 0x73, 0x68, 0x6f, 0x6c, 
    0x64, 0x5f, 0x72, 0x61, 0x74, 0x69, 0x6f, 0x3d, 0x30, 0x78, 0x31, 0x2e, 0x38, 0x70, 0x2d, 0x31, 
    0x3b, 0x30, 0x45, 0x65, 0x64, 0x75, 0x63, 0x74, 0x69, 0x6f, 0x6e, 0x5f, 0x6c, 0x69, 0x73, 0x74, 
    0x3d, 0x3c, 0x30, 0x2e, 0x31, 0x35, 0x2c, 0x30, 0x2e, 0x31, 0x35, 0x2c, 0x30, 0x2e, 0x31, 0x35, 
    0x2c, 0x30, 0x2e, 0x31, 0x35, 0x3e, 0x3b, 0x30, 0x33, 0x65, 0x61, 0x72, 0x6c, 0x79, 0x5f, 0x6f, 
    0x75, 0x74, 0x3d, 0x74, 0x72, 0x75, 0x65, 0x3b, 0x30, 0x33, 0x68, 0x69, 0x6e, 0x74, 0x5f, 0x64, 
    0x65, 0x70, 0x74, 0x68, 0x77, 0x69, 0x73, 0x65, 0x3d, 0x66, 0x61, 0x6c, 0x73, 0x65, 0x3b, 0x30, 
    0x33, 0x64, 0x65, 0x6c, 0x61, 0x79, 0x5f, 0x64, 0x6d, 0x61, 0x3d, 0x74, 0x72, 0x75, 0x65, 0x3b, 
    0x30, 0x33, 0x6c, 0x6f, 0x77, 0x65, 0x72, 0x5f, 0x74, 0x68, 0x72, 0x65, 0x73, 0x68, 0x6f, 0x6c, 
    0x64, 0x5f, 0x72, 0x61, 0x74, 0x69, 0x6f, 0x3d, 0x30, 0x78, 0x31, 0x2e, 0x38, 0x70, 0x2d, 0x31, 
    0x3b, 0x30, 0x33, 0x72, 0x61, 0x6e, 0x64, 0x6f, 0x6d, 0x5f, 0x63, 0x75, 0x74, 0x5f, 0x72, 0x65, 
    0x6d, 0x6f, 0x76, 0x61, 0x6c, 0x3d, 0x30, 0x3b, 0x30, 0x41, 0x70, 0x69, 0x63, 0x6b, 0x5f, 0x72, 
    0x61, 0x74, 0x69, 0x6f, 0x36, 0x34, 0x3d, 0x30, 0x3b, 0x33, 0x34, 0x69, 0x73, 0x63, 0x61, 0x72, 
    0x64, 0x5f, 0x62, 0x61, 0x64, 0x5f, 0x73, 0x63, 0x6f, 0x72, 0x69, 0x6e, 0x67, 0x5f, 0x63, 0x75, 
    0x74, 0x73, 0x3d, 0x66, 0x61, 0x6c, 0x73, 0x65, 0x3b, 0x34, 0x35, 0x62, 0x75, 0x67, 0x3d, 0x30, 
    0x3b, 0x32, 0x34, 0x65, 0x67, 0x69, 0x6f, 0x6e, 0x73, 0x5f, 0x6c, 0x69, 0x73, 0x74, 0x3d, 0x3c, 
    0x32, 0x30, 0x30, 0x2c, 0x34, 0x30, 0x30, 0x2c, 0x32, 0x30, 0x30, 0x3e, 0x3b, 0x39, 0x34, 0x69, 
    0x6d, 0x65, 0x6f, 0x75, 0x74, 0x5f, 0x6c, 0x69, 0x73, 0x74, 0x3d, 0x3b, 0x30, 0x34, 0x68, 0x72, 
    0x65, 0x73, 0x68, 0x6f, 0x6c, 0x64, 0x5f, 0x72, 0x61, 0x74, 0x69, 0x6f, 0x5f, 0x6c, 0x69, 0x73, 
    0x74, 0x3d, 0x3b, 0x30, 0x33, 0x65, 0x61, 0x72, 0x6c, 0x79, 0x5f, 0x6f, 0x75, 0x74, 0x5f, 0x6c, 
    0x69, 0x73, 0x74, 0x3d, 0x3b, 0x30, 0x33, 0x68, 0x69, 0x6e, 0x74, 0x5f, 0x64, 0x65, 0x70, 0x74, 
    0x68, 0x77, 0x69, 0x73, 0x65, 0x5f, 0x6c, 0x69, 0x73, 0x74, 0x3d, 0x3b, 0x37, 0x4d, 0x5f, 0x6c, 
    0x69, 0x73, 0x74, 0x3d, 0x3b, 0x73, 0x65, 0x71, 0x5f, 0x73, 0x66, 0x5f, 0x64, 0x70, 0x5f, 0x67, 
    0x72, 0x65, 0x65, 0x64, 0x79, 0x5f, 0x66, 0x61, 0x6c, 0x6c, 0x62, 0x61, 0x63, 0x6b, 0x5f, 0x74, 
    0x68, 0x72, 0x65, 0x73, 0x68, 0x6f, 0x6c, 0x64, 0x3d, 0x32, 0x37, 0x30, 0x30, 0x30, 0x3b, 0x30, 
    0x34, 0x67, 0x72, 0x6f, 0x75, 0x70, 0x5f, 0x62, 0x72, 0x65, 0x61, 0x6b, 0x75, 0x70, 0x5f, 0x63, 
    0x66, 0x67, 0x3d, 0x6f, 0x75, 0x74, 0x70, 0x75, 0x74, 0x5f, 0x73, 0x69, 0x7a, 0x65, 0x2b, 0x74, 
    0x63, 0x6d, 0x2b, 0x64, 0x64, 0x72, 0x2b, 0x69, 0x73, 0x6f, 0x6c, 0x61, 0x74, 0x65, 0x64, 0x5f, 
    0x73, 0x5f, 0x64, 0x69, 0x6d, 0x2b, 0x73, 0x5f, 0x64, 0x69, 0x6d, 0x5f, 0x6f, 0x66, 0x66, 0x73, 
    0x65, 0x74, 0x3b, 0x30, 0x31, 0x70, 0x72, 0x65, 0x63, 0x6f, 0x6d, 0x70, 0x5f, 0x6b, 0x65, 0x79, 
    0x73, 0x5f, 0x75, 0x73, 0x65, 0x73, 0x5f, 0x73, 0x5f, 0x64, 0x69, 0x6d, 0x5f, 0x6f, 0x66, 0x66, 
    0x73, 0x65, 0x74, 0x73, 0x3d, 0x74, 0x72, 0x75, 0x65, 0x3b, 0x31, 0x49, 0x6d, 0x65, 0x72, 0x67, 
    0x65, 0x5f, 0x63, 0x66, 0x67, 0x3d, 0x73, 0x6d, 0x61, 0x6c, 0x6c, 0x5f, 0x67, 0x72, 0x6f, 0x75, 
    0x70, 0x73, 0x2b, 0x6c, 0x61, 0x72, 0x67, 0x65, 0x5f, 0x67, 0x72, 0x6f, 0x75, 0x70, 0x73, 0x3b, 
    0x33, 0x37, 0x70, 0x6f, 0x70, 0x75, 0x6c, 0x61, 0x72, 0x5f, 0x67, 0x72, 0x6f, 0x75, 0x70, 0x73, 
    0x5f, 0x65, 0x6e, 0x3d, 0x74, 0x72, 0x75, 0x65, 0x3b, 0x30, 0x37, 0x73, 0x70, 0x6c, 0x69, 0x74, 
    0x68, 0x69, 0x73, 0x74, 0x5f, 0x62, 0x61, 0x73, 0x65, 0x64, 0x5f, 0x6f, 0x66, 0x66, 0x73, 0x65, 
    0x74, 0x73, 0x5f, 0x65, 0x6e, 0x3d, 0x74, 0x72, 0x75, 0x65, 0x3b, 0x30, 0x34, 0x70, 0x69, 0x6e, 
    0x5f, 0x6d, 0x6f, 0x64, 0x65, 0x3d, 0x64, 0x65, 0x66, 0x61, 0x75, 0x6c, 0x74, 0x5f, 0x70, 0x69, 
    0x6e, 0x3b, 0x30, 0x34, 0x73, 0x76, 0x66, 0x5f, 0x61, 0x62, 0x6f, 0x72, 0x74, 0x5f, 0x65, 0x6e, 
    0x3d, 0x66, 0x61, 0x6c, 0x73, 0x65, 0x3b, 0x30, 0x34, 0x6c, 0x76, 0x66, 0x5f, 0x70, 0x61, 0x72, 
    0x61, 0x6c, 0x6c, 0x65, 0x6c, 0x69, 0x73, 0x6d, 0x5f, 0x63, 0x66, 0x67, 0x3d, 0x6f, 0x66, 0x66, 
    0x3b, 0x31, 0x37, 0x30, 0x5f, 0x70, 0x61, 0x72, 0x61, 0x6c, 0x6c, 0x65, 0x6c, 0x69, 0x73, 0x6d, 
    0x5f, 0x63, 0x66, 0x67, 0x3d, 0x38, 0x68, 0x6d, 0x78, 0x2b, 0x38, 0x68, 0x76, 0x78, 0x2b, 0x31, 
    0x68, 0x6c, 0x78, 0x2b, 0x38, 0x6f, 0x74, 0x68, 0x65, 0x72, 0x73, 0x3b, 0x30, 0x37, 0x31, 0x5f, 
    0x70, 0x61, 0x72, 0x61, 0x6c, 0x6c, 0x65, 0x6c, 0x69, 0x73, 0x6d, 0x5f, 0x63, 0x66, 0x67, 0x3d, 
    0x34, 0x68, 0x6d, 0x78, 0x2b, 0x38, 0x68, 0x76, 0x78, 0x2b, 0x31, 0x68, 0x6c, 0x78, 0x2b, 0x38, 
    0x6f, 0x74, 0x68, 0x65, 0x72, 0x73, 0x3b, 0x30, 0x37, 0x32, 0x5f, 0x70, 0x61, 0x72, 0x61, 0x6c, 
    0x6c, 0x65, 0x6c, 0x69, 0x73, 0x6d, 0x5f, 0x63, 0x66, 0x67, 0x3d, 0x32, 0x68, 0x6d, 0x78, 0x2b, 
    0x34, 0x68, 0x76, 0x78, 0x2b, 0x31, 0x68, 0x6c, 0x78, 0x2b, 0x38, 0x6f, 0x74, 0x68, 0x65, 0x72, 
    0x73, 0x3b, 0x30, 0x34, 0x6d, 0x6c, 0x68, 0x5f, 0x73, 0x76, 0x66, 0x5f, 0x6d, 0x61, 0x78, 0x5f, 
    0x74, 0x63, 0x6d, 0x5f, 0x72, 0x61, 0x74, 0x69, 0x6f, 0x3d, 0x30, 0x78, 0x31, 0x2e, 0x66, 0x30, 
    0x61, 0x33, 0x64, 0x38, 0x70, 0x2d, 0x31, 0x3b, 0x30, 0x38, 0x6c, 0x76, 0x66, 0x5f, 0x6d, 0x61, 
    0x78, 0x5f, 0x74, 0x63, 0x6d, 0x5f, 0x72, 0x61, 0x74, 0x69, 0x6f, 0x3d, 0x30, 0x78, 0x31, 0x2e, 
    0x65, 0x70, 0x2d, 0x31, 0x3b, 0x30, 0x43, 0x74, 0x63, 0x6d, 0x5f, 0x72, 0x65, 0x64, 0x75, 0x63, 
    0x74, 0x69, 0x6f, 0x6e, 0x5f, 0x6c, 0x69, 0x73, 0x74, 0x3d, 0x3c, 0x30, 0x2e, 0x30, 0x33, 0x37, 
    0x35, 0x2c, 0x30, 0x2e, 0x30, 0x35, 0x2c, 0x30, 0x2e, 0x31, 0x2c, 0x30, 0x2e, 0x31, 0x35, 0x3e, 
    0x3b, 0x30, 0x38, 0x64, 0x64, 0x72, 0x5f, 0x72, 0x61, 0x74, 0x69, 0x6f, 0x3d, 0x30, 0x78, 0x31, 
    0x70, 0x2b, 0x30, 0x3b, 0x30, 0x31, 0x64, 0x65, 0x62, 0x75, 0x67, 0x5f, 0x63, 0x66, 0x67, 0x3d, 
    0x6f, 0x66, 0x66, 0x3b, 0x31, 0x34, 0x67, 0x72, 0x65, 0x65, 0x64, 0x79, 0x5f, 0x70, 0x65, 0x72, 
    0x74, 0x75, 0x72, 0x62, 0x5f, 0x63, 0x66, 0x67, 0x3d, 0x35, 0x70, 0x65, 0x72, 0x74, 0x75, 0x72, 
    0x62, 0x5f, 0x6e, 0x75, 0x6d, 0x2b, 0x32, 0x70, 0x65, 0x72, 0x74, 0x75, 0x72, 0x62, 0x5f, 0x73, 
    0x69, 0x7a, 0x65, 0x3b, 0x30, 0x34, 0x64, 0x70, 0x5f, 0x73, 0x67, 0x5f, 0x6d, 0x61, 0x70, 0x70, 
    0x69, 0x6e, 0x67, 0x5f, 0x63, 0x6f, 0x73, 0x74, 0x3d, 0x64, 0x64, 0x72, 0x5f, 0x62, 0x79, 0x74, 
    0x65, 0x73, 0x3b, 0x30, 0x41, 0x72, 0x65, 0x6f, 0x72, 0x64, 0x65, 0x72, 0x3d, 0x6f, 0x66, 0x66, 
    0x3b, 0x30, 0x48, 0x5f, 0x73, 0x65, 0x74, 0x5f, 0x73, 0x65, 0x6c, 0x3d, 0x30, 0x3b, 0x30, 0x37, 
    0x72, 0x65, 0x6f, 0x72, 0x64, 0x65, 0x72, 0x5f, 0x63, 0x6f, 0x73, 0x74, 0x3d, 0x64, 0x64, 0x72, 
    0x5f, 0x62, 0x79, 0x74, 0x65, 0x73, 0x3b, 0x30, 0x35, 0x66, 0x5f, 0x64, 0x70, 0x5f, 0x73, 0x67, 
    0x5f, 0x72, 0x65, 0x6f, 0x72, 0x64, 0x65, 0x72, 0x5f, 0x74, 0x68, 0x72, 0x65, 0x73, 0x68, 0x6f, 
    0x6c, 0x64, 0x3d, 0x2d, 0x31, 0x3b, 0x31, 0x37, 0x65, 0x61, 0x72, 0x6c, 0x79, 0x5f, 0x65, 0x78, 
    0x69, 0x74, 0x5f, 0x65, 0x6e, 0x3d, 0x74, 0x72, 0x75, 0x65, 0x3b, 0x30, 0x34, 0x73, 0x69, 0x6e, 
    0x67, 0x6c, 0x65, 0x5f, 0x73, 0x67, 0x5f, 0x63, 0x66, 0x67, 0x3d, 0x64, 0x66, 0x73, 0x2b, 0x70, 
    0x72, 0x69, 0x6f, 0x72, 0x69, 0x74, 0x79, 0x5f, 0x62, 0x66, 0x73, 0x3b, 0x39, 0x38, 0x73, 0x76, 
    0x66, 0x30, 0x5f, 0x64, 0x6d, 0x61, 0x5f, 0x63, 0x66, 0x67, 0x3d, 0x34, 0x70, 0x72, 0x65, 0x66, 
    0x65, 0x74, 0x63, 0x68, 0x2b, 0x34, 0x6d, 0x6f, 0x76, 0x65, 0x5f, 0x62, 0x61, 0x63, 0x6b, 0x3b, 
    0x30, 0x42, 0x31, 0x5f, 0x64, 0x6d, 0x61, 0x5f, 0x63, 0x66, 0x67, 0x3d, 0x34, 0x70, 0x72, 0x65, 
    0x66, 0x65, 0x74, 0x63, 0x68, 0x2b, 0x34, 0x6d, 0x6f, 0x76, 0x65, 0x5f, 0x62, 0x61, 0x63, 0x6b, 
    0x3b, 0x30, 0x42, 0x32, 0x5f, 0x64, 0x6d, 0x61, 0x5f, 0x63, 0x66, 0x67, 0x3d, 0x32, 0x70, 0x72, 
    0x65, 0x66, 0x65, 0x74, 0x63, 0x68, 0x2b, 0x32, 0x6d, 0x6f, 0x76, 0x65, 0x5f, 0x62, 0x61, 0x63, 
    0x6b, 0x3b, 0x30, 0x38, 0x6c, 0x76, 0x66, 0x5f, 0x64, 0x6d, 0x61, 0x5f, 0x63, 0x66, 0x67, 0x3d, 
    0x6f, 0x66, 0x66, 0x3b, 0x30, 0x34, 0x69, 0x6e, 0x70, 0x75, 0x74, 0x5f, 0x6d, 0x75, 0x6c, 0x74, 
    0x69, 0x63, 0x61, 0x73, 0x74, 0x5f, 0x63, 0x66, 0x67, 0x3d, 0x6f, 0x66, 0x66, 0x3b, 0x73, 0x70, 
    0x69, 0x6c, 0x6c, 0x5f, 0x66, 0x69, 0x6c, 0x6c, 0x5f, 0x69, 0x6e, 0x73, 0x74, 0x65, 0x61, 0x64, 
    0x5f, 0x6f, 0x66, 0x5f, 0x6d, 0x75, 0x6c, 0x74, 0x69, 0x63, 0x61, 0x73, 0x74, 0x3d, 0x66, 0x61, 
    0x6c, 0x73, 0x65, 0x3b, 0x31, 0x31, 0x63, 0x6f, 0x6e, 0x63, 0x61, 0x74, 0x5f, 0x74, 0x72, 0x65, 
    0x65, 0x5f, 0x65, 0x6e, 0x3d, 0x74, 0x72, 0x75, 0x65, 0x3b, 0x30, 0x44, 0x70, 0x61, 0x73, 0x73, 
    0x74, 0x68, 0x72, 0x6f, 0x75, 0x67, 0x68, 0x5f, 0x66, 0x66, 0x63, 0x3d, 0x74, 0x72, 0x75, 0x65, 
    0x3b, 0x30, 0x44, 0x73, 0x75, 0x62, 0x6c, 0x61, 0x79, 0x65, 0x72, 0x5f, 0x6d, 0x65, 0x72, 0x67, 
    0x65, 0x5f, 0x73, 0x74, 0x72, 0x69, 0x63, 0x74, 0x5f, 0x6f, 0x6e, 0x5f, 0x62, 0x72, 0x61, 0x6e, 
    0x63, 0x68, 0x5f, 0x69, 0x64, 0x3d, 0x74, 0x72, 0x75, 0x65, 0x3b, 0x30, 0x5a, 0x6f, 0x6e, 0x5f, 
    0x62, 0x72, 0x61, 0x6e, 0x63, 0x68, 0x5f, 0x69, 0x64, 0x5f, 0x61, 0x6e, 0x64, 0x5f, 0x73, 0x6f, 
    0x75, 0x72, 0x63, 0x65, 0x5f, 0x69, 0x64, 0x3d, 0x66, 0x61, 0x6c, 0x73, 0x65, 0x3b, 0x30, 0x53, 
    0x61, 0x6c, 0x73, 0x6f, 0x5f, 0x6f, 0x6e, 0x5f, 0x73, 0x6f, 0x75, 0x72, 0x63, 0x65, 0x5f, 0x69, 
    0x64, 0x3d, 0x66, 0x61, 0x6c, 0x73, 0x65, 0x3b, 0x30, 0x44, 0x62, 0x72, 0x61, 0x6e, 0x63, 0x68, 
    0x5f, 0x69, 0x64, 0x5f, 0x6d, 0x65, 0x72, 0x67, 0x65, 0x5f, 0x6f, 0x6e, 0x5f, 0x6c, 0x6f, 0x77, 
    0x65, 0x72, 0x5f, 0x33, 0x32, 0x62, 0x5f, 0x6f, 0x70, 0x5f, 0x69, 0x64, 0x3d, 0x66, 0x61, 0x6c, 
    0x73, 0x65, 0x3b, 0x30, 0x44, 0x69, 0x64, 0x65, 0x61, 0x6c, 0x5f, 0x73, 0x6f, 0x75, 0x72, 0x63, 
    0x65, 0x5f, 0x69, 0x64, 0x5f, 0x6d, 0x65, 0x72, 0x67, 0x65, 0x5f, 0x6f, 0x6e, 0x5f, 0x6c, 0x6f, 
    0x77, 0x65, 0x72, 0x5f, 0x33, 0x32, 0x62, 0x5f, 0x6f, 0x70, 0x5f, 0x69, 0x64, 0x3d, 0x66, 0x61, 
    0x6c, 0x73, 0x65, 0x3b, 0x30, 0x44, 0x66, 0x6c, 0x61, 0x73, 0x68, 0x5f, 0x61, 0x74, 0x74, 0x65, 
    0x6e, 0x74, 0x69, 0x6f, 0x6e, 0x5f, 0x70, 0x61, 0x73, 0x73, 0x74, 0x68, 0x72, 0x6f, 0x75, 0x67, 
    0x68, 0x3d, 0x74, 0x72, 0x75, 0x65, 0x3b, 0x33, 0x45, 0x74, 0x72, 0x69, 0x63, 0x74, 0x5f, 0x66, 
    0x6f, 0x72, 0x5f, 0x70, 0x61, 0x73, 0x73, 0x74, 0x68, 0x72, 0x6f, 0x75, 0x67, 0x68, 0x5f, 0x69, 
    0x64, 0x73, 0x3d, 0x66, 0x61, 0x6c, 0x73, 0x65, 0x3b, 0x30, 0x38, 0x70, 0x72, 0x65, 0x66, 0x65, 
    0x72, 0x5f, 0x6f, 0x75, 0x74, 0x70, 0x75, 0x74, 0x5f, 0x73, 0x69, 0x7a, 0x65, 0x5f, 0x69, 0x6e, 
    0x5f, 0x62, 0x72, 0x61, 0x6e, 0x63, 0x68, 0x5f, 0x68, 0x65, 0x75, 0x72, 0x69, 0x73, 0x74, 0x69, 
    0x63, 0x3d, 0x66, 0x61, 0x6c, 0x73, 0x65, 0x3b, 0x30, 0x31, 0x73, 0x66, 0x5f, 0x6c, 0x76, 0x66, 
    0x5f, 0x70, 0x61, 0x72, 0x61, 0x6c, 0x6c, 0x65, 0x6c, 0x69, 0x73, 0x6d, 0x5f, 0x70, 0x75, 0x6c, 
    0x6c, 0x5f, 0x6c, 0x69, 0x6d, 0x69, 0x74, 0x3d, 0x2d, 0x31, 0x3b, 0x30, 0x34, 0x73, 0x76, 0x66, 
    0x30, 0x5f, 0x70, 0x61, 0x72, 0x61, 0x6c, 0x6c, 0x65, 0x6c, 0x69, 0x73, 0x6d, 0x5f, 0x70, 0x75, 
    0x6c, 0x6c, 0x5f, 0x6c, 0x69, 0x6d, 0x69, 0x74, 0x3d, 0x33, 0x31, 0x30, 0x3b, 0x30, 0x37, 0x31, 
    0x5f, 0x70, 0x61, 0x72, 0x61, 0x6c, 0x6c, 0x65, 0x6c, 0x69, 0x73, 0x6d, 0x5f, 0x70, 0x75, 0x6c, 
    0x6c, 0x5f, 0x6c, 0x69, 0x6d, 0x69, 0x74, 0x3d, 0x33, 0x31, 0x30, 0x3b, 0x30, 0x37, 0x32, 0x5f, 
    0x70, 0x61, 0x72, 0x61, 0x6c, 0x6c, 0x65, 0x6c, 0x69, 0x73, 0x6d, 0x5f, 0x70, 0x75, 0x6c, 0x6c, 
    0x5f, 0x6c, 0x69, 0x6d, 0x69, 0x74, 0x3d, 0x33, 0x31, 0x30, 0x3b, 0x32, 0x4c, 0x6d, 0x69, 0x74, 
    0x69, 0x67, 0x61, 0x74, 0x65, 0x5f, 0x74, 0x63, 0x6d, 0x5f, 0x70, 0x72, 0x65, 0x73, 0x73, 0x75, 
    0x72, 0x65, 0x5f, 0x64, 0x69, 0x73, 0x74, 0x3d, 0x2d, 0x31, 0x3b, 0x32, 0x4c, 0x6d, 0x69, 0x74, 
    0x69, 0x67, 0x61, 0x74, 0x65, 0x5f, 0x74, 0x63, 0x6d, 0x5f, 0x70, 0x72, 0x65, 0x73, 0x73, 0x75, 
    0x72, 0x65, 0x5f, 0x64, 0x69, 0x73, 0x74, 0x3d, 0x2d, 0x31, 0x3b, 0x32, 0x4c, 0x6d, 0x69, 0x74, 
    0x69, 0x67, 0x61, 0x74, 0x65, 0x5f, 0x74, 0x63, 0x6d, 0x5f, 0x70, 0x72, 0x65, 0x73, 0x73, 0x75, 
    0x72, 0x65, 0x5f, 0x64, 0x69, 0x73, 0x74, 0x3d, 0x2d, 0x31, 0x3b, 0x36, 0x4b, 0x6d, 0x69, 0x74, 
    0x69, 0x67, 0x61, 0x74, 0x65, 0x5f, 0x74, 0x63, 0x6d, 0x5f, 0x70, 0x72, 0x65, 0x73, 0x73, 0x75, 
    0x72, 0x65, 0x5f, 0x64, 0x69, 0x73, 0x74, 0x3d, 0x2d, 0x31, 0x3b, 0x30, 0x34, 0x68, 0x65, 0x75, 
    0x72, 0x69, 0x73, 0x74, 0x69, 0x63, 0x5f, 0x73, 0x65, 0x6c, 0x65, 0x63, 0x74, 0x5f, 0x63, 0x6f, 
    0x6e, 0x66, 0x69, 0x64, 0x65, 0x6e, 0x63, 0x65, 0x5f, 0x74, 0x68, 0x72, 0x65, 0x73, 0x68, 0x6f, 
    0x6c, 0x64, 0x3d, 0x30, 0x3b, 0x30, 0x34, 0x6d, 0x6c, 0x68, 0x5f, 0x70, 0x61, 0x72, 0x61, 0x6c, 
    0x6c, 0x65, 0x6c, 0x69, 0x73, 0x6d, 0x5f, 0x65, 0x6e, 0x3d, 0x66, 0x61, 0x6c, 0x73, 0x65, 0x3b, 
    0x30, 0x38, 0x75, 0x70, 0x64, 0x61, 0x74, 0x65, 0x5f, 0x70, 0x72, 0x65, 0x63, 0x6f, 0x6d, 0x70, 
    0x75, 0x74, 0x65, 0x64, 0x5f, 0x6b, 0x65, 0x79, 0x73, 0x5f, 0x61, 0x66, 0x74, 0x65, 0x72, 0x5f, 
    0x6d, 0x6c, 0x68, 0x5f, 0x73, 0x65, 0x6c, 0x65, 0x63, 0x74, 0x69, 0x6f, 0x6e, 0x3d, 0x66, 0x61, 
    0x6c, 0x73, 0x65, 0x3b, 0x30, 0x38, 0x74, 0x72, 0x61, 0x69, 0x6e, 0x69, 0x6e, 0x67, 0x5f, 0x6d, 
    0x6f, 0x64, 0x65, 0x3d, 0x6f, 0x66, 0x66, 0x3b, 0x30, 0x48, 0x66, 0x65, 0x61, 0x74, 0x75, 0x72, 
    0x65, 0x5f, 0x64, 0x75, 0x6d, 0x70, 0x3d, 0x6f, 0x66, 0x66, 0x3b, 0x30, 0x34, 0x64, 0x65, 0x62, 
    0x75, 0x67, 0x5f, 0x6d, 0x6c, 0x68, 0x5f, 0x76, 0x65, 0x72, 0x69, 0x66, 0x79, 0x3d, 0x3b, 0x30, 
    0x45, 0x74, 0x65, 0x72, 0x6d, 0x69, 0x6e, 0x61, 0x74, 0x65, 0x3d, 0x3b, 0x30, 0x45, 0x6d, 0x6f, 
    0x64, 0x65, 0x6c, 0x3d, 0x3b, 0x30, 0x34, 0x63, 0x73, 0x62, 0x5f, 0x74, 0x72, 0x61, 0x69, 0x6e, 
    0x69, 0x6e, 0x67, 0x5f, 0x63, 0x6f, 0x6e, 0x76, 0x5f, 0x63, 0x6f, 0x73, 0x74, 0x5f, 0x6d, 0x6f, 
    0x64, 0x65, 0x6c, 0x5f, 0x74, 0x65, 0x73, 0x74, 0x5f, 0x63, 0x73, 0x76, 0x3d, 0x3b, 0x30, 0x31, 
    0x63, 0x62, 0x73, 0x5f, 0x6d, 0x69, 0x6e, 0x5f, 0x65, 0x6c, 0x69, 0x67, 0x69, 0x62, 0x6c, 0x65, 
    0x5f, 0x6f, 0x70, 0x73, 0x3d, 0x2d, 0x31, 0x3b, 0x30, 0x36, 0x61, 0x78, 0x5f, 0x6d, 0x69, 0x73, 
    0x73, 0x69, 0x6e, 0x67, 0x5f, 0x6f, 0x70, 0x5f, 0x63, 0x6f, 0x73, 0x74, 0x73, 0x3d, 0x2d, 0x31, 
    0x3b, 0x30, 0x39, 0x72, 0x75, 0x6e, 0x6c, 0x69, 0x73, 0x74, 0x5f, 0x73, 0x69, 0x7a, 0x65, 0x3d, 
    0x2d, 0x31, 0x3b, 0x30, 0x35, 0x72, 0x65, 0x74, 0x72, 0x79, 0x5f, 0x65, 0x6e, 0x3d, 0x74, 0x72, 
    0x75, 0x65, 0x3b, 0x30, 0x35, 0x70, 0x72, 0x65, 0x5f, 0x61, 0x6c, 0x6c, 0x6f, 0x63, 0x3d, 0x2d, 
    0x31, 0x3b, 0x30, 0x35, 0x66, 0x61, 0x73, 0x74, 0x5f, 0x74, 0x68, 0x72, 0x65, 0x73, 0x68, 0x6f, 
    0x6c, 0x64, 0x5f, 0x31, 0x3d, 0x35, 0x32, 0x30, 0x3b, 0x30, 0x4b, 0x32, 0x3d, 0x39, 0x30, 0x30, 
    0x30, 0x3b, 0x32, 0x36, 0x6f, 0x73, 0x74, 0x5f, 0x61, 0x6c, 0x6c, 0x6f, 0x63, 0x3d, 0x2d, 0x31, 
    0x3b, 0x30, 0x35, 0x64, 0x65, 0x62, 0x75, 0x67, 0x5f, 0x70, 0x72, 0x65, 0x5f, 0x61, 0x6c, 0x6c, 
    0x6f, 0x63, 0x5f, 0x66, 0x69, 0x6c, 0x65, 0x6e, 0x61, 0x6d, 0x65, 0x3d, 0x3b, 0x30, 0x43, 0x6f, 
    0x73, 0x74, 0x5f, 0x61, 0x6c, 0x6c, 0x6f, 0x63, 0x5f, 0x66, 0x69, 0x6c, 0x65, 0x6e, 0x61, 0x6d, 
    0x65, 0x3d, 0x3b, 0x30, 0x35, 0x74, 0x63, 0x6d, 0x5f, 0x74, 0x68, 0x72, 0x65, 0x73, 0x68, 0x6f, 
    0x6c, 0x64, 0x3d, 0x30, 0x78, 0x31, 0x2e, 0x62, 0x33, 0x33, 0x33, 0x33, 0x34, 0x70, 0x2d, 0x31, 
    0x3b, 0x30, 0x39, 0x63, 0x61, 0x6e, 0x64, 0x69, 0x64, 0x61, 0x74, 0x65, 0x5f, 0x66, 0x61, 0x72, 
    0x5f, 0x74, 0x63, 0x6d, 0x5f, 0x74, 0x68, 0x72, 0x65, 0x73, 0x68, 0x6f, 0x6c, 0x64, 0x3d, 0x30, 
    0x78, 0x31, 0x2e, 0x38, 0x70, 0x2d, 0x31, 0x3b, 0x30, 0x4e, 0x64, 0x69, 0x73, 0x74, 0x61, 0x6e, 
    0x63, 0x65, 0x3d, 0x35, 0x30, 0x3b, 0x30, 0x35, 0x6c, 0x65, 0x76, 0x65, 0x6c, 0x5f, 0x73, 0x65, 
    0x61, 0x72, 0x63, 0x68, 0x5f, 0x6c, 0x69, 0x6d, 0x69, 0x74, 0x3d, 0x2d, 0x31, 0x3b, 0x30, 0x35, 
    0x6d, 0x61, 0x78, 0x5f, 0x6f, 0x70, 0x73, 0x5f, 0x70, 0x65, 0x72, 0x5f, 0x6c, 0x65, 0x76, 0x65, 
    0x6c, 0x3d, 0x2d, 0x31, 0x3b, 0x30, 0x39, 0x64, 0x6d, 0x61, 0x5f, 0x72, 0x75, 0x6e, 0x6c, 0x69, 
    0x73, 0x74, 0x5f, 0x64, 0x69, 0x73, 0x74, 0x3d, 0x35, 0x3b, 0x30, 0x39, 0x6e, 0x6f, 0x6e, 0x5f, 
    0x63, 0x6f, 0x6e, 0x73, 0x74, 0x5f, 0x69, 0x6e, 0x70, 0x75, 0x74, 0x5f, 0x72, 0x75, 0x6e, 0x6c, 
    0x69, 0x73, 0x74, 0x5f, 0x64, 0x69, 0x73, 0x74, 0x3d, 0x31, 0x30, 0x30, 0x3b, 0x32, 0x42, 0x5f, 
    0x72, 0x75, 0x6e, 0x6c, 0x69, 0x73, 0x74, 0x5f, 0x64, 0x69, 0x73, 0x74, 0x5f, 0x6c, 0x69, 0x6d, 
    0x69, 0x74, 0x3d, 0x31, 0x30, 0x30, 0x30, 0x3b, 0x30, 0x35, 0x66, 0x6c, 0x61, 0x74, 0x5f, 0x74, 
    0x65, 0x6e, 0x73, 0x6f, 0x72, 0x5f, 0x69, 0x6e, 0x66, 0x6c, 0x61, 0x74, 0x69, 0x6f, 0x6e, 0x5f, 
    0x73, 0x69, 0x7a, 0x65, 0x5f, 0x74, 0x68, 0x72, 0x65, 0x73, 0x68, 0x6f, 0x6c, 0x64, 0x3d, 0x31, 
    0x30, 0x30, 0x30, 0x30, 0x30, 0x3b, 0x30, 0x52, 0x6d, 0x75, 0x6c, 0x74, 0x70, 0x6c, 0x69, 0x65, 
    0x72, 0x3d, 0x31, 0x2e, 0x30, 0x35, 0x30, 0x30, 0x30, 0x30, 0x3b, 0x30, 0x35, 0x67, 0x6c, 0x6f, 
    0x62, 0x61, 0x6c, 0x5f, 0x6d, 0x75, 0x6c, 0x74, 0x69, 0x63, 0x6f, 0x72, 0x65, 0x5f, 0x63, 0x61, 
    0x6e, 0x64, 0x69, 0x64, 0x61, 0x74, 0x65, 0x5f, 0x73, 0x65, 0x6c, 0x65, 0x63, 0x74, 0x69, 0x6f, 
    0x6e, 0x5f, 0x65, 0x6e, 0x3d, 0x66, 0x61, 0x6c, 0x73, 0x65, 0x3b, 0x30, 0x31, 0x74, 0x69, 0x6c, 
    0x65, 0x64, 0x69, 0x73, 0x74, 0x5f, 0x64, 0x65, 0x62, 0x75, 0x67, 0x5f, 0x76, 0x69, 0x73, 0x75, 
    0x61, 0x6c, 0x69, 0x7a, 0x65, 0x5f, 0x6f, 0x70, 0x5f, 0x67, 0x72, 0x61, 0x70, 0x68, 0x5f, 0x70, 
    0x72, 0x75, 0x6e, 0x65, 0x3d, 0x66, 0x61, 0x6c, 0x73, 0x65, 0x3b, 0x30, 0x51, 0x67, 0x72, 0x6f, 
    0x75, 0x70, 0x5f, 0x67, 0x72, 0x61, 0x70, 0x68, 0x5f, 0x70, 0x72, 0x75, 0x6e, 0x65, 0x3d, 0x66, 
    0x61, 0x6c, 0x73, 0x65, 0x3b, 0x30, 0x41, 0x75, 0x73, 0x65, 0x5f, 0x63, 0x6f, 0x6e, 0x6e, 0x65, 
    0x63, 0x74, 0x69, 0x76, 0x69, 0x74, 0x79, 0x5f, 0x66, 0x6f, 0x72, 0x5f, 0x73, 0x6d, 0x61, 0x6c, 
    0x6c, 0x5f, 0x6f, 0x70, 0x5f, 0x67, 0x72, 0x6f, 0x75, 0x70, 0x73, 0x3d, 0x66, 0x61, 0x6c, 0x73, 
    0x65, 0x3b, 0x30, 0x41, 0x73, 0x74, 0x61, 0x74, 0x73, 0x5f, 0x65, 0x6e, 0x3d, 0x66, 0x61, 0x6c, 
    0x73, 0x65, 0x3b, 0x30, 0x41, 0x69, 0x67, 0x6e, 0x6f, 0x72, 0x65, 0x5f, 0x73, 0x69, 0x6e, 0x67, 
    0x6c, 0x65, 0x5f, 0x6f, 0x70, 0x5f, 0x67, 0x72, 0x6f, 0x75, 0x70, 0x73, 0x5f, 0x66, 0x6f, 0x72, 
    0x5f, 0x64, 0x64, 0x72, 0x5f, 0x63, 0x6c, 0x75, 0x73, 0x74, 0x65, 0x72, 0x5f, 0x6e, 0x73, 0x70, 
    0x5f, 0x61, 0x73, 0x73, 0x69, 0x67, 0x6e, 0x6d, 0x65, 0x6e, 0x74, 0x3d, 0x74, 0x72, 0x75, 0x65, 
    0x3b, 0x30, 0x41, 0x6d, 0x75, 0x6c, 0x74, 0x69, 0x5f, 0x64, 0x69, 0x6d, 0x5f, 0x65, 0x6e, 0x3d, 
    0x74, 0x72, 0x75, 0x65, 0x3b, 0x30, 0x41, 0x62, 0x77, 0x5f, 0x65, 0x6e, 0x3d, 0x74, 0x72, 0x75, 
    0x65, 0x3b, 0x30, 0x44, 0x63, 0x6f, 0x6d, 0x6d, 0x75, 0x6e, 0x69, 0x63, 0x61, 0x74, 0x69, 0x6f, 
    0x6e, 0x5f, 0x73, 0x77, 0x69, 0x74, 0x63, 0x68, 0x5f, 0x74, 0x68, 0x72, 0x65, 0x73, 0x68, 0x6f, 
    0x6c, 0x64, 0x5f, 0x66, 0x72, 0x61, 0x63, 0x74, 0x69, 0x6f, 0x6e, 0x3d, 0x30, 0x2e, 0x30, 0x30, 
    0x30, 0x30, 0x30, 0x30, 0x3b, 0x30, 0x44, 0x61, 0x73, 0x73, 0x75, 0x6d, 0x65, 0x5f, 0x74, 0x72, 
    0x75, 0x65, 0x5f, 0x6d, 0x63, 0x5f, 0x65, 0x6e, 0x3d, 0x66, 0x61, 0x6c, 0x73, 0x65, 0x3b, 0x33, 
    0x42, 0x69, 0x6e, 0x5f, 0x77, 0x6f, 0x72, 0x6b, 0x5f, 0x70, 0x65, 0x72, 0x5f, 0x6e, 0x73, 0x70, 
    0x5f, 0x74, 0x68, 0x72, 0x65, 0x73, 0x68, 0x6f, 0x6c, 0x64, 0x3d, 0x30, 0x2e, 0x37, 0x35, 0x30, 
    0x30, 0x30, 0x30, 0x3b, 0x30, 0x41, 0x70, 0x72, 0x65, 0x66, 0x65, 0x72, 0x5f, 0x73, 0x70, 0x61, 
    0x74, 0x69, 0x61, 0x6c, 0x5f, 0x65, 0x6e, 0x3d, 0x74, 0x72, 0x75, 0x65, 0x3b, 0x31, 0x52, 0x66, 
    0x6f, 0x72, 0x5f, 0x73, 0x70, 0x61, 0x74, 0x69, 0x61, 0x6c, 0x5f, 0x70, 0x72, 0x65, 0x66, 0x3d, 
    0x31, 0x36, 0x3b, 0x33, 0x42, 0x6c, 0x6f, 0x63, 0x6b, 0x7a, 0x61, 0x70, 0x5f, 0x77, 0x69, 0x74, 
    0x68, 0x5f, 0x63, 0x6f, 0x6e, 0x73, 0x75, 0x6d, 0x65, 0x72, 0x73, 0x5f, 0x65, 0x6e, 0x3d, 0x74, 
    0x72, 0x75, 0x65, 0x3b, 0x30, 0x41, 0x63, 0x6f, 0x6e, 0x6e, 0x65, 0x63, 0x74, 0x69, 0x76, 0x69, 
    0x74, 0x79, 0x5f, 0x73, 0x74, 0x72, 0x61, 0x74, 0x5f, 0x65, 0x6e, 0x3d, 0x74, 0x72, 0x75, 0x65, 
    0x3b, 0x31, 0x42, 0x61, 0x74, 0x63, 0x68, 0x5f, 0x73, 0x64, 0x69, 0x6d, 0x5f, 0x62, 0x69, 0x61, 
    0x73, 0x5f, 0x65, 0x6e, 0x3d, 0x66, 0x61, 0x6c, 0x73, 0x65, 0x3b, 0x31, 0x42, 0x6c, 0x75, 0x73, 
    0x74, 0x65, 0x72, 0x5f, 0x65, 0x6e, 0x3d, 0x66, 0x61, 0x6c, 0x73, 0x65, 0x3b, 0x30, 0x49, 0x6c, 
    0x65, 0x76, 0x65, 0x6c, 0x73, 0x3d, 0x32, 0x3b, 0x30, 0x49, 0x72, 0x65, 0x62, 0x61, 0x6c, 0x61, 
    0x6e, 0x63, 0x65, 0x5f, 0x6d, 0x65, 0x74, 0x72, 0x69, 0x63, 0x3d, 0x6f, 0x70, 0x5f, 0x63, 0x6f, 
    0x73, 0x74, 0x3b, 0x30, 0x49, 0x73, 0x69, 0x6e, 0x67, 0x6c, 0x65, 0x5f, 0x6f, 0x70, 0x5f, 0x64, 
    0x69, 0x73, 0x74, 0x5f, 0x65, 0x6e, 0x3d, 0x66, 0x61, 0x6c, 0x73, 0x65, 0x3b, 0x30, 0x58, 0x72, 
    0x65, 0x62, 0x61, 0x6c, 0x61, 0x6e, 0x63, 0x65, 0x5f, 0x75, 0x73, 0x69, 0x6e, 0x67, 0x5f, 0x63, 
    0x6f, 0x73, 0x74, 0x3d, 0x74, 0x72, 0x75, 0x65, 0x3b, 0x30, 0x31, 0x73, 0x61, 0x70, 0x5f, 0x74, 
    0x68, 0x72, 0x65, 0x73, 0x68, 0x6f, 0x6c, 0x64, 0x3d, 0x2d, 0x30, 0x78, 0x31, 0x70, 0x2b, 0x30, 
    0x3b, 0x30, 0x31, 0x64, 0x65, 0x62, 0x75, 0x67, 0x5f, 0x74, 0x63, 0x6d, 0x5f, 0x63, 0x61, 0x6c, 
    0x63, 0x5f, 0x72, 0x65, 0x63, 0x6f, 0x72, 0x64, 0x65, 0x72, 0x5f, 0x65, 0x6e, 0x3d, 0x66, 0x61, 
    0x6c, 0x73, 0x65, 0x3b, 0x6d, 0x75, 0x6c, 0x74, 0x69, 0x63, 0x6f, 0x72, 0x65, 0x5f, 0x6f, 0x75, 
    0x74, 0x70, 0x75, 0x74, 0x5f, 0x6e, 0x73, 0x70, 0x5f, 0x69, 0x64, 0x3d, 0x30, 0x3b, 0x32, 0x32, 
    0x66, 0x5f, 0x67, 0x72, 0x6f, 0x75, 0x70, 0x5f, 0x6d, 0x65, 0x72, 0x67, 0x65, 0x5f, 0x64, 0x65, 
    0x63, 0x6f, 0x6d, 0x70, 0x72, 0x65, 0x73, 0x73, 0x5f, 0x77, 0x65, 0x69, 0x67, 0x68, 0x74, 0x73, 
    0x5f, 0x65, 0x6e, 0x3d, 0x74, 0x72, 0x75, 0x65, 0x3b, 0x30, 0x47, 0x62, 0x6c, 0x6f, 0x63, 0x6b, 
    0x7a, 0x61, 0x70, 0x73, 0x5f, 0x65, 0x6e, 0x3d, 0x66, 0x61, 0x6c, 0x73, 0x65, 0x3b, 0x30, 0x47, 
    0x6c, 0x6f, 0x77, 0x65, 0x72, 0x33, 0x32, 0x5f, 0x65, 0x6e, 0x3d, 0x66, 0x61, 0x6c, 0x73, 0x65, 
    0x3b, 0x30, 0x47, 0x66, 0x61, 0x63, 0x74, 0x6f, 0x72, 0x3d, 0x30, 0x78, 0x31, 0x70, 0x2b, 0x30, 
    0x3b, 0x30, 0x34, 0x66, 0x6f, 0x72, 0x63, 0x65, 0x5f, 0x73, 0x75, 0x62, 0x67, 0x72, 0x61, 0x70, 
    0x68, 0x5f, 0x66, 0x69, 0x6c, 0x65, 0x70, 0x61, 0x74, 0x68, 0x3d, 0x3b, 0x30, 0x4a, 0x65, 0x78, 
    0x69, 0x74, 0x5f, 0x65, 0x6e, 0x3d, 0x74, 0x72, 0x75, 0x65, 0x3b, 0x73, 0x69, 0x6d, 0x5f, 0x66, 
    0x61, 0x73, 0x74, 0x5f, 0x64, 0x64, 0x72, 0x5f, 0x66, 0x6f, 0x72, 0x5f, 0x49, 0x6e, 0x70, 0x75, 
    0x74, 0x53, 0x6c, 0x69, 0x63, 0x65, 0x46, 0x6f, 0x72, 0x4b, 0x56, 0x63, 0x61, 0x63, 0x68, 0x65, 
    0x5f, 0x66, 0x61, 0x63, 0x74, 0x6f, 0x72, 0x3d, 0x30, 0x78, 0x30, 0x70, 0x2b, 0x30, 0x3b, 0x30, 
    0x45, 0x77, 0x67, 0x74, 0x5f, 0x62, 0x69, 0x61, 0x73, 0x5f, 0x66, 0x61, 0x63, 0x74, 0x6f, 0x72, 
    0x3d, 0x30, 0x78, 0x30, 0x70, 0x2b, 0x30, 0x3b, 0x30, 0x31, 0x6d, 0x63, 0x73, 0x65, 0x6e, 0x64, 
    0x5f, 0x66, 0x61, 0x63, 0x74, 0x6f, 0x72, 0x3d, 0x30, 0x78, 0x31, 0x70, 0x2b, 0x30, 0x3b, 0x33, 
    0x31, 0x64, 0x65, 0x62, 0x75, 0x67, 0x5f, 0x67, 0x72, 0x61, 0x70, 0x68, 0x5f, 0x69, 0x6e, 0x66, 
    0x6f, 0x5f, 0x66, 0x69, 0x6c, 0x65, 0x6e, 0x61, 0x6d, 0x65, 0x3d, 0x3b, 0x31, 0x31, 0x74, 0x69, 
    0x6c, 0x65, 0x64, 0x69, 0x73, 0x74, 0x5f, 0x64, 0x65, 0x62, 0x75, 0x67, 0x5f, 0x73, 0x69, 0x64, 
    0x65, 0x6c, 0x6f, 0x61, 0x64, 0x5f, 0x66, 0x69, 0x6c, 0x65, 0x6e, 0x61, 0x6d, 0x65, 0x3d, 0x3b, 
    0x35, 0x34, 0x64, 0x66, 0x5f, 0x62, 0x6c, 0x6f, 0x5f, 0x6e, 0x65, 0x77, 0x5f, 0x62, 0x75, 0x70, 
    0x3d, 0x66, 0x61, 0x6c, 0x73, 0x65, 0x3b, 0x30, 0x37, 0x70, 0x6f, 0x70, 0x75, 0x6c, 0x61, 0x72, 
    0x5f, 0x6d, 0x61, 0x74, 0x72, 0x69, 0x78, 0x5f, 0x65, 0x6e, 0x3d, 0x74, 0x72, 0x75, 0x65, 0x3b, 
    0x30, 0x4d, 0x64, 0x65, 0x66, 0x65, 0x72, 0x72, 0x65, 0x64, 0x5f, 0x65, 0x6e, 0x3d, 0x74, 0x72, 
    0x75, 0x65, 0x3b, 0x30, 0x31, 0x77, 0x65, 0x69, 0x67, 0x68, 0x74, 0x5f, 0x63, 0x61, 0x63, 0x68, 
    0x69, 0x6e, 0x67, 0x5f, 0x70, 0x63, 0x74, 0x3d, 0x30, 0x78, 0x31, 0x2e, 0x39, 0x39, 0x39, 0x39, 
    0x39, 0x61, 0x70, 0x2d, 0x31, 0x3b, 0x30, 0x47, 0x64, 0x65, 0x62, 0x75, 0x67, 0x3d, 0x66, 0x61, 
    0x6c, 0x73, 0x65, 0x3b, 0x65, 0x6e, 0x61, 0x62, 0x6c, 0x65, 0x5f, 0x63, 0x6f, 0x73, 0x74, 0x5f, 
    0x62, 0x61, 0x73, 0x65, 0x64, 0x3d, 0x2d, 0x31, 0x3b, 0x64, 0x65, 0x62, 0x75, 0x67, 0x5f, 0x6c, 
    0x65, 0x76, 0x65, 0x6c, 0x3d, 0x2d, 0x31, 0x3b, 0x63, 0x68, 0x6b, 0x70, 0x74, 0x5f, 0x63, 0x68, 
    0x65, 0x63, 0x6b, 0x3d, 0x66, 0x61, 0x6c, 0x73, 0x65, 0x3b, 0x71, 0x75, 0x61, 0x6e, 0x74, 0x69, 
    0x7a, 0x65, 0x5f, 0x67, 0x72, 0x61, 0x70, 0x68, 0x3d, 0x66, 0x61, 0x6c, 0x73, 0x65, 0x3b, 0x65, 
    0x78, 0x74, 0x65, 0x72, 0x6e, 0x61, 0x6c, 0x5f, 0x73, 0x65, 0x71, 0x75, 0x65, 0x6e, 0x63, 0x65, 
    0x72, 0x3d, 0x3b, 0x69, 0x6e, 0x69, 0x74, 0x5f, 0x63, 0x61, 0x63, 0x68, 0x65, 0x5f, 0x63, 0x6c, 
    0x65, 0x61, 0x6e, 0x3d, 0x30, 0x3b, 0x76, 0x74, 0x63, 0x6d, 0x5f, 0x72, 0x65, 0x71, 0x75, 0x65, 
    0x73, 0x74, 0x5f, 0x74, 0x69, 0x6d, 0x65, 0x6f, 0x75, 0x74, 0x3d, 0x30, 0x3b, 0x66, 0x6f, 0x6c, 
    0x64, 0x5f, 0x72, 0x65, 0x6c, 0x75, 0x5f, 0x66, 0x6c, 0x61, 0x67, 0x3d, 0x74, 0x72, 0x75, 0x65, 
    0x3b, 0x68, 0x6d, 0x78, 0x5f, 0x73, 0x68, 0x6f, 0x72, 0x74, 0x5f, 0x63, 0x6f, 0x6e, 0x76, 0x5f, 
    0x66, 0x6c, 0x61, 0x67, 0x3d, 0x74, 0x72, 0x75, 0x65, 0x3b, 0x30, 0x31, 0x66, 0x61, 0x73, 0x74, 
    0x5f, 0x63, 0x76, 0x74, 0x3d, 0x66, 0x61, 0x6c, 0x73, 0x65, 0x3b, 0x30, 0x31, 0x65, 0x78, 0x74, 
    0x72, 0x61, 0x5f, 0x38, 0x62, 0x5f, 0x61, 0x63, 0x63, 0x3d, 0x66, 0x61, 0x6c, 0x73, 0x65, 0x3b, 
    0x30, 0x31, 0x62, 0x69, 0x61, 0x73, 0x5f, 0x63, 0x6f, 0x6d, 0x70, 0x3d, 0x66, 0x61, 0x6c, 0x73, 
    0x65, 0x3b, 0x70, 0x65, 0x72, 0x66, 0x5f, 0x68, 0x79, 0x73, 0x74, 0x65, 0x72, 0x65, 0x73, 0x69, 
    0x73, 0x3d, 0x74, 0x72, 0x75, 0x65, 0x3b, 0x64, 0x69, 0x73, 0x61, 0x62, 0x6c, 0x65, 0x5f, 0x77, 
    0x69, 0x64, 0x65, 0x5f, 0x63, 0x72, 0x6f, 0x75, 0x74, 0x6f, 0x6e, 0x73, 0x3d, 0x74, 0x72, 0x75, 
    0x65, 0x3b, 0x30, 0x35, 0x74, 0x61, 0x6c, 0x6c, 0x5f, 0x63, 0x72, 0x6f, 0x75, 0x74, 0x6f, 0x6e, 
    0x73, 0x3d, 0x66, 0x61, 0x6c, 0x73, 0x65, 0x3b, 0x6d, 0x69, 0x6e, 0x5f, 0x61, 0x72, 0x63, 0x68, 
    0x3d, 0x36, 0x38, 0x3b, 0x63, 0x6f, 0x6d, 0x70, 0x61, 0x74, 0x5f, 0x73, 0x6c, 0x69, 0x63, 0x65, 
    0x5f, 0x73, 0x68, 0x61, 0x70, 0x65, 0x3d, 0x66, 0x61, 0x6c, 0x73, 0x65, 0x3b, 0x75, 0x6e, 0x70, 
    0x61, 0x63, 0x6b, 0x5f, 0x32, 0x62, 0x69, 0x74, 0x77, 0x65, 0x69, 0x67, 0x68, 0x74, 0x73, 0x3d, 
    0x66, 0x61, 0x6c, 0x73, 0x65, 0x3b, 0x33, 0x35, 0x68, 0x6c, 0x78, 0x3d, 0x66, 0x61, 0x6c, 0x73, 
    0x65, 0x3b, 0x63, 0x61, 0x63, 0x68, 0x65, 0x64, 0x5f, 0x77, 0x65, 0x69, 0x67, 0x68, 0x74, 0x73, 
    0x3d, 0x30, 0x3b, 0x6d, 0x6f, 0x6e, 0x6f, 0x6c, 0x69, 0x74, 0x68, 0x69, 0x63, 0x5f, 0x6c, 0x73, 
    0x74, 0x6d, 0x5f, 0x66, 0x6c, 0x61, 0x67, 0x3d, 0x66, 0x61, 0x6c, 0x73, 0x65, 0x3b, 0x65, 0x6e, 
    0x61, 0x62, 0x6c, 0x65, 0x5f, 0x6e, 0x61, 0x74, 0x69, 0x76, 0x65, 0x5f, 0x6d, 0x69, 0x78, 0x65, 
    0x64, 0x5f, 0x70, 0x72, 0x65, 0x63, 0x69, 0x73, 0x69, 0x6f, 0x6e, 0x5f, 0x6f, 0x70, 0x73, 0x3d, 
    0x66, 0x61, 0x6c, 0x73, 0x65, 0x3b, 0x33, 0x35, 0x73, 0x6f, 0x66, 0x74, 0x6d, 0x61, 0x78, 0x5f, 
    0x69, 0x6e, 0x70, 0x75, 0x74, 0x5f, 0x70, 0x72, 0x65, 0x5f, 0x6d, 0x61, 0x73, 0x6b, 0x69, 0x6e, 
    0x67, 0x3d, 0x74, 0x72, 0x75, 0x65, 0x3b, 0x69, 0x6f, 0x5f, 0x64, 0x6d, 0x61, 0x5f, 0x62, 0x79, 
    0x70, 0x61, 0x73, 0x73, 0x3d, 0x31, 0x3b, 0x74, 0x69, 0x6c, 0x65, 0x5f, 0x68, 0x65, 0x69, 0x67, 
    0x68, 0x74, 0x3d, 0x38, 0x3b, 0x62, 0x69, 0x67, 0x5f, 0x77, 0x69, 0x64, 0x74, 0x68, 0x5f, 0x73, 
    0x70, 0x6c, 0x69, 0x74, 0x3d, 0x32, 0x35, 0x36, 0x3b, 0x6c, 0x61, 0x72, 0x67, 0x65, 0x5f, 0x62, 
    0x61, 0x74, 0x63, 0x68, 0x5f, 0x73, 0x69, 0x7a, 0x65, 0x3d, 0x31, 0x32, 0x38, 0x3b, 0x6e, 0x6f, 
    0x5f, 0x73, 0x63, 0x61, 0x6c, 0x65, 0x5f, 0x77, 0x65, 0x69, 0x67, 0x68, 0x74, 0x73, 0x3d, 0x66, 
    0x61, 0x6c, 0x73, 0x65, 0x3b, 0x63, 0x6f, 0x6d, 0x70, 0x72, 0x65, 0x73, 0x73, 0x5f, 0x77, 0x65, 
    0x69, 0x67, 0x68, 0x74, 0x73, 0x3d, 0x66, 0x61, 0x6c, 0x73, 0x65, 0x3b, 0x6e, 0x61, 0x74, 0x69, 
    0x76, 0x65, 0x5f, 0x68, 0x6d, 0x78, 0x5f, 0x61, 0x31, 0x36, 0x77, 0x34, 0x3d, 0x74, 0x72, 0x75, 
    0x65, 0x3b, 0x62, 0x6c, 0x6f, 0x63, 0x6b, 0x74, 0x61, 0x62, 0x6c, 0x65, 0x5f, 0x72, 0x65, 0x64, 
    0x75, 0x63, 0x65, 0x3d, 0x36, 0x3b, 0x65, 0x78, 0x65, 0x63, 0x75, 0x74, 0x69, 0x6f, 0x6e, 0x5f, 
    0x70, 0x72, 0x69, 0x6f, 0x72, 0x69, 0x74, 0x79, 0x3d, 0x31, 0x39, 0x32, 0x3b, 0x6f, 0x70, 0x5f, 
    0x73, 0x65, 0x6c, 0x66, 0x5f, 0x73, 0x6c, 0x69, 0x63, 0x65, 0x5f, 0x65, 0x6e, 0x61, 0x62, 0x6c, 
    0x65, 0x3d, 0x74, 0x72, 0x75, 0x65, 0x3b, 0x76, 0x74, 0x63, 0x6d, 0x5f, 0x74, 0x6f, 0x74, 0x61, 
    0x6c, 0x5f, 0x73, 0x69, 0x7a, 0x65, 0x3d, 0x2d, 0x31, 0x3b, 0x76, 0x74, 0x63, 0x6d, 0x5f, 0x74, 
    0x6f, 0x74, 0x61, 0x6c, 0x5f, 0x6b, 0x62, 0x3d, 0x2d, 0x31, 0x3b, 0x76, 0x74, 0x63, 0x6d, 0x5f, 
    0x74, 0x6f, 0x74, 0x61, 0x6c, 0x5f, 0x6d, 0x62, 0x3d, 0x30, 0x3b, 0x76, 0x74, 0x63, 0x6d, 0x5f, 
    0x6b, 0x62, 0x3d, 0x2d, 0x31, 0x3b, 0x76, 0x74, 0x63, 0x6d, 0x5f, 0x6d, 0x62, 0x3d, 0x2d, 0x31, 
    0x3b, 0x76, 0x74, 0x63, 0x6d, 0x5f, 0x6f, 0x66, 0x66, 0x73, 0x65, 0x74, 0x3d, 0x2d, 0x31, 0x3b, 
    0x76, 0x74, 0x63, 0x6d, 0x5f, 0x6f, 0x66, 0x66, 0x5f, 0x6b, 0x62, 0x3d, 0x2d, 0x31, 0x3b, 0x76, 
    0x74, 0x63, 0x6d, 0x5f, 0x6f, 0x66, 0x66, 0x5f, 0x6d, 0x62, 0x3d, 0x30, 0x3b, 0x76, 0x74, 0x63, 
    0x6d, 0x5f, 0x6f, 0x66, 0x66, 0x5f, 0x77, 0x68, 0x65, 0x6e, 0x63, 0x65, 0x3d, 0x3b, 0x30, 0x32, 
    0x70, 0x61, 0x67, 0x65, 0x5f, 0x6d, 0x62, 0x3d, 0x30, 0x3b, 0x30, 0x32, 0x73, 0x69, 0x7a, 0x65, 
    0x5f, 0x66, 0x6f, 0x72, 0x5f, 0x74, 0x69, 0x6c, 0x69, 0x6e, 0x67, 0x3d, 0x34, 0x3b, 0x30, 0x32, 
    0x63, 0x6c, 0x65, 0x61, 0x72, 0x5f, 0x6f, 0x6e, 0x5f, 0x72, 0x65, 0x6c, 0x65, 0x61, 0x73, 0x65, 
    0x3d, 0x31, 0x3b, 0x73, 0x65, 0x71, 0x5f, 0x64, 0x64, 0x72, 0x5f, 0x61, 0x6c, 0x6c, 0x6f, 0x63, 
    0x5f, 0x73, 0x69, 0x7a, 0x65, 0x3d, 0x34, 0x32, 0x39, 0x34, 0x39, 0x36, 0x37, 0x30, 0x34, 0x30, 
    0x3b, 0x6d, 0x65, 0x6d, 0x6f, 0x72, 0x79, 0x5f, 0x61, 0x6c, 0x6c, 0x6f, 0x63, 0x5f, 0x6c, 0x69, 
    0x6d, 0x69, 0x74, 0x3d, 0x32, 0x30, 0x34, 0x38, 0x3b, 0x50, 0x3d, 0x30, 0x3b, 0x6e, 0x75, 0x6d, 
    0x5f, 0x70, 0x72, 0x65, 0x70, 0x61, 0x72, 0x65, 0x5f, 0x74, 0x68, 0x72, 0x65, 0x61, 0x64, 0x73, 
    0x3d, 0x31, 0x3b, 0x6c, 0x6f, 0x61, 0x64, 0x5f, 0x6e, 0x73, 0x70, 0x5f, 0x6d, 0x65, 0x74, 0x61, 
    0x64, 0x61, 0x74, 0x61, 0x3d, 0x66, 0x61, 0x6c, 0x73, 0x65, 0x3b, 0x61, 0x6c, 0x6c, 0x6f, 0x63, 
    0x61, 0x74, 0x6f, 0x72, 0x5f, 0x69, 0x6d, 0x61, 0x67, 0x65, 0x73, 0x3d, 0x3b, 0x73, 0x63, 0x68, 
    0x65, 0x64, 0x5f, 0x70, 0x65, 0x72, 0x66, 0x5f, 0x69, 0x6d, 0x61, 0x67, 0x65, 0x73, 0x3d, 0x3b, 
    0x73, 0x6f, 0x75, 0x72, 0x63, 0x65, 0x5f, 0x64, 0x65, 0x73, 0x74, 0x72, 0x75, 0x63, 0x74, 0x69, 
    0x76, 0x65, 0x5f, 0x6f, 0x70, 0x73, 0x3d, 0x74, 0x72, 0x75, 0x65, 0x3b, 0x30, 0x47, 0x63, 0x75, 
    0x73, 0x74, 0x6f, 0x6d, 0x5f, 0x6f, 0x70, 0x73, 0x3d, 0x66, 0x61, 0x6c, 0x73, 0x65, 0x3b, 0x72, 
    0x65, 0x6d, 0x6f, 0x76, 0x65, 0x5f, 0x6e, 0x75, 0x6c, 0x6c, 0x5f, 0x65, 0x78, 0x65, 0x63, 0x3d, 
    0x74, 0x72, 0x75, 0x65, 0x3b, 0x66, 0x75, 0x73, 0x65, 0x5f, 0x6d, 0x65, 0x6d, 0x67, 0x72, 0x6f, 
    0x75, 0x70, 0x73, 0x3d, 0x2d, 0x34, 0x3b, 0x72, 0x65, 0x6c, 0x61, 0x78, 0x65, 0x64, 0x5f, 0x70, 
    0x72, 0x65, 0x63, 0x69, 0x73, 0x69, 0x6f, 0x6e, 0x5f, 0x66, 0x6c, 0x61, 0x67, 0x3d, 0x66, 0x61, 
    0x6c, 0x73, 0x65, 0x3b, 0x64, 0x69, 0x73, 0x61, 0x62, 0x6c, 0x65, 0x5f, 0x73, 0x77, 0x69, 0x67, 
    0x6c, 0x75, 0x5f, 0x66, 0x75, 0x73, 0x69, 0x6f, 0x6e, 0x3d, 0x66, 0x61, 0x6c, 0x73, 0x65, 0x3b, 
    0x66, 0x6f, 0x72, 0x63, 0x65, 0x5f, 0x63, 0x6f, 0x6e, 0x76, 0x5f, 0x66, 0x75, 0x73, 0x69, 0x6f, 
    0x6e, 0x3d, 0x66, 0x61, 0x6c, 0x73, 0x65, 0x3b, 0x6f, 0x70, 0x74, 0x69, 0x6d, 0x69, 0x7a, 0x61, 
    0x74, 0x69, 0x6f, 0x6e, 0x5f, 0x72, 0x65, 0x67, 0x69, 0x73, 0x74, 0x72, 0x79, 0x5f, 0x6c, 0x69, 
    0x73, 0x74, 0x65, 0x6e, 0x61, 0x62, 0x6c, 0x65, 0x5f, 0x64, 0x6c, 0x62, 0x63, 0x3d, 0x66, 0x61, 
    0x6c, 0x73, 0x65, 0x3b, 0x6d, 0x75, 0x6c, 0x74, 0x69, 0x70, 0x6c, 0x65, 0x5f, 0x63, 0x6f, 0x6d, 
    0x70, 0x72, 0x65, 0x73, 0x73, 0x69, 0x6f, 0x6e, 0x5f, 0x66, 0x6f, 0x72, 0x6d, 0x61, 0x74, 0x73, 
    0x3d, 0x66, 0x61, 0x6c, 0x73, 0x65, 0x3b, 0x63, 0x6f, 0x6d, 0x62, 0x69, 0x6e, 0x65, 0x5f, 0x77, 
    0x65, 0x69, 0x67, 0x68, 0x74, 0x5f, 0x73, 0x70, 0x69, 0x6c, 0x6c, 0x5f, 0x66, 0x69, 0x6c, 0x6c, 
    0x5f, 0x64, 0x6c, 0x62, 0x63, 0x5f, 0x61, 0x70, 0x65, 0x72, 0x74, 0x75, 0x72, 0x65, 0x73, 0x3d, 
    0x66, 0x61, 0x6c, 0x73, 0x65, 0x3b, 0x64, 0x6c, 0x62, 0x63, 0x5f, 0x77, 0x65, 0x69, 0x67, 0x68, 
    0x74, 0x5f, 0x63, 0x6f, 0x6d, 0x70, 0x72, 0x65, 0x73, 0x73, 0x69, 0x6f, 0x6e, 0x3d, 0x30, 0x3b, 
    0x73, 0x70, 0x61, 0x72, 0x73, 0x69, 0x74, 0x79, 0x5f, 0x77, 0x65, 0x69, 0x67, 0x68, 0x74, 0x5f, 
    0x63, 0x6f, 0x6d, 0x70, 0x72, 0x65, 0x73, 0x73, 0x69, 0x6f, 0x6e, 0x3d, 0x66, 0x61, 0x6c, 0x73, 
    0x65, 0x3b, 0x64, 0x75, 0x6d, 0x70, 0x5f, 0x77, 0x65, 0x69, 0x67, 0x68, 0x74, 0x73, 0x3d, 0x66, 
    0x61, 0x6c, 0x73, 0x65, 0x3b, 0x35, 0x34, 0x75, 0x62, 0x77, 0x63, 0x64, 0x3d, 0x30, 0x3b, 0x72, 
    0x75, 0x6e, 0x5f, 0x74, 0x72, 0x61, 0x63, 0x65, 0x5f, 0x73, 0x69, 0x7a, 0x65, 0x3d, 0x30, 0x3b, 
    0x79, 0x69, 0x65, 0x6c, 0x64, 0x5f, 0x73, 0x74, 0x61, 0x74, 0x73, 0x5f, 0x73, 0x69, 0x7a, 0x65, 
    0x3d, 0x30, 0x3b, 0x73, 0x6b, 0x69, 0x70, 0x5f, 0x70, 0x6d, 0x75, 0x73, 0x3d, 0x66, 0x61, 0x6c, 
    0x73, 0x65, 0x3b, 0x69, 0x73, 0x5f, 0x67, 0x61, 0x74, 0x68, 0x65, 0x72, 0x5f, 0x73, 0x63, 0x61, 
    0x74, 0x74, 0x65, 0x72, 0x5f, 0x64, 0x69, 0x73, 0x61, 0x62, 0x6c, 0x65, 0x64, 0x3d, 0x66, 0x61, 
    0x6c, 0x73, 0x65, 0x3b, 0x64, 0x65, 0x66, 0x5f, 0x6f, 0x70, 0x74, 0x5f, 0x6c, 0x6f, 0x67, 0x3d, 
    0x3b, 0x68, 0x65, 0x78, 0x74, 0x69, 0x6d, 0x61, 0x74, 0x65, 0x3d, 0x66, 0x61, 0x6c, 0x73, 0x65, 
    0x3b, 0x73, 0x69, 0x6d, 0x5f, 0x63, 0x6f, 0x73, 0x74, 0x5f, 0x73, 0x6f, 0x75, 0x72, 0x63, 0x65, 
    0x3d, 0x6d, 0x6f, 0x64, 0x65, 0x6c, 0x3b, 0x30, 0x36, 0x6f, 0x76, 0x65, 0x72, 0x72, 0x69, 0x64, 
    0x65, 0x3d, 0x66, 0x61, 0x6c, 0x73, 0x65, 0x3b, 0x30, 0x45, 0x5f, 0x66, 0x69, 0x6e, 0x61, 0x6c, 
    0x3d, 0x66, 0x61, 0x6c, 0x73, 0x65, 0x3b, 0x30, 0x31, 0x6d, 0x69, 0x73, 0x73, 0x69, 0x6e, 0x67, 
    0x5f, 0x63, 0x6f, 0x73, 0x74, 0x5f, 0x62, 0x69, 0x61, 0x73, 0x3d, 0x30, 0x2e, 0x30, 0x30, 0x30, 
    0x30, 0x30, 0x30, 0x3b, 0x30, 0x45, 0x77, 0x65, 0x69, 0x67, 0x68, 0x74, 0x3d, 0x30, 0x2e, 0x30, 
    0x34, 0x30, 0x30, 0x30, 0x30, 0x3b, 0x30, 0x31, 0x69, 0x6e, 0x70, 0x75, 0x74, 0x5f, 0x64, 0x65, 
    0x70, 0x65, 0x6e, 0x64, 0x65, 0x6e, 0x74, 0x5f, 0x6f, 0x70, 0x73, 0x5f, 0x6f, 0x70, 0x74, 0x69, 
    0x6d, 0x69, 0x73, 0x6d, 0x3d, 0x2d, 0x31, 0x2e, 0x30, 0x30, 0x30, 0x30, 0x30, 0x30, 0x3b, 0x30, 
    0x31, 0x64, 0x65, 0x62, 0x75, 0x67, 0x3d, 0x66, 0x61, 0x6c, 0x73, 0x65, 0x3b, 0x30, 0x33, 0x66, 
    0x61, 0x75, 0x6c, 0x74, 0x5f, 0x63, 0x6f, 0x73, 0x74, 0x3d, 0x30, 0x2e, 0x30, 0x30, 0x30, 0x30, 
    0x30, 0x30, 0x3b, 0x30, 0x39, 0x73, 0x74, 0x61, 0x74, 0x75, 0x73, 0x3d, 0x75, 0x73, 0x69, 0x6e, 
    0x67, 0x5f, 0x75, 0x6e, 0x69, 0x74, 0x3b, 0x30, 0x31, 0x72, 0x61, 0x74, 0x65, 0x5f, 0x6e, 0x65, 
    0x67, 0x6f, 0x74, 0x69, 0x61, 0x74, 0x69, 0x6f, 0x6e, 0x3d, 0x74, 0x72, 0x75, 0x65, 0x3b, 0x30, 
    0x31, 0x6f, 0x70, 0x70, 0x6f, 0x72, 0x74, 0x75, 0x6e, 0x69, 0x73, 0x74, 0x69, 0x63, 0x5f, 0x68, 
    0x6c, 0x78, 0x5f, 0x75, 0x73, 0x65, 0x3d, 0x74, 0x72, 0x75, 0x65, 0x3b, 0x30, 0x31, 0x66, 0x6f, 
    0x72, 0x63, 0x65, 0x5f, 0x75, 0x73, 0x65, 0x5f, 0x63, 0x6f, 0x6e, 0x74, 0x65, 0x6e, 0x74, 0x69, 
    0x6f, 0x6e, 0x5f, 0x73, 0x69, 0x6d, 0x75, 0x6c, 0x61, 0x74, 0x6f, 0x72, 0x3d, 0x66, 0x61, 0x6c, 
    0x73, 0x65, 0x3b, 0x30, 0x31, 0x74, 0x72, 0x61, 0x63, 0x65, 0x5f, 0x6c, 0x69, 0x6e, 0x6b, 0x73, 
    0x3d, 0x66, 0x61, 0x6c, 0x73, 0x65, 0x3b, 0x30, 0x37, 0x66, 0x6f, 0x72, 0x63, 0x65, 0x5f, 0x63, 
    0x6f, 0x6e, 0x73, 0x69, 0x64, 0x65, 0x72, 0x5f, 0x73, 0x6f, 0x75, 0x72, 0x63, 0x65, 0x5f, 0x64, 
    0x65, 0x73, 0x74, 0x72, 0x75, 0x63, 0x74, 0x69, 0x76, 0x65, 0x3d, 0x74, 0x72, 0x75, 0x65, 0x3b, 
    0x61, 0x6c, 0x6c, 0x6f, 0x63, 0x5f, 0x65, 0x61, 0x72, 0x6c, 0x79, 0x5f, 0x65, 0x78, 0x69, 0x74, 
    0x3d, 0x66, 0x61, 0x6c, 0x73, 0x65, 0x3b, 0x61, 0x75, 0x74, 0x6f, 0x74, 0x68, 0x72, 0x65, 0x61, 
    0x64, 0x5f, 0x73, 0x69, 0x7a, 0x65, 0x5f, 0x6b, 0x62, 0x3d, 0x32, 0x35, 0x36, 0x3b, 0x30, 0x38, 
    0x68, 0x76, 0x78, 0x5f, 0x6e, 0x74, 0x69, 0x6c, 0x65, 0x73, 0x3d, 0x34, 0x3b, 0x30, 0x39, 0x6d, 
    0x78, 0x5f, 0x6e, 0x74, 0x69, 0x6c, 0x65, 0x73, 0x3d, 0x30, 0x3b, 0x73, 0x75, 0x70, 0x65, 0x72, 
    0x74, 0x69, 0x6c, 0x65, 0x5f, 0x6d, 0x61, 0x78, 0x5f, 0x73, 0x69, 0x7a, 0x65, 0x5f, 0x6b, 0x62, 
    0x3d, 0x32, 0x35, 0x36, 0x3b, 0x30, 0x37, 0x76, 0x65, 0x72, 0x62, 0x6f, 0x73, 0x65, 0x3d, 0x66, 
    0x61, 0x6c, 0x73, 0x65, 0x3b, 0x6e, 0x6f, 0x5f, 0x73, 0x75, 0x70, 0x65, 0x72, 0x74, 0x69, 0x6c, 
    0x65, 0x5f, 0x66, 0x6f, 0x72, 0x5f, 0x73, 0x6d, 0x61, 0x6c, 0x6c, 0x5f, 0x67, 0x72, 0x6f, 0x75, 
    0x70, 0x73, 0x3d, 0x66, 0x61, 0x6c, 0x73, 0x65, 0x3b, 0x31, 0x37, 0x73, 0x6f, 0x75, 0x72, 0x63, 
    0x65, 0x5f, 0x64, 0x65, 0x73, 0x74, 0x72, 0x75, 0x63, 0x74, 0x69, 0x76, 0x65, 0x5f, 0x6f, 0x70, 
    0x73, 0x3d, 0x74, 0x72, 0x75, 0x65, 0x3b, 0x30, 0x37, 0x68, 0x76, 0x78, 0x5f, 0x6e, 0x74, 0x69, 
    0x6c, 0x65, 0x73, 0x3d, 0x34, 0x3b, 0x30, 0x38, 0x6d, 0x78, 0x5f, 0x6e, 0x74, 0x69, 0x6c, 0x65, 
    0x73, 0x3d, 0x30, 0x3b, 0x77, 0x65, 0x69, 0x67, 0x68, 0x74, 0x5f, 0x73, 0x68, 0x61, 0x72, 0x69, 
    0x6e, 0x67, 0x5f, 0x63, 0x68, 0x61, 0x6e, 0x6e, 0x65, 0x6c, 0x5f, 0x74, 0x69, 0x6c, 0x65, 0x5f, 
    0x73, 0x69, 0x7a, 0x65, 0x3d, 0x36, 0x34, 0x3b, 0x63, 0x6f, 0x6e, 0x76, 0x5f, 0x6f, 0x75, 0x74, 
    0x70, 0x75, 0x74, 0x5f, 0x64, 0x79, 0x6e, 0x61, 0x6d, 0x69, 0x63, 0x5f, 0x72, 0x65, 0x73, 0x63, 
    0x61, 0x6c, 0x69, 0x6e, 0x67, 0x5f, 0x66, 0x6c, 0x61, 0x67, 0x3d, 0x66, 0x61, 0x6c, 0x73, 0x65, 
    0x3b, 0x73, 0x6c, 0x63, 0x5f, 0x61, 0x6c, 0x6c, 0x6f, 0x63, 0x61, 0x74, 0x65, 0x3d, 0x66, 0x61, 
    0x6c, 0x73, 0x65, 0x3b, 0x30, 0x38, 0x6f, 0x72, 0x5f, 0x64, 0x65, 0x62, 0x75, 0x67, 0x3d, 0x66, 
    0x61, 0x6c, 0x73, 0x65, 0x3b, 0x30, 0x31, 0x73, 0x69, 0x6d, 0x75, 0x6c, 0x61, 0x74, 0x65, 0x3d, 
    0x30, 0x3b, 0x31, 0x36, 0x5f, 0x61, 0x6c, 0x6c, 0x5f, 0x77, 0x65, 0x69, 0x67, 0x68, 0x74, 0x73, 
    0x3d, 0x66, 0x61, 0x6c, 0x73, 0x65, 0x3b, 0x30, 0x42, 0x73, 0x70, 0x69, 0x6c, 0x6c, 0x73, 0x3d, 
    0x66, 0x61, 0x6c, 0x73, 0x65, 0x3b, 0x30, 0x31, 0x64, 0x69, 0x73, 0x61, 0x62, 0x6c, 0x65, 0x5f, 
    0x73, 0x70, 0x69, 0x6c, 0x6c, 0x66, 0x69, 0x6c, 0x6c, 0x5f, 0x63, 0x61, 0x63, 0x68, 0x69, 0x6e, 
    0x67, 0x3d, 0x66, 0x61, 0x6c, 0x73, 0x65, 0x3b, 0x31, 0x37, 0x6d, 0x6f, 0x64, 0x65, 0x3d, 0x61, 
    0x75, 0x74, 0x6f, 0x3b, 0x30, 0x31, 0x69, 0x6e, 0x76, 0x61, 0x6c, 0x69, 0x64, 0x61, 0x74, 0x65, 
    0x5f, 0x6c, 0x61, 0x73, 0x74, 0x5f, 0x66, 0x69, 0x6c, 0x6c, 0x73, 0x3d, 0x66, 0x61, 0x6c, 0x73, 
    0x65, 0x3b, 0x63, 0x6f, 0x6d, 0x70, 0x72, 0x65, 0x73, 0x73, 0x5f, 0x66, 0x70, 0x31, 0x36, 0x5f, 
    0x77, 0x65, 0x69, 0x67, 0x68, 0x74, 0x73, 0x5f, 0x74, 0x6f, 0x5f, 0x6d, 0x78, 0x66, 0x70, 0x36, 
    0x3d, 0x66, 0x61, 0x6c, 0x73, 0x65, 0x3b, 0x65, 0x78, 0x74, 0x65, 0x6e, 0x64, 0x65, 0x64, 0x5f, 
    0x75, 0x64, 0x6d, 0x61, 0x3d, 0x66, 0x61, 0x6c, 0x73, 0x65, 0x3b, 0x30, 0x41, 0x5f, 0x69, 0x6f, 
    0x3d, 0x66, 0x61, 0x6c, 0x73, 0x65, 0x3b, 0x66, 0x61, 0x72, 0x5f, 0x6d, 0x65, 0x6d, 0x70, 0x6f, 
    0x6f, 0x6c, 0x5f, 0x6d, 0x69, 0x6e, 0x5f, 0x73, 0x69, 0x7a, 0x65, 0x5f, 0x6d, 0x62, 0x3d, 0x32, 
    0x3b, 0x77, 0x65, 0x69, 0x67, 0x68, 0x74, 0x73, 0x5f, 0x6d, 0x65, 0x6d, 0x70, 0x6f, 0x6f, 0x6c, 
    0x5f, 0x6d, 0x61, 0x78, 0x5f, 0x73, 0x69, 0x7a, 0x65, 0x5f, 0x6d, 0x62, 0x3d, 0x30, 0x3b, 0x70, 
    0x6c, 0x75, 0x67, 0x69, 0x6e, 0x5f, 0x61, 0x6c, 0x6c, 0x6f, 0x77, 0x5f, 0x69, 0x6e, 0x74, 0x65, 
    0x72, 0x6e, 0x61, 0x6c, 0x3d, 0x30, 0x3b, 0x30, 0x34, 0x73, 0x68, 0x6f, 0x77, 0x5f, 0x72, 0x65, 
    0x77, 0x72, 0x69, 0x74, 0x65, 0x73, 0x3d, 0x66, 0x61, 0x6c, 0x73, 0x65, 0x3b, 0x71, 0x75, 0x61, 
    0x6e, 0x74, 0x5f, 0x69, 0x73, 0x5f, 0x75, 0x70, 0x64, 0x61, 0x74, 0x65, 0x61, 0x62, 0x6c, 0x65, 
    0x3d, 0x66, 0x61, 0x6c, 0x73, 0x65, 0x3b, 0x61, 0x73, 0x73, 0x75, 0x6d, 0x65, 0x5f, 0x73, 0x61, 
    0x6d, 0x65, 0x5f, 0x71, 0x75, 0x61, 0x6e, 0x74, 0x3d, 0x66, 0x61, 0x6c, 0x73, 0x65, 0x3b, 0x66, 
    0x6f, 0x6c, 0x64, 0x5f, 0x61, 0x64, 0x64, 0x5f, 0x69, 0x6e, 0x74, 0x6f, 0x5f, 0x73, 0x6f, 0x66, 
    0x74, 0x6d, 0x61, 0x78, 0x3d, 0x66, 0x61, 0x6c, 0x73, 0x65, 0x3b, 0x73, 0x63, 0x61, 0x74, 0x74, 
    0x65, 0x72, 0x5f, 0x6b, 0x76, 0x5f, 0x65, 0x6e, 0x61, 0x62, 0x6c, 0x65, 0x3d, 0x66, 0x61, 0x6c, 
    0x73, 0x65, 0x3b, 0x6f, 0x75, 0x74, 0x70, 0x75, 0x74, 0x5f, 0x6e, 0x61, 0x74, 0x69, 0x76, 0x65, 
    0x5f, 0x6b, 0x76, 0x3d, 0x66, 0x61, 0x6c, 0x73, 0x65, 0x3b, 0x6e, 0x61, 0x74, 0x69, 0x76, 0x65, 
    0x5f, 0x6b, 0x5f, 0x63, 0x68, 0x61, 0x6e, 0x6e, 0x65, 0x6c, 0x5f, 0x74, 0x69, 0x6c, 0x65, 0x5f, 
    0x73, 0x69, 0x7a, 0x65, 0x3d, 0x32, 0x35, 0x36, 0x3b, 0x30, 0x34, 0x76, 0x5f, 0x63, 0x68, 0x61, 
    0x6e, 0x6e, 0x65, 0x6c, 0x5f, 0x74, 0x69, 0x6c, 0x65, 0x5f, 0x73, 0x69, 0x7a, 0x65, 0x3d, 0x36, 
    0x34, 0x3b, 0x68, 0x6d, 0x78, 0x5f, 0x62, 0x6f, 0x75, 0x6e, 0x64, 0x69, 0x6e, 0x67, 0x5f, 0x65, 
    0x6e, 0x61, 0x62, 0x6c, 0x65, 0x3d, 0x66, 0x61, 0x6c, 0x73, 0x65, 0x3b, 0x30, 0x41, 0x6d, 0x61, 
    0x78, 0x74, 0x69, 0x6d, 0x65, 0x5f, 0x75, 0x73, 0x3d, 0x35, 0x30, 0x3b, 0x30, 0x41, 0x68, 0x6d, 
    0x78, 0x5f, 0x66, 0x72, 0x65, 0x71, 0x5f, 0x6d, 0x68, 0x7a, 0x3d, 0x31, 0x37, 0x34, 0x37, 0x2e, 
    0x31, 0x39, 0x39, 0x39, 0x35, 0x31, 0x3b, 0x30, 0x41, 0x63, 0x70, 0x75, 0x5f, 0x66, 0x72, 0x65, 
    0x71, 0x5f, 0x6d, 0x68, 0x7a, 0x3d, 0x30, 0x2e, 0x30, 0x30, 0x30, 0x30, 0x30, 0x30, 0x3b, 0x30, 
    0x41, 0x69, 0x73, 0x5f, 0x68, 0x61, 0x72, 0x64, 0x3d, 0x74, 0x72, 0x75, 0x65, 0x3b, 0x65, 0x6e, 
    0x61, 0x62, 0x6c, 0x65, 0x5f, 0x70, 0x72, 0x65, 0x64, 0x69, 0x63, 0x61, 0x74, 0x69, 0x6f, 0x6e, 
    0x3d, 0x66, 0x61, 0x6c, 0x73, 0x65, 0x3b, 0x67, 0x72, 0x61, 0x70, 0x68, 0x76, 0x69, 0x7a, 0x5f, 
    0x70, 0x72, 0x65, 0x64, 0x69, 0x63, 0x61, 0x74, 0x69, 0x6f, 0x6e, 0x5f, 0x66, 0x6e, 0x3d, 0x3b, 
    0x65, 0x6e, 0x61, 0x62, 0x6c, 0x65, 0x5f, 0x73, 0x77, 0x69, 0x74, 0x63, 0x68, 0x65, 0x64, 0x5f, 
    0x6f, 0x70, 0x73, 0x3d, 0x66, 0x61, 0x6c, 0x73, 0x65, 0x3b, 0x75, 0x73, 0x65, 0x5f, 0x62, 0x6c, 
    0x6f, 0x63, 0x6b, 0x69, 0x6e, 0x67, 0x5f, 0x64, 0x79, 0x6e, 0x61, 0x6d, 0x69, 0x63, 0x5f, 0x64, 
    0x6d, 0x61, 0x3d, 0x66, 0x61, 0x6c, 0x73, 0x65, 0x3b, 0x65, 0x78, 0x70, 0x65, 0x72, 0x69, 0x6d, 
    0x65, 0x6e, 0x74, 0x61, 0x6c, 0x5f, 0x75, 0x73, 0x65, 0x5f, 0x66, 0x61, 0x6b, 0x65, 0x5f, 0x67, 
    0x6c, 0x6f, 0x62, 0x61, 0x6c, 0x5f, 0x63, 0x6f, 0x6e, 0x64, 0x69, 0x74, 0x69, 0x6f, 0x6e, 0x3d, 
    0x66, 0x61, 0x6c, 0x73, 0x65, 0x3b, 0x64, 0x65, 0x62, 0x75, 0x67, 0x5f, 0x64, 0x79, 0x6e, 0x61, 
    0x6d, 0x69, 0x63, 0x5f, 0x64, 0x6d, 0x61, 0x5f, 0x62, 0x79, 0x74, 0x65, 0x73, 0x3d, 0x66, 0x61, 
    0x6c, 0x73, 0x65, 0x3b, 0x73, 0x6f, 0x63, 0x5f, 0x74, 0x79, 0x70, 0x65, 0x3d, 0x55, 0x4e, 0x4b, 
    0x4e, 0x4f, 0x57, 0x4e, 0x5f, 0x53, 0x44, 0x4d, 0x3b, 0x61, 0x72, 0x63, 0x68, 0x3d, 0x36, 0x38, 
    0x3b, 0x6e, 0x75, 0x6d, 0x5f, 0x6e, 0x73, 0x70, 0x73, 0x3d, 0x31, 0x3b, 0x36, 0x34, 0x6d, 0x75, 
    0x6c, 0x74, 0x69, 0x63, 0x61, 0x73, 0x74, 0x3d, 0x66, 0x61, 0x6c, 0x73, 0x65, 0x3b, 0x30, 0x44, 
    0x5f, 0x6f, 0x70, 0x74, 0x69, 0x6d, 0x69, 0x7a, 0x65, 0x72, 0x3d, 0x66, 0x61, 0x6c, 0x73, 0x65, 
    0x3b, 0x30, 0x45, 0x68, 0x65, 0x75, 0x72, 0x69, 0x73, 0x74, 0x69, 0x63, 0x3d, 0x66, 0x61, 0x6c, 
    0x73, 0x65, 0x3b, 0x6d, 0x75, 0x6c, 0x74, 0x69, 0x63, 0x61, 0x73, 0x74, 0x5f, 0x68, 0x77, 0x5f, 
    0x73, 0x69, 0x7a, 0x65, 0x3d, 0x34, 0x30, 0x39, 0x36, 0x3b, 0x6d, 0x63, 0x69, 0x64, 0x5f, 0x61, 
    0x73, 0x73, 0x69, 0x67, 0x6e, 0x5f, 0x61, 0x73, 0x73, 0x75, 0x6d, 0x65, 0x5f, 0x61, 0x6c, 0x6c, 
    0x5f, 0x75, 0x6e, 0x69, 0x63, 0x61, 0x73, 0x74, 0x3d, 0x66, 0x61, 0x6c, 0x73, 0x65, 0x3b, 0x30, 
    0x4b, 0x6d, 0x75, 0x6c, 0x74, 0x69, 0x63, 0x61, 0x73, 0x74, 0x3d, 0x66, 0x61, 0x6c, 0x73, 0x65, 
    0x3b, 0x33, 0x34, 0x64, 0x64, 0x72, 0x5f, 0x74, 0x65, 0x6e, 0x73, 0x6f, 0x72, 0x5f, 0x68, 0x61, 
    0x6e, 0x64, 0x6c, 0x69, 0x6e, 0x67, 0x3d, 0x66, 0x61, 0x6c, 0x73, 0x65, 0x3b, 0x6d, 0x63, 0x73, 
    0x65, 0x6e, 0x64, 0x5f, 0x72, 0x65, 0x75, 0x73, 0x65, 0x5f, 0x74, 0x68, 0x72, 0x65, 0x73, 0x68, 
    0x3d, 0x33, 0x32, 0x3b, 0x74, 0x72, 0x61, 0x69, 0x6e, 0x5f, 0x63, 0x6f, 0x72, 0x65, 0x5f, 0x66, 
    0x72, 0x65, 0x71, 0x3d, 0x30, 0x78, 0x30, 0x70, 0x2b, 0x30, 0x3b, 0x30, 0x33, 0x68, 0x6d, 0x78, 
    0x5f, 0x66, 0x72, 0x65, 0x71, 0x3d, 0x30, 0x78, 0x30, 0x70, 0x2b, 0x30, 0x3b, 0x6e, 0x75, 0x6d, 
    0x5f, 0x64, 0x6d, 0x61, 0x3d, 0x31, 0x3b, 0x76, 0x78, 0x75, 0x3d, 0x2d, 0x31, 0x3b, 0x31, 0x31, 
    0x76, 0x78, 0x75, 0x3d, 0x31, 0x3b, 0x75, 0x73, 0x65, 0x5f, 0x63, 0x6f, 0x70, 0x79, 0x6d, 0x65, 
    0x6d, 0x3d, 0x74, 0x72, 0x75, 0x65, 0x3b, 0x68, 0x76, 0x78, 0x5f, 0x74, 0x68, 0x72, 0x65, 0x61, 
    0x64, 0x73, 0x3d, 0x34, 0x3b, 0x68, 0x6c, 0x78, 0x5f, 0x74, 0x68, 0x72, 0x65, 0x61, 0x64, 0x73, 
    0x3d, 0x30, 0x3b, 0x68, 0x6d, 0x78, 0x5f, 0x74, 0x79, 0x70, 0x65, 0x3d, 0x66, 0x67, 0x3b, 0x30, 
    0x31, 0x62, 0x67, 0x5f, 0x74, 0x68, 0x72, 0x65, 0x61, 0x64, 0x73, 0x3d, 0x30, 0x3b, 0x63, 0x6e, 
    0x6f, 0x63, 0x5f, 0x6d, 0x61, 0x78, 0x5f, 0x62, 0x6c, 0x6b, 0x3d, 0x30, 0x3b, 0x6c, 0x32, 0x74, 
    0x63, 0x6d, 0x5f, 0x6b, 0x62, 0x3d, 0x30, 0x3b, 0x76, 0x74, 0x63, 0x6d, 0x5f, 0x73, 0x69, 0x7a, 
    0x65, 0x3d, 0x34, 0x31, 0x39, 0x34, 0x33, 0x30, 0x34, 0x3b, 0x30, 0x32, 0x72, 0x65, 0x73, 0x65, 
    0x72, 0x76, 0x65, 0x64, 0x5f, 0x73, 0x69, 0x7a, 0x65, 0x3d, 0x30, 0x3b, 0x73, 0x69, 0x6d, 0x5f, 
    0x66, 0x72, 0x65, 0x71, 0x5f, 0x6f, 0x76, 0x65, 0x72, 0x72, 0x69, 0x64, 0x65, 0x5f, 0x66, 0x69, 
    0x6e, 0x61, 0x6c, 0x3d, 0x66, 0x61, 0x6c, 0x73, 0x65, 0x3b, 0x30, 0x31, 0x63, 0x6f, 0x72, 0x65, 
    0x5f, 0x76, 0x6f, 0x6c, 0x74, 0x61, 0x67, 0x65, 0x5f, 0x63, 0x6f, 0x72, 0x6e, 0x65, 0x72, 0x3d, 
    0x30, 0x3b, 0x30, 0x4b, 0x5f, 0x66, 0x69, 0x6e, 0x61, 0x6c, 0x3d, 0x30, 0x3b, 0x30, 0x31, 0x62, 
    0x75, 0x73, 0x5f, 0x76, 0x6f, 0x6c, 0x74, 0x61, 0x67, 0x65, 0x5f, 0x63, 0x6f, 0x72, 0x6e, 0x65, 
    0x72, 0x3d, 0x30, 0x3b, 0x30, 0x4a, 0x5f, 0x66, 0x69, 0x6e, 0x61, 0x6c, 0x3d, 0x30, 0x3b, 0x30, 
    0x31, 0x68, 0x6d, 0x78, 0x5f, 0x76, 0x6f, 0x6c, 0x74, 0x61, 0x67, 0x65, 0x5f, 0x63, 0x6f, 0x72, 
    0x6e, 0x65, 0x72, 0x3d, 0x30, 0x3b, 0x30, 0x4a, 0x5f, 0x66, 0x69, 0x6e, 0x61, 0x6c, 0x3d, 0x30, 
    0x3b, 0x34, 0x36, 0x66, 0x72, 0x65, 0x71, 0x3d, 0x30, 0x78, 0x31, 0x2e, 0x65, 0x38, 0x34, 0x38, 
    0x70, 0x2b, 0x31, 0x39, 0x3b, 0x30, 0x41, 0x5f, 0x66, 0x69, 0x6e, 0x61, 0x6c, 0x3d, 0x30, 0x78, 
    0x30, 0x70, 0x2b, 0x30, 0x3b, 0x30, 0x32, 0x6e, 0x6f, 0x63, 0x5f, 0x66, 0x72, 0x65, 0x71, 0x3d, 
    0x30, 0x78, 0x31, 0x2e, 0x65, 0x38, 0x34, 0x38, 0x70, 0x2b, 0x31, 0x39, 0x3b, 0x30, 0x41, 0x5f, 
    0x66, 0x69, 0x6e, 0x61, 0x6c, 0x3d, 0x30, 0x78, 0x30, 0x70, 0x2b, 0x30, 0x3b, 0x30, 0x31, 0x67, 
    0x65, 0x6d, 0x6e, 0x6f, 0x63, 0x5f, 0x66, 0x72, 0x65, 0x71, 0x3d, 0x30, 0x78, 0x31, 0x2e, 0x65, 
    0x38, 0x34, 0x38, 0x70, 0x2b, 0x31, 0x39, 0x3b, 0x30, 0x43, 0x5f, 0x66, 0x69, 0x6e, 0x61, 0x6c, 
    0x3d, 0x30, 0x78, 0x30, 0x70, 0x2b, 0x30, 0x3b, 0x30, 0x31, 0x64, 0x64, 0x72, 0x5f, 0x66, 0x72, 
    0x65, 0x71, 0x3d, 0x30, 0x78, 0x31, 0x2e, 0x65, 0x38, 0x34, 0x38, 0x70, 0x2b, 0x31, 0x39, 0x3b, 
    0x30, 0x39, 0x5f, 0x66, 0x69, 0x6e, 0x61, 0x6c, 0x3d, 0x30, 0x78, 0x30, 0x70, 0x2b, 0x30, 0x3b, 
    0x30, 0x31, 0x6e, 0x73, 0x70, 0x6e, 0x6f, 0x63, 0x5f, 0x66, 0x72, 0x65, 0x71, 0x3d, 0x30, 0x78, 
    0x31, 0x2e, 0x65, 0x38, 0x34, 0x38, 0x70, 0x2b, 0x31, 0x39, 0x3b, 0x30, 0x43, 0x5f, 0x66, 0x69, 
    0x6e, 0x61, 0x6c, 0x3d, 0x30, 0x78, 0x30, 0x70, 0x2b, 0x30, 0x3b, 0x30, 0x31, 0x68, 0x6d, 0x78, 
    0x5f, 0x66, 0x72, 0x65, 0x71, 0x3d, 0x30, 0x78, 0x31, 0x2e, 0x65, 0x38, 0x34, 0x38, 0x70, 0x2b, 
    0x31, 0x39, 0x3b, 0x30, 0x39, 0x5f, 0x66, 0x69, 0x6e, 0x61, 0x6c, 0x3d, 0x30, 0x78, 0x30, 0x70, 
    0x2b, 0x30, 0x3b, 0x30, 0x35, 0x69, 0x6e, 0x74, 0x5f, 0x6d, 0x61, 0x63, 0x3d, 0x30, 0x78, 0x30, 
    0x70, 0x2b, 0x30, 0x3b, 0x30, 0x39, 0x64, 0x75, 0x74, 0x79, 0x3d, 0x30, 0x78, 0x30, 0x70, 0x2b, 
    0x30, 0x3b, 0x32, 0x36, 0x70, 0x5f, 0x6d, 0x61, 0x63, 0x3d, 0x30, 0x78, 0x30, 0x70, 0x2b, 0x30, 
    0x3b, 0x30, 0x38, 0x64, 0x75, 0x74, 0x79, 0x3d, 0x30, 0x78, 0x30, 0x70, 0x2b, 0x30, 0x3b, 0x30, 
    0x32, 0x76, 0x78, 0x5f, 0x69, 0x6e, 0x74, 0x5f, 0x6d, 0x61, 0x63, 0x3d, 0x30, 0x78, 0x30, 0x70, 
    0x2b, 0x30, 0x3b, 0x30, 0x39, 0x64, 0x75, 0x74, 0x79, 0x3d, 0x30, 0x78, 0x30, 0x70, 0x2b, 0x30, 
    0x3b, 0x30, 0x35, 0x66, 0x70, 0x5f, 0x6d, 0x61, 0x63, 0x3d, 0x30, 0x78, 0x30, 0x70, 0x2b, 0x30, 
    0x3b, 0x30, 0x38, 0x64, 0x75, 0x74, 0x79, 0x3d, 0x30, 0x78, 0x30, 0x70, 0x2b, 0x30, 0x3b, 0x30, 
    0x31, 0x66, 0x6c, 0x6f, 0x6f, 0x72, 0x5f, 0x63, 0x6f, 0x72, 0x65, 0x5f, 0x68, 0x6d, 0x78, 0x5f, 
    0x66, 0x72, 0x65, 0x71, 0x5f, 0x72, 0x61, 0x74, 0x69, 0x6f, 0x3d, 0x30, 0x78, 0x31, 0x2e, 0x65, 
    0x38, 0x34, 0x38, 0x70, 0x2b, 0x31, 0x39, 0x3b, 0x37, 0x39, 0x73, 0x63, 0x61, 0x6c, 0x65, 0x5f, 
    0x66, 0x61, 0x63, 0x74, 0x6f, 0x72, 0x3d, 0x2d, 0x6e, 0x61, 0x6e, 0x3b, 0x30, 0x4c, 0x5f, 0x66, 
    0x69, 0x6e, 0x61, 0x6c, 0x3d, 0x30, 0x78, 0x30, 0x70, 0x2b, 0x30, 0x3b, 0x37, 0x38, 0x73, 0x63, 
    0x61, 0x6c, 0x65, 0x5f, 0x66, 0x61, 0x63, 0x74, 0x6f, 0x72, 0x3d, 0x2d, 0x6e, 0x61, 0x6e, 0x3b, 
    0x30, 0x4b, 0x5f, 0x66, 0x69, 0x6e, 0x61, 0x6c, 0x3d, 0x30, 0x78, 0x30, 0x70, 0x2b, 0x30, 0x3b, 
    0x37, 0x39, 0x73, 0x63, 0x61, 0x6c, 0x65, 0x5f, 0x66, 0x61, 0x63, 0x74, 0x6f, 0x72, 0x3d, 0x2d, 
    0x6e, 0x61, 0x6e, 0x3b, 0x30, 0x4c, 0x5f, 0x66, 0x69, 0x6e, 0x61, 0x6c, 0x3d, 0x30, 0x78, 0x30, 
    0x70, 0x2b, 0x30, 0x3b, 0x37, 0x38, 0x73, 0x63, 0x61, 0x6c, 0x65, 0x5f, 0x66, 0x61, 0x63, 0x74, 
    0x6f, 0x72, 0x3d, 0x2d, 0x6e, 0x61, 0x6e, 0x3b, 0x30, 0x4b, 0x5f, 0x66, 0x69, 0x6e, 0x61, 0x6c, 
    0x3d, 0x30, 0x78, 0x30, 0x70, 0x2b, 0x30, 0x3b, 0x30, 0x32, 0x6c, 0x78, 0x5f, 0x69, 0x6e, 0x74, 
    0x5f, 0x73, 0x63, 0x61, 0x6c, 0x65, 0x5f, 0x66, 0x61, 0x63, 0x74, 0x6f, 0x72, 0x3d, 0x30, 0x78, 
    0x31, 0x2e, 0x65, 0x38, 0x34, 0x38, 0x70, 0x2b, 0x31, 0x39, 0x3b, 0x30, 0x31, 0x6d, 0x70, 0x5f, 
    0x77, 0x69, 0x64, 0x74, 0x68, 0x3d, 0x31, 0x30, 0x30, 0x30, 0x30, 0x30, 0x30, 0x3b, 0x30, 0x31, 
    0x73, 0x70, 0x5f, 0x77, 0x69, 0x64, 0x74, 0x68, 0x3d, 0x31, 0x30, 0x30, 0x30, 0x30, 0x30, 0x30, 
    0x3b, 0x30, 0x31, 0x63, 0x6e, 0x6f, 0x63, 0x5f, 0x77, 0x69, 0x64, 0x74, 0x68, 0x3d, 0x31, 0x30, 
    0x30, 0x30, 0x30, 0x30, 0x30, 0x3b, 0x30, 0x31, 0x67, 0x65, 0x6d, 0x6e, 0x6f, 0x63, 0x5f, 0x77, 
    0x69, 0x64, 0x74, 0x68, 0x3d, 0x31, 0x30, 0x30, 0x30, 0x30, 0x30, 0x30, 0x3b, 0x30, 0x31, 0x64, 
    0x64, 0x72, 0x5f, 0x77, 0x69, 0x64, 0x74, 0x68, 0x3d, 0x31, 0x30, 0x30, 0x30, 0x30, 0x30, 0x30, 
    0x3b, 0x34, 0x34, 0x63, 0x68, 0x61, 0x6e, 0x6e, 0x65, 0x6c, 0x73, 0x3d, 0x31, 0x30, 0x30, 0x30, 
    0x30, 0x30, 0x30, 0x3b, 0x34, 0x34, 0x63, 0x68, 0x61, 0x6e, 0x6e, 0x65, 0x6c, 0x73, 0x3d, 0x31, 
    0x30, 0x30, 0x30, 0x30, 0x30, 0x30, 0x3b, 0x34, 0x36, 0x63, 0x68, 0x61, 0x6e, 0x6e, 0x65, 0x6c, 
    0x73, 0x3d, 0x31, 0x30, 0x30, 0x30, 0x30, 0x30, 0x30, 0x3b, 0x34, 0x38, 0x63, 0x68, 0x61, 0x6e, 
    0x6e, 0x65, 0x6c, 0x73, 0x3d, 0x31, 0x30, 0x30, 0x30, 0x30, 0x30, 0x30, 0x3b, 0x34, 0x35, 0x63, 
    0x68, 0x61, 0x6e, 0x6e, 0x65, 0x6c, 0x73, 0x3d, 0x31, 0x30, 0x30, 0x30, 0x30, 0x30, 0x30, 0x3b, 
    0x32, 0x36, 0x65, 0x66, 0x66, 0x69, 0x63, 0x69, 0x65, 0x6e, 0x63, 0x79, 0x3d, 0x30, 0x78, 0x31, 
    0x2e, 0x65, 0x38, 0x34, 0x38, 0x70, 0x2b, 0x31, 0x39, 0x3b, 0x32, 0x38, 0x65, 0x66, 0x66, 0x69, 
    0x63, 0x69, 0x65, 0x6e, 0x63, 0x79, 0x3d, 0x30, 0x78, 0x31, 0x2e, 0x65, 0x38, 0x34, 0x38, 0x70, 
    0x2b, 0x31, 0x39, 0x3b, 0x32, 0x35, 0x65, 0x66, 0x66, 0x69, 0x63, 0x69, 0x65, 0x6e, 0x63, 0x79, 
    0x3d, 0x30, 0x78, 0x31, 0x2e, 0x65, 0x38, 0x34, 0x38, 0x70, 0x2b, 0x31, 0x39, 0x3b, 0x73, 0x6c, 
    0x63, 0x5f, 0x73, 0x63, 0x69, 0x64, 0x3d, 0x31, 0x3b, 0x30, 0x32, 0x69, 0x7a, 0x65, 0x3d, 0x31, 
    0x3b, 0x32, 0x31, 0x70, 0x61, 0x79, 0x6c, 0x6f, 0x61, 0x64, 0x5f, 0x66, 0x61, 0x63, 0x74, 0x6f, 
    0x72, 0x3d, 0x30, 0x78, 0x31, 0x70, 0x2b, 0x30, 0x3b, 0x33, 0x32, 0x62, 0x5f, 0x72, 0x65, 0x61, 
    0x64, 0x5f, 0x66, 0x61, 0x63, 0x74, 0x6f, 0x72, 0x3d, 0x30, 0x78, 0x31, 0x70, 0x2b, 0x30, 0x3b, 
    0x30, 0x34, 0x77, 0x72, 0x69, 0x74, 0x65, 0x5f, 0x6e, 0x6f, 0x5f, 0x6d, 0x63, 0x5f, 0x66, 0x61, 
    0x63, 0x74, 0x6f, 0x72, 0x3d, 0x30, 0x78, 0x31, 0x70, 0x2b, 0x30, 0x3b, 0x30, 0x41, 0x6d, 0x63, 
    0x5f, 0x66, 0x61, 0x63, 0x74, 0x6f, 0x72, 0x3d, 0x30, 0x78, 0x31, 0x70, 0x2b, 0x30, 0x3b, 0x00, 
    0x0e, 0x00, 0x4d, 0x6d, 0x00, 0x00, 0x00, 0x00, 0x00, 0x00, 0x00, 0x00, 0x00, 0x00, 0x00, 0x00, 
    0x00, 0x00, 0x00, 0x00, 0x00, 0x00, 0x00, 0x00, 0x00, 0x00, 0x00, 0x00, 0x00, 0x00, 0x00, 0x00, 
    0x00, 0x00, 0x00, 0x00, 0x00, 0x00, 0x00, 0x00, 0x00, 0x00, 0x00, 0x00, 0x00, 0x00, 0x00, 0x00, 
    0x00, 0x00, 0x00, 0x00, 0x00, 0x00, 0x00, 0x00, 0x07, 0x00, 0x54, 0x63, 0x01, 0x00, 0x00, 0x00, 
    0x00, 0x03, 0x00, 0x00, 0x01, 0x00, 0x01, 0x00, 0x00, 0x05, 0x00, 0x00, 0xf0, 0xff, 0xff, 0x00, 
    0x00, 0x01, 0x00, 0x00, 0x03, 0x00, 0x4d, 0x75, 0x01, 0x00, 0x00, 0x00, 0x00, 0x00, 0x00, 0x00, 
    0x01, 0x00, 0x5a, 0x7a, 0x00, 0x00, 0x00, 0x00, 0x00, 0x00, 0x00, 0x00, 0x00, 0x00, 0x00, 0x00, 
    0x00, 0x00, 0x00, 0x00, 0x00, 0x00, 0x00, 0x00, 0x00, 0x00, 0x00, 0x00, 0x00, 0x00, 0x00, 0x00, 
    0x00, 0x00, 0x00, 0x00, 0x00, 0x00, 0x00, 0x00, 0x00, 0x00, 0x00, 0x00, 0x00, 0x00, 0x00, 0x00, 
    0x00, 0x00, 0x00, 0x00, 0x00, 0x00, 0x00, 0x00, 0x00, 0x00, 0x00, 0x00, 0x00, 0x00, 0x00, 0x00, 
    0x00, 0x00, 0x00, 0x00, 0x00, 0x00, 0x00, 0x00, 0x00, 0x00, 0x00, 0x00, 0x00, 0x00, 0x00, 0x00, 
    0x00, 0x00, 0x00, 0x00, 0x00, 0x00, 0x00, 0x00, 0x00, 0x00, 0x00, 0x00, 0x00, 0x00, 0x00, 0x00, 
    0x00, 0x00, 0x00, 0x00, 0x00, 0x00, 0x00, 0x00, 0x00, 0x00, 0x00, 0x00, 0x00, 0x00, 0x00, 0x00, 
    0x00, 0x00, 0x00, 0x00, 0x00, 0x00, 0x00, 0x00, 0x00, 0x00, 0x00, 0x00, 0x00, 0x00, 0x00, 0x00, 
    0x00, 0x00, 0x00, 0x00, 0x00, 0x00, 0x00, 0x00, 0x00, 0x00, 0x00, 0x00, 0x00, 0x00, 0x00, 0x00, 
    0x00, 0x00, 0x00, 0x00, 0x00, 0x00, 0x00, 0x00, 0x00, 0x00, 0x00, 0x00, 0x00, 0x00, 0x00, 0x00, 
    0x00, 0x00, 0x00, 0x00, 0x00, 0x00, 0x00, 0x00, 0x00, 0x00, 0x00, 0x00, 0x00, 0x00, 0x00, 0x00, 
    0x00, 0x00, 0x00, 0x00, 0x00, 0x00, 0x00, 0x00, 0x00, 0x00, 0x00, 0x00, 0x00, 0x00, 0x00, 0x00, 
    0x00, 0x00, 0x00, 0x00, 0x00, 0x00, 0x00, 0x00, 0x00, 0x00, 0x00, 0x00, 0x00, 0x00, 0x00, 0x00, 
    0x00, 0x00, 0x00, 0x00, 0x00, 0x00, 0x00, 0x00, 0x00, 0x00, 0x00, 0x00, 0x00, 0x00, 0x00, 0x00, 
    0x00, 0x00, 0x00, 0x00, 0x00, 0x00, 0x00, 0x00, 0x00, 0x00, 0x00, 0x00, 0x00, 0x00, 0x00, 0x00, 
    0x00, 0x00, 0x00, 0x00, 0x00, 0x00, 0x00, 0x00, 0x00, 0x00, 0x00, 0x00, 0x00, 0x00, 0x00, 0x00, 
    0x00, 0x00, 0x00, 0x00, 0x00, 0x00, 0x00, 0x00, 0x00, 0x00, 0x00, 0x00, 0x00, 0x00, 0x00, 0x00, 
    0x00, 0x00, 0x00, 0x00, 0x00, 0x00, 0x00, 0x00, 0x00, 0x00, 0x00, 0x00, 0x00, 0x00, 0x00, 0x00, 
    0x00, 0x00, 0x00, 0x00, 0x00, 0x00, 0x00, 0x00, 0x00, 0x00, 0x00, 0x00, 0x00, 0x00, 0x00, 0x00, 
    0x00, 0x00, 0x00, 0x00, 0x00, 0x00, 0x00, 0x00, 0x00, 0x00, 0x00, 0x00, 0x00, 0x00, 0x00, 0x00, 
    0x00, 0x00, 0x00, 0x00, 0x00, 0x00, 0x00, 0x00, 0x00, 0x00, 0x00, 0x00, 0x00, 0x00, 0x00, 0x00, 
    0x00, 0x00, 0x00, 0x00, 0x00, 0x00, 0x00, 0x00, 0x00, 0x00, 0x00, 0x00, 0x00, 0x00, 0x00, 0x00, 
    0x00, 0x00, 0x00, 0x00, 0x00, 0x00, 0x00, 0x00, 0x00, 0x00, 0x00, 0x00, 0x00, 0x00, 0x00, 0x00, 
    0x00, 0x00, 0x00, 0x00, 0x00, 0x00, 0x00, 0x00, 0x00, 0x00, 0x00, 0x00, 0x00, 0x00, 0x00, 0x00, 
    0x00, 0x00, 0x00, 0x00, 0x00, 0x00, 0x00, 0x00, 0x00, 0x00, 0x00, 0x00, 0x00, 0x00, 0x00, 0x00, 
    0x00, 0x00, 0x00, 0x00, 0x00, 0x00, 0x00, 0x00, 0x00, 0x00, 0x00, 0x00, 0x00, 0x00, 0x00, 0x00, 
    0x00, 0x00, 0x00, 0x00, 0x00, 0x00, 0x00, 0x00, 0x00, 0x00, 0x00, 0x00, 0x00, 0x00, 0x00, 0x00, 
    0x00, 0x00, 0x00, 0x00, 0x00, 0x00, 0x00, 0x00, 0x00, 0x00, 0x00, 0x00, 0x00, 0x00, 0x00, 0x00, 
    0x00, 0x00, 0x00, 0x00, 0x00, 0x00, 0x00, 0x00, 0x00, 0x00, 0x00, 0x00, 0x00, 0x00, 0x00, 0x00, 
    0x00, 0x00, 0x00, 0x00, 0x00, 0x00, 0x00, 0x00, 0x00, 0x00, 0x00, 0x00, 0x00, 0x00, 0x00, 0x00, 
    0x00, 0x00, 0x00, 0x00, 0x00, 0x00, 0x00, 0x00, 0x00, 0x00, 0x00, 0x00, 0x00, 0x00, 0x00, 0x00, 
    0x00, 0x00, 0x00, 0x00, 0x00, 0x00, 0x00, 0x00, 0x00, 0x00, 0x00, 0x00, 0x00, 0x00, 0x00, 0x00, 
    0x00, 0x00, 0x00, 0x00, 0x00, 0x00, 0x00, 0x00, 0x00, 0x00, 0x00, 0x00, 0x00, 0x00, 0x00, 0x00, 
    0x00, 0x00, 0x00, 0x00, 0x00, 0x00, 0x00, 0x00, 0x00, 0x00, 0x00, 0x00, 0x00, 0x00, 0x00, 0x00, 
    0x00, 0x00, 0x00, 0x00, 0x00, 0x00, 0x00, 0x00, 0x00, 0x00, 0x00, 0x00, 0x00, 0x00, 0x00, 0x00, 
    0x00, 0x00, 0x00, 0x00, 0x00, 0x00, 0x00, 0x00, 0x00, 0x00, 0x00, 0x00, 0x00, 0x00, 0x00, 0x00, 
    0x00, 0x00, 0x00, 0x00, 0x00, 0x00, 0x00, 0x00, 0x00, 0x00, 0x00, 0x00, 0x00, 0x00, 0x00, 0x00, 
    0x00, 0x00, 0x00, 0x00, 0x00, 0x00, 0x00, 0x00, 0x00, 0x00, 0x00, 0x00, 0x00, 0x00, 0x00, 0x00, 
    0x00, 0x00, 0x00, 0x00, 0x00, 0x00, 0x00, 0x00, 0x00, 0x00, 0x00, 0x00, 0x00, 0x00, 0x00, 0x00, 
    0x00, 0x00, 0x00, 0x00, 0x00, 0x00, 0x00, 0x00, 0x00, 0x00, 0x00, 0x00, 0x00, 0x00, 0x00, 0x00, 
    0x00, 0x00, 0x00, 0x00, 0x00, 0x00, 0x00, 0x00, 0x00, 0x00, 0x00, 0x00, 0x00, 0x00, 0x00, 0x00, 
    0x00, 0x00, 0x00, 0x00, 0x00, 0x00, 0x00, 0x00, 0x00, 0x00, 0x00, 0x00, 0x00, 0x00, 0x00, 0x00, 
    0x00, 0x00, 0x00, 0x00, 0x00, 0x00, 0x00, 0x00, 0x00, 0x00, 0x00, 0x00, 0x00, 0x00, 0x00, 0x00, 
    0x00, 0x00, 0x00, 0x00, 0x00, 0x00, 0x00, 0x00, 0x00, 0x00, 0x00, 0x00, 0x00, 0x00, 0x00, 0x00, 
    0x00, 0x00, 0x00, 0x00, 0x00, 0x00, 0x00, 0x00, 0x00, 0x00, 0x00, 0x00, 0x00, 0x00, 0x00, 0x00, 
    0x00, 0x00, 0x00, 0x00, 0x00, 0x00, 0x00, 0x00, 0x00, 0x00, 0x00, 0x00, 0x00, 0x00, 0x00, 0x00, 
    0x00, 0x00, 0x00, 0x00, 0x00, 0x00, 0x00, 0x00, 0x00, 0x00, 0x00, 0x00, 0x00, 0x00, 0x00, 0x00, 
    0x00, 0x00, 0x00, 0x00, 0x00, 0x00, 0x00, 0x00, 0x00, 0x00, 0x00, 0x00, 0x00, 0x00, 0x00, 0x00, 
    0x00, 0x00, 0x00, 0x00, 0x00, 0x00, 0x00, 0x00, 0x00, 0x00, 0x00, 0x00, 0x00, 0x00, 0x00, 0x00, 
    0x00, 0x00, 0x00, 0x00, 0x00, 0x00, 0x00, 0x00, 0x00, 0x00, 0x00, 0x00, 0x00, 0x00, 0x00, 0x00, 
    0x00, 0x00, 0x00, 0x00, 0x00, 0x00, 0x00, 0x00, 0x00, 0x00, 0x00, 0x00, 0x00, 0x00, 0x00, 0x00, 
    0x00, 0x00, 0x00, 0x00, 0x00, 0x00, 0x00, 0x00, 0x00, 0x00, 0x00, 0x00, 0x00, 0x00, 0x00, 0x00, 
    0x00, 0x00, 0x00, 0x00, 0x00, 0x00, 0x00, 0x00, 0x00, 0x00, 0x00, 0x00, 0x00, 0x00, 0x00, 0x00, 
    0x00, 0x00, 0x00, 0x00, 0x00, 0x00, 0x00, 0x00, 0x00, 0x00, 0x00, 0x00, 0x00, 0x00, 0x00, 0x00, 
    0x00, 0x00, 0x00, 0x00, 0x00, 0x00, 0x00, 0x00, 0x00, 0x00, 0x00, 0x00, 0x00, 0x00, 0x00, 0x00, 
    0x00, 0x00, 0x00, 0x00, 0x00, 0x00, 0x00, 0x00, 0x00, 0x00, 0x00, 0x00, 0x00, 0x00, 0x00, 0x00, 
    0x00, 0x00, 0x00, 0x00, 0x00, 0x00, 0x00, 0x00, 0x00, 0x00, 0x00, 0x00, 0x00, 0x00, 0x00, 0x00, 
    0x00, 0x00, 0x00, 0x00, 0x00, 0x00, 0x00, 0x00, 0x00, 0x00, 0x00, 0x00, 0x00, 0x00, 0x00, 0x00, 
    0x00, 0x00, 0x00, 0x00, 0x00, 0x00, 0x00, 0x00, 0x00, 0x00, 0x00, 0x00, 0x00, 0x00, 0x00, 0x00, 
    0x00, 0x00, 0x00, 0x00, 0x00, 0x00, 0x00, 0x00, 0x00, 0x00, 0x00, 0x00, 0x00, 0x00, 0x00, 0x00, 
    0x00, 0x00, 0x00, 0x00, 0x00, 0x00, 0x00, 0x00, 0x00, 0x00, 0x00, 0x00, 0x00, 0x00, 0x00, 0x00, 
    0x00, 0x00, 0x00, 0x00, 0x00, 0x00, 0x00, 0x00, 0x00, 0x00, 0x00, 0x00, 0x00, 0x00, 0x00, 0x00, 
    0x00, 0x00, 0x00, 0x00, 0x00, 0x00, 0x00, 0x00, 0x00, 0x00, 0x00, 0x00, 0x00, 0x00, 0x00, 0x00, 
    0x00, 0x00, 0x00, 0x00, 0x00, 0x00, 0x00, 0x00, 0x00, 0x00, 0x00, 0x00, 0x00, 0x00, 0x00, 0x00, 
    0x00, 0x00, 0x00, 0x00, 0x00, 0x00, 0x00, 0x00, 0x00, 0x00, 0x00, 0x00, 0x00, 0x00, 0x00, 0x00, 
    0x00, 0x00, 0x00, 0x00, 0x00, 0x00, 0x00, 0x00, 0x00, 0x00, 0x00, 0x00, 0x00, 0x00, 0x00, 0x00, 
    0x00, 0x00, 0x00, 0x00, 0x00, 0x00, 0x00, 0x00, 0x00, 0x00, 0x00, 0x00, 0x00, 0x00, 0x00, 0x00, 
    0x00, 0x00, 0x00, 0x00, 0x00, 0x00, 0x00, 0x00, 0x00, 0x00, 0x00, 0x00, 0x00, 0x00, 0x00, 0x00, 
    0x00, 0x00, 0x00, 0x00, 0x00, 0x00, 0x00, 0x00, 0x00, 0x00, 0x00, 0x00, 0x00, 0x00, 0x00, 0x00, 
    0x00, 0x00, 0x00, 0x00, 0x00, 0x00, 0x00, 0x00, 0x00, 0x00, 0x00, 0x00, 0x00, 0x00, 0x00, 0x00, 
    0x00, 0x00, 0x00, 0x00, 0x00, 0x00, 0x00, 0x00, 0x00, 0x00, 0x00, 0x00, 0x00, 0x00, 0x00, 0x00, 
    0x00, 0x00, 0x00, 0x00, 0x00, 0x00, 0x00, 0x00, 0x00, 0x00, 0x00, 0x00, 0x00, 0x00, 0x00, 0x00, 
    0x00, 0x00, 0x00, 0x00, 0x00, 0x00, 0x00, 0x00, 0x00, 0x00, 0x00, 0x00, 0x00, 0x00, 0x00, 0x00, 
    0x00, 0x00, 0x00, 0x00, 0x00, 0x00, 0x00, 0x00, 0x00, 0x00, 0x00, 0x00, 0x00, 0x00, 0x00, 0x00, 
    0x00, 0x00, 0x00, 0x00, 0x00, 0x00, 0x00, 0x00, 0x00, 0x00, 0x00, 0x00, 0x00, 0x00, 0x00, 0x00, 
    0x00, 0x00, 0x00, 0x00, 0x00, 0x00, 0x00, 0x00, 0x00, 0x00, 0x00, 0x00, 0x00, 0x00, 0x00, 0x00, 
    0x00, 0x00, 0x00, 0x00, 0x00, 0x00, 0x00, 0x00, 0x00, 0x00, 0x00, 0x00, 0x00, 0x00, 0x00, 0x00, 
    0x00, 0x00, 0x00, 0x00, 0x00, 0x00, 0x00, 0x00, 0x00, 0x00, 0x00, 0x00, 0x00, 0x00, 0x00, 0x00, 
    0x00, 0x00, 0x00, 0x00, 0x00, 0x00, 0x00, 0x00, 0x00, 0x00, 0x00, 0x00, 0x00, 0x00, 0x00, 0x00, 
    0x00, 0x00, 0x00, 0x00, 0x00, 0x00, 0x00, 0x00, 0x00, 0x00, 0x00, 0x00, 0x00, 0x00, 0x00, 0x00, 
    0x00, 0x00, 0x00, 0x00, 0x00, 0x00, 0x00, 0x00, 0x00, 0x00, 0x00, 0x00, 0x00, 0x00, 0x00, 0x00, 
    0x00, 0x00, 0x00, 0x00, 0x00, 0x00, 0x00, 0x00, 0x00, 0x00, 0x00, 0x00, 0x00, 0x00, 0x00, 0x00, 
    0x00, 0x00, 0x00, 0x00, 0x00, 0x00, 0x00, 0x00, 0x00, 0x00, 0x00, 0x00, 0x00, 0x00, 0x00, 0x00, 
    0x00, 0x00, 0x00, 0x00, 0x00, 0x00, 0x00, 0x00, 0x00, 0x00, 0x00, 0x00, 0x00, 0x00, 0x00, 0x00, 
    0x00, 0x00, 0x00, 0x00, 0x00, 0x00, 0x00, 0x00, 0x00, 0x00, 0x00, 0x00, 0x00, 0x00, 0x00, 0x00, 
    0x00, 0x00, 0x00, 0x00, 0x00, 0x00, 0x00, 0x00, 0x00, 0x00, 0x00, 0x00, 0x00, 0x00, 0x00, 0x00, 
    0x00, 0x00, 0x00, 0x00, 0x00, 0x00, 0x00, 0x00, 0x00, 0x00, 0x00, 0x00, 0x00, 0x00, 0x00, 0x00, 
    0x00, 0x00, 0x00, 0x00, 0x00, 0x00, 0x00, 0x00, 0x00, 0x00, 0x00, 0x00, 0x00, 0x00, 0x00, 0x00, 
    0x00, 0x00, 0x00, 0x00, 0x00, 0x00, 0x00, 0x00, 0x00, 0x00, 0x00, 0x00, 0x00, 0x00, 0x00, 0x00, 
    0x00, 0x00, 0x00, 0x00, 0x00, 0x00, 0x00, 0x00, 0x00, 0x00, 0x00, 0x00, 0x00, 0x00, 0x00, 0x00, 
    0x00, 0x00, 0x00, 0x00, 0x00, 0x00, 0x00, 0x00, 0x00, 0x00, 0x00, 0x00, 0x00, 0x00, 0x00, 0x00, 
    0x00, 0x00, 0x00, 0x00, 0x00, 0x00, 0x00, 0x00, 0x00, 0x00, 0x00, 0x00, 0x00, 0x00, 0x00, 0x00, 
    0x00, 0x00, 0x00, 0x00, 0x00, 0x00, 0x00, 0x00, 0x00, 0x00, 0x00, 0x00, 0x00, 0x00, 0x00, 0x00, 
    0x00, 0x00, 0x00, 0x00, 0x00, 0x00, 0x00, 0x00, 0x00, 0x00, 0x00, 0x00, 0x00, 0x00, 0x00, 0x00, 
    0x00, 0x00, 0x00, 0x00, 0x00, 0x00, 0x00, 0x00, 0x00, 0x00, 0x00, 0x00, 0x00, 0x00, 0x00, 0x00, 
    0x00, 0x00, 0x00, 0x00, 0x00, 0x00, 0x00, 0x00, 0x00, 0x00, 0x00, 0x00, 0x00, 0x00, 0x00, 0x00, 
    0x00, 0x00, 0x00, 0x00, 0x00, 0x00, 0x00, 0x00, 0x00, 0x00, 0x00, 0x00, 0x00, 0x00, 0x00, 0x00, 
    0x00, 0x00, 0x00, 0x00, 0x00, 0x00, 0x00, 0x00, 0x00, 0x00, 0x00, 0x00, 0x00, 0x00, 0x00, 0x00, 
    0x00, 0x00, 0x00, 0x00, 0x00, 0x00, 0x00, 0x00, 0x00, 0x00, 0x00, 0x00, 0x00, 0x00, 0x00, 0x00, 
    0x00, 0x00, 0x00, 0x00, 0x00, 0x00, 0x00, 0x00, 0x00, 0x00, 0x00, 0x00, 0x00, 0x00, 0x00, 0x00, 
    0x00, 0x00, 0x00, 0x00, 0x00, 0x00, 0x00, 0x00, 0x00, 0x00, 0x00, 0x00, 0x00, 0x00, 0x00, 0x00, 
    0x00, 0x00, 0x00, 0x00, 0x00, 0x00, 0x00, 0x00, 0x00, 0x00, 0x00, 0x00, 0x00, 0x00, 0x00, 0x00, 
    0x00, 0x00, 0x00, 0x00, 0x00, 0x00, 0x00, 0x00, 0x00, 0x00, 0x00, 0x00, 0x00, 0x00, 0x00, 0x00, 
    0x00, 0x00, 0x00, 0x00, 0x00, 0x00, 0x00, 0x00, 0x00, 0x00, 0x00, 0x00, 0x00, 0x00, 0x00, 0x00, 
    0x00, 0x00, 0x00, 0x00, 0x00, 0x00, 0x00, 0x00, 0x00, 0x00, 0x00, 0x00, 0x00, 0x00, 0x00, 0x00, 
    0x00, 0x00, 0x00, 0x00, 0x00, 0x00, 0x00, 0x00, 0x00, 0x00, 0x00, 0x00, 0x00, 0x00, 0x00, 0x00, 
    0x00, 0x00, 0x00, 0x00, 0x00, 0x00, 0x00, 0x00, 0x00, 0x00, 0x00, 0x00, 0x00, 0x00, 0x00, 0x00, 
    0x00, 0x00, 0x00, 0x00, 0x00, 0x00, 0x00, 0x00, 0x00, 0x00, 0x00, 0x00, 0x00, 0x00, 0x00, 0x00, 
    0x00, 0x00, 0x00, 0x00, 0x00, 0x00, 0x00, 0x00, 0x00, 0x00, 0x00, 0x00, 0x00, 0x00, 0x00, 0x00, 
    0x00, 0x00, 0x00, 0x00, 0x00, 0x00, 0x00, 0x00, 0x00, 0x00, 0x00, 0x00, 0x00, 0x00, 0x00, 0x00, 
    0x00, 0x00, 0x00, 0x00, 0x00, 0x00, 0x00, 0x00, 0x00, 0x00, 0x00, 0x00, 0x00, 0x00, 0x00, 0x00, 
    0x00, 0x00, 0x00, 0x00, 0x00, 0x00, 0x00, 0x00, 0x00, 0x00, 0x00, 0x00, 0x00, 0x00, 0x00, 0x00, 
    0x00, 0x00, 0x00, 0x00, 0x00, 0x00, 0x00, 0x00, 0x00, 0x00, 0x00, 0x00, 0x00, 0x00, 0x00, 0x00, 
    0x00, 0x00, 0x00, 0x00, 0x00, 0x00, 0x00, 0x00, 0x00, 0x00, 0x00, 0x00, 0x00, 0x00, 0x00, 0x00, 
    0x00, 0x00, 0x00, 0x00, 0x00, 0x00, 0x00, 0x00, 0x00, 0x00, 0x00, 0x00, 0x00, 0x00, 0x00, 0x00, 
    0x00, 0x00, 0x00, 0x00, 0x00, 0x00, 0x00, 0x00, 0x00, 0x00, 0x00, 0x00, 0x00, 0x00, 0x00, 0x00, 
    0x00, 0x00, 0x00, 0x00, 0x00, 0x00, 0x00, 0x00, 0x00, 0x00, 0x00, 0x00, 0x00, 0x00, 0x00, 0x00, 
    0x00, 0x00, 0x00, 0x00, 0x00, 0x00, 0x00, 0x00, 0x00, 0x00, 0x00, 0x00, 0x00, 0x00, 0x00, 0x00, 
    0x00, 0x00, 0x00, 0x00, 0x00, 0x00, 0x00, 0x00, 0x00, 0x00, 0x00, 0x00, 0x00, 0x00, 0x00, 0x00, 
    0x00, 0x00, 0x00, 0x00, 0x00, 0x00, 0x00, 0x00, 0x00, 0x00, 0x00, 0x00, 0x00, 0x00, 0x00, 0x00, 
    0x00, 0x00, 0x00, 0x00, 0x00, 0x00, 0x00, 0x00, 0x00, 0x00, 0x00, 0x00, 0x00, 0x00, 0x00, 0x00, 
    0x00, 0x00, 0x00, 0x00, 0x00, 0x00, 0x00, 0x00, 0x00, 0x00, 0x00, 0x00, 0x00, 0x00, 0x00, 0x00, 
    0x00, 0x00, 0x00, 0x00, 0x00, 0x00, 0x00, 0x00, 0x00, 0x00, 0x00, 0x00, 0x00, 0x00, 0x00, 0x00, 
    0x00, 0x00, 0x00, 0x00, 0x00, 0x00, 0x00, 0x00, 0x00, 0x00, 0x00, 0x00, 0x00, 0x00, 0x00, 0x00, 
    0x00, 0x00, 0x00, 0x00, 0x00, 0x00, 0x00, 0x00, 0x00, 0x00, 0x00, 0x00, 0x00, 0x00, 0x00, 0x00, 
    0x00, 0x00, 0x00, 0x00, 0x00, 0x00, 0x00, 0x00, 0x00, 0x00, 0x00, 0x00, 0x00, 0x00, 0x00, 0x00, 
    0x00, 0x00, 0x00, 0x00, 0x00, 0x00, 0x00, 0x00, 0x00, 0x00, 0x00, 0x00, 0x00, 0x00, 0x00, 0x00, 
    0x00, 0x00, 0x00, 0x00, 0x00, 0x00, 0x00, 0x00, 0x00, 0x00, 0x00, 0x00, 0x00, 0x00, 0x00, 0x00, 
    0x00, 0x00, 0x00, 0x00, 0x00, 0x00, 0x00, 0x00, 0x00, 0x00, 0x00, 0x00, 0x00, 0x00, 0x00, 0x00, 
    0x00, 0x00, 0x00, 0x00, 0x00, 0x00, 0x00, 0x00, 0x00, 0x00, 0x00, 0x00, 0x00, 0x00, 0x00, 0x00, 
    0x00, 0x00, 0x00, 0x00, 0x00, 0x00, 0x00, 0x00, 0x00, 0x00, 0x00, 0x00, 0x00, 0x00, 0x00, 0x00, 
    0x00, 0x00, 0x00, 0x00, 0x00, 0x00, 0x00, 0x00, 0x00, 0x00, 0x00, 0x00, 0x00, 0x00, 0x00, 0x00, 
    0x00, 0x00, 0x00, 0x00, 0x00, 0x00, 0x00, 0x00, 0x00, 0x00, 0x00, 0x00, 0x00, 0x00, 0x00, 0x00, 
    0x00, 0x00, 0x00, 0x00, 0x00, 0x00, 0x00, 0x00, 0x00, 0x00, 0x00, 0x00, 0x00, 0x00, 0x00, 0x00, 
    0x00, 0x00, 0x00, 0x00, 0x00, 0x00, 0x00, 0x00, 0x00, 0x00, 0x00, 0x00, 0x00, 0x00, 0x00, 0x00, 
    0x00, 0x00, 0x00, 0x00, 0x00, 0x00, 0x00, 0x00, 0x00, 0x00, 0x00, 0x00, 0x00, 0x00, 0x00, 0x00, 
    0x00, 0x00, 0x00, 0x00, 0x00, 0x00, 0x00, 0x00, 0x00, 0x00, 0x00, 0x00, 0x00, 0x00, 0x00, 0x00, 
    0x00, 0x00, 0x00, 0x00, 0x00, 0x00, 0x00, 0x00, 0x00, 0x00, 0x00, 0x00, 0x00, 0x00, 0x00, 0x00, 
    0x00, 0x00, 0x00, 0x00, 0x00, 0x00, 0x00, 0x00, 0x00, 0x00, 0x00, 0x00, 0x00, 0x00, 0x00, 0x00, 
    0x00, 0x00, 0x00, 0x00, 0x00, 0x00, 0x00, 0x00, 0x00, 0x00, 0x00, 0x00, 0x00, 0x00, 0x00, 0x00, 
    0x00, 0x00, 0x00, 0x00, 0x00, 0x00, 0x00, 0x00, 0x00, 0x00, 0x00, 0x00, 0x00, 0x00, 0x00, 0x00, 
    0x00, 0x00, 0x00, 0x00, 0x00, 0x00, 0x00, 0x00, 0x00, 0x00, 0x00, 0x00, 0x00, 0x00, 0x00, 0x00, 
    0x00, 0x00, 0x00, 0x00, 0x00, 0x00, 0x00, 0x00, 0x00, 0x00, 0x00, 0x00, 0x00, 0x00, 0x00, 0x00, 
    0x00, 0x00, 0x00, 0x00, 0x00, 0x00, 0x00, 0x00, 0x00, 0x00, 0x00, 0x00, 0x00, 0x00, 0x00, 0x00, 
    0x00, 0x00, 0x00, 0x00, 0x00, 0x00, 0x00, 0x00, 0x00, 0x00, 0x00, 0x00, 0x00, 0x00, 0x00, 0x00, 
    0x00, 0x00, 0x00, 0x00, 0x00, 0x00, 0x00, 0x00, 0x00, 0x00, 0x00, 0x00, 0x00, 0x00, 0x00, 0x00, 
    0x00, 0x00, 0x00, 0x00, 0x00, 0x00, 0x00, 0x00, 0x00, 0x00, 0x00, 0x00, 0x00, 0x00, 0x00, 0x00, 
    0x00, 0x00, 0x00, 0x00, 0x00, 0x00, 0x00, 0x00, 0x00, 0x00, 0x00, 0x00, 0x00, 0x00, 0x00, 0x00, 
    0x00, 0x00, 0x00, 0x00, 0x00, 0x00, 0x00, 0x00, 0x00, 0x00, 0x00, 0x00, 0x00, 0x00, 0x00, 0x00, 
    0x00, 0x00, 0x00, 0x00, 0x00, 0x00, 0x00, 0x00, 0x00, 0x00, 0x00, 0x00, 0x00, 0x00, 0x00, 0x00, 
    0x00, 0x00, 0x00, 0x00, 0x00, 0x00, 0x00, 0x00, 0x00, 0x00, 0x00, 0x00, 0x00, 0x00, 0x00, 0x00, 
    0x00, 0x00, 0x00, 0x00, 0x00, 0x00, 0x00, 0x00, 0x00, 0x00, 0x00, 0x00, 0x00, 0x00, 0x00, 0x00, 
    0x00, 0x00, 0x00, 0x00, 0x00, 0x00, 0x00, 0x00, 0x00, 0x00, 0x00, 0x00, 0x00, 0x00, 0x00, 0x00, 
    0x00, 0x00, 0x00, 0x00, 0x00, 0x00, 0x00, 0x00, 0x00, 0x00, 0x00, 0x00, 0x00, 0x00, 0x00, 0x00, 
    0x00, 0x00, 0x00, 0x00, 0x00, 0x00, 0x00, 0x00, 0x00, 0x00, 0x00, 0x00, 0x00, 0x00, 0x00, 0x00, 
    0x00, 0x00, 0x00, 0x00, 0x00, 0x00, 0x00, 0x00, 0x00, 0x00, 0x00, 0x00, 0x00, 0x00, 0x00, 0x00, 
    0x00, 0x00, 0x00, 0x00, 0x00, 0x00, 0x00, 0x00, 0x00, 0x00, 0x00, 0x00, 0x00, 0x00, 0x00, 0x00, 
    0x00, 0x00, 0x00, 0x00, 0x00, 0x00, 0x00, 0x00, 0x00, 0x00, 0x00, 0x00, 0x00, 0x00, 0x00, 0x00, 
    0x00, 0x00, 0x00, 0x00, 0x00, 0x00, 0x00, 0x00, 0x00, 0x00, 0x00, 0x00, 0x00, 0x00, 0x00, 0x00, 
    0x00, 0x00, 0x00, 0x00, 0x00, 0x00, 0x00, 0x00, 0x00, 0x00, 0x00, 0x00, 0x00, 0x00, 0x00, 0x00, 
    0x00, 0x00, 0x00, 0x00, 0x00, 0x00, 0x00, 0x00, 0x00, 0x00, 0x00, 0x00, 0x00, 0x00, 0x00, 0x00, 
    0x00, 0x00, 0x00, 0x00, 0x00, 0x00, 0x00, 0x00, 0x00, 0x00, 0x00, 0x00, 0x00, 0x00, 0x00, 0x00, 
    0x00, 0x00, 0x00, 0x00, 0x00, 0x00, 0x00, 0x00, 0x00, 0x00, 0x00, 0x00, 0x00, 0x00, 0x00, 0x00, 
    0x00, 0x00, 0x00, 0x00, 0x00, 0x00, 0x00, 0x00, 0x00, 0x00, 0x00, 0x00, 0x00, 0x00, 0x00, 0x00, 
    0x00, 0x00, 0x00, 0x00, 0x00, 0x00, 0x00, 0x00, 0x00, 0x00, 0x00, 0x00, 0x00, 0x00, 0x00, 0x00, 
    0x00, 0x00, 0x00, 0x00, 0x00, 0x00, 0x00, 0x00, 0x00, 0x00, 0x00, 0x00, 0x00, 0x00, 0x00, 0x00, 
    0x00, 0x00, 0x00, 0x00, 0x00, 0x00, 0x00, 0x00, 0x00, 0x00, 0x00, 0x00, 0x00, 0x00, 0x00, 0x00, 
    0x00, 0x00, 0x00, 0x00, 0x00, 0x00, 0x00, 0x00, 0x00, 0x00, 0x00, 0x00, 0x00, 0x00, 0x00, 0x00, 
    0x00, 0x00, 0x00, 0x00, 0x00, 0x00, 0x00, 0x00, 0x00, 0x00, 0x00, 0x00, 0x00, 0x00, 0x00, 0x00, 
    0x00, 0x00, 0x00, 0x00, 0x00, 0x00, 0x00, 0x00, 0x00, 0x00, 0x00, 0x00, 0x00, 0x00, 0x00, 0x00, 
    0x00, 0x00, 0x00, 0x00, 0x00, 0x00, 0x00, 0x00, 0x00, 0x00, 0x00, 0x00, 0x00, 0x00, 0x00, 0x00, 
    0x00, 0x00, 0x00, 0x00, 0x00, 0x00, 0x00, 0x00, 0x00, 0x00, 0x00, 0x00, 0x00, 0x00, 0x00, 0x00, 
    0x00, 0x00, 0x00, 0x00, 0x00, 0x00, 0x00, 0x00, 0x00, 0x00, 0x00, 0x00, 0x00, 0x00, 0x00, 0x00, 
    0x00, 0x00, 0x00, 0x00, 0x00, 0x00, 0x00, 0x00, 0x00, 0x00, 0x00, 0x00, 0x00, 0x00, 0x00, 0x00, 
    0x00, 0x00, 0x00, 0x00, 0x00, 0x00, 0x00, 0x00, 0x00, 0x00, 0x00, 0x00, 0x00, 0x00, 0x00, 0x00, 
    0x00, 0x00, 0x00, 0x00, 0x00, 0x00, 0x00, 0x00, 0x00, 0x00, 0x00, 0x00, 0x00, 0x00, 0x00, 0x00, 
    0x00, 0x00, 0x00, 0x00, 0x00, 0x00, 0x00, 0x00, 0x00, 0x00, 0x00, 0x00, 0x00, 0x00, 0x00, 0x00, 
    0x00, 0x00, 0x00, 0x00, 0x00, 0x00, 0x00, 0x00, 0x00, 0x00, 0x00, 0x00, 0x00, 0x00, 0x00, 0x00, 
    0x00, 0x00, 0x00, 0x00, 0x00, 0x00, 0x00, 0x00, 0x00, 0x00, 0x00, 0x00, 0x00, 0x00, 0x00, 0x00, 
    0x00, 0x00, 0x00, 0x00, 0x00, 0x00, 0x00, 0x00, 0x00, 0x00, 0x00, 0x00, 0x00, 0x00, 0x00, 0x00, 
    0x00, 0x00, 0x00, 0x00, 0x00, 0x00, 0x00, 0x00, 0x00, 0x00, 0x00, 0x00, 0x00, 0x00, 0x00, 0x00, 
    0x00, 0x00, 0x00, 0x00, 0x00, 0x00, 0x00, 0x00, 0x00, 0x00, 0x00, 0x00, 0x00, 0x00, 0x00, 0x00, 
    0x00, 0x00, 0x00, 0x00, 0x00, 0x00, 0x00, 0x00, 0x00, 0x00, 0x00, 0x00, 0x00, 0x00, 0x00, 0x00, 
    0x00, 0x00, 0x00, 0x00, 0x00, 0x00, 0x00, 0x00, 0x00, 0x00, 0x00, 0x00, 0x00, 0x00, 0x00, 0x00, 
    0x00, 0x00, 0x00, 0x00, 0x00, 0x00, 0x00, 0x00, 0x00, 0x00, 0x00, 0x00, 0x00, 0x00, 0x00, 0x00, 
    0x00, 0x00, 0x00, 0x00, 0x00, 0x00, 0x00, 0x00, 0x00, 0x00, 0x00, 0x00, 0x00, 0x00, 0x00, 0x00, 
    0x00, 0x00, 0x00, 0x00, 0x00, 0x00, 0x00, 0x00, 0x00, 0x00, 0x00, 0x00, 0x00, 0x00, 0x00, 0x00, 
    0x00, 0x00, 0x00, 0x00, 0x00, 0x00, 0x00, 0x00, 0x00, 0x00, 0x00, 0x00, 0x00, 0x00, 0x00, 0x00, 
    0x00, 0x00, 0x00, 0x00, 0x00, 0x00, 0x00, 0x00, 0x00, 0x00, 0x00, 0x00, 0x00, 0x00, 0x00, 0x00, 
    0x00, 0x00, 0x00, 0x00, 0x00, 0x00, 0x00, 0x00, 0x00, 0x00, 0x00, 0x00, 0x00, 0x00, 0x00, 0x00, 
    0x00, 0x00, 0x00, 0x00, 0x00, 0x00, 0x00, 0x00, 0x00, 0x00, 0x00, 0x00, 0x00, 0x00, 0x00, 0x00, 
    0x00, 0x00, 0x00, 0x00, 0x00, 0x00, 0x00, 0x00, 0x00, 0x00, 0x00, 0x00, 0x00, 0x00, 0x00, 0x00, 
    0x00, 0x00, 0x00, 0x00, 0x00, 0x00, 0x00, 0x00, 0x00, 0x00, 0x00, 0x00, 0x00, 0x00, 0x00, 0x00, 
    0x00, 0x00, 0x00, 0x00, 0x00, 0x00, 0x00, 0x00, 0x00, 0x00, 0x00, 0x00, 0x00, 0x00, 0x00, 0x00, 
    0x00, 0x00, 0x00, 0x00, 0x00, 0x00, 0x00, 0x00, 0x00, 0x00, 0x00, 0x00, 0x00, 0x00, 0x00, 0x00, 
    0x2b, 0xf7, 0x09, 0x73, 0xed, 0x08, 0x01, 0x00, 0x33, 0x00, 0x49, 0x64, 0x00, 0x00, 0x00, 0x00, 
    0x00, 0x00, 0x00, 0x00, 0x00, 0x00, 0x00, 0x00, 0x00, 0x00, 0x00, 0x00, 0x00, 0x00, 0x00, 0x00, 
    0x00, 0x00, 0x00, 0x00, 0x00, 0x00, 0x00, 0x00, 0x00, 0x00, 0x00, 0x00, 0x00, 0x00, 0x00, 0x00, 
    0x00, 0x00, 0x00, 0x00, 0x00, 0x00, 0x00, 0x00, 0x00, 0x00, 0x00, 0x00, 0x00, 0x00, 0x00, 0x00, 
    0x00, 0x00, 0x00, 0x00, 0x00, 0x00, 0x00, 0x00, 0x00, 0x00, 0x00, 0x00, 0x00, 0x00, 0x00, 0x00, 
    0x00, 0x00, 0x00, 0x00, 0x00, 0x00, 0x00, 0x00, 0x00, 0x00, 0x00, 0x00, 0x00, 0x00, 0x00, 0x00, 
    0x00, 0x00, 0x00, 0x00, 0x00, 0x00, 0x00, 0x00, 0x00, 0x00, 0x00, 0x00, 0x00, 0x00, 0x00, 0x00, 
    0x00, 0x00, 0x00, 0x00, 0x00, 0x00, 0x00, 0x00, 0x00, 0x00, 0x00, 0x00, 0x00, 0x00, 0x00, 0x00, 
    0x00, 0x00, 0x00, 0x00, 0x00, 0x00, 0x00, 0x00, 0x00, 0x00, 0x00, 0x00, 0x00, 0x00, 0x00, 0x00, 
    0x00, 0x00, 0x00, 0x00, 0x00, 0x00, 0x00, 0x00, 0x00, 0x00, 0x00, 0x00, 0x00, 0x00, 0x00, 0x00, 
    0x00, 0x00, 0x00, 0x00, 0x00, 0x00, 0x00, 0x00, 0x00, 0x00, 0x00, 0x00, 0x00, 0x00, 0x00, 0x00, 
    0x00, 0x00, 0x00, 0x00, 0x00, 0x00, 0x00, 0x00, 0x00, 0x00, 0x00, 0x00, 0x00, 0x00, 0x00, 0x00, 
    0x00, 0x00, 0x00, 0x00, 0x00, 0x00, 0x00, 0x00, 0x00, 0x00, 0x00, 0x00, 0x00, 0x00, 0x00, 0x00, 
    0x00, 0x00, 0x00, 0x00, 0x07, 0x00, 0x53, 0x7a, 0x00, 0x0c, 0x00, 0x00, 0x00, 0x40, 0x00, 0x00, 
    0x00, 0x00, 0x00, 0x00, 0x44, 0x00, 0x00, 0x00, 0x80, 0x00, 0x00, 0x00, 0x36, 0x00, 0x00, 0x00, 
    0x07, 0x00, 0x56, 0x72, 0x76, 0x32, 0x2e, 0x34, 0x38, 0x2e, 0x30, 0x2e, 0x32, 0x36, 0x30, 0x36, 
    0x32, 0x36, 0x31, 0x32, 0x30, 0x36, 0x33, 0x35, 0x2e, 0x00, 0x00, 0x00, 0x9b, 0x08, 0x4f, 0x70, 
    0x4f, 0x3d, 0x32, 0x3b, 0x73, 0x65, 0x71, 0x5f, 0x73, 0x66, 0x5f, 0x61, 0x6c, 0x67, 0x6f, 0x5f, 
    0x73, 0x65, 0x6c, 0x65, 0x63, 0x74, 0x6f, 0x72, 0x3d, 0x68, 0x65, 0x75, 0x72, 0x69, 0x73, 0x74, 
    0x69, 0x63, 0x3b, 0x30, 0x38, 0x3d, 0x64, 0x70, 0x3b, 0x30, 0x34, 0x67, 0x72, 0x65, 0x65, 0x64, 
    0x79, 0x5f, 0x63, 0x66, 0x67, 0x3d, 0x66, 0x67, 0x5f, 0x73, 0x6d, 0x61, 0x72, 0x74, 0x5f, 0x70, 
    0x65, 0x72, 0x74, 0x75, 0x72, 0x62, 0x65, 0x64, 0x3b, 0x30, 0x34, 0x6f, 0x70, 0x5f, 0x73, 0x6f, 
    0x72, 0x74, 0x5f, 0x62, 0x79, 0x3d, 0x6f, 0x66, 0x66, 0x73, 0x65, 0x74, 0x5f, 0x73, 0x6d, 0x61, 
    0x72, 0x74, 0x3b, 0x61, 0x6c, 0x6c, 0x6f, 0x63, 0x61, 0x74, 0x6f, 0x72, 0x5f, 0x76, 0x65, 0x72, 
    0x73, 0x69, 0x6f, 0x6e, 0x3d, 0x72, 0x65, 0x73, 0x65, 0x72, 0x76, 0x69, 0x6e, 0x67, 0x3b, 0x30, 
    0x32, 0x5f, 0x62, 0x61, 0x63, 0x6b, 0x74, 0x72, 0x61, 0x63, 0x6b, 0x69, 0x6e, 0x67, 0x3d, 0x30, 
    0x3b, 0x63, 0x61, 0x6e, 0x5f, 0x66, 0x69, 0x6e, 0x65, 0x5f, 0x73, 0x70, 0x6c, 0x69, 0x74, 0x3d, 
    0x30, 0x3b, 0x33, 0x34, 0x72, 0x65, 0x73, 0x65, 0x71, 0x75, 0x65, 0x6e, 0x63, 0x65, 0x72, 0x3d, 
    0x73, 0x66, 0x70, 0x3b, 0x65, 0x6e, 0x61, 0x62, 0x6c, 0x65, 0x5f, 0x73, 0x75, 0x70, 0x65, 0x72, 
    0x74, 0x69, 0x6c, 0x65, 0x3d, 0x31, 0x3b, 0x30, 0x34, 0x61, 0x75, 0x74, 0x6f, 0x74, 0x68, 0x72, 
    0x65, 0x61, 0x64, 0x3d, 0x30, 0x3b, 0x32, 0x34, 0x73, 0x76, 0x66, 0x5f, 0x65, 0x6e, 0x3d, 0x74, 
    0x72, 0x75, 0x65, 0x3b, 0x37, 0x43, 0x6d, 0x6f, 0x64, 0x65, 0x3d, 0x61, 0x75, 0x74, 0x6f, 0x6d, 
    0x61, 0x74, 0x69, 0x63, 0x3b, 0x38, 0x45, 0x5f, 0x6f, 0x66, 0x66, 0x73, 0x65, 0x74, 0x5f, 0x6f, 
    0x72, 0x64, 0x65, 0x72, 0x3d, 0x62, 0x78, 0x79, 0x6e, 0x73, 0x3b, 0x30, 0x34, 0x74, 0x69, 0x65, 
    0x62, 0x72, 0x65, 0x61, 0x6b, 0x5f, 0x6c, 0x69, 0x73, 0x74, 0x3d, 0x69, 0x6f, 0x5f, 0x64, 0x69, 
    0x73, 0x74, 0x2c, 0x62, 0x72, 0x61, 0x6e, 0x63, 0x68, 0x5f, 0x73, 0x69, 0x7a, 0x65, 0x2c, 0x6e, 
    0x61, 0x6d, 0x65, 0x3b, 0x33, 0x35, 0x66, 0x70, 0x5f, 0x72, 0x61, 0x6e, 0x67, 0x65, 0x5f, 0x6c, 
    0x69, 0x6d, 0x69, 0x74, 0x3d, 0x39, 0x36, 0x3b, 0x73, 0x63, 0x68, 0x65, 0x64, 0x5f, 0x72, 0x65, 
    0x67, 0x69, 0x6f, 0x6e, 0x73, 0x3d, 0x32, 0x30, 0x30, 0x3b, 0x30, 0x33, 0x74, 0x69, 0x6d, 0x65, 
    0x6f, 0x75, 0x74, 0x3d, 0x31, 0x32, 0x30, 0x30, 0x30, 0x30, 0x30, 0x3b, 0x30, 0x33, 0x66, 0x75, 
    0x6c, 0x6c, 0x5f, 0x72, 0x65, 0x74, 0x72, 0x69, 0x65, 0x73, 0x3d, 0x33, 0x3b, 0x30, 0x33, 0x61, 
    0x66, 0x74, 0x65, 0x72, 0x62, 0x75, 0x72, 0x6e, 0x65, 0x72, 0x3d, 0x74, 0x72, 0x75, 0x65, 0x3b, 
    0x30, 0x33, 0x6f, 0x75, 0x74, 0x65, 0x72, 0x5f, 0x74, 0x69, 0x6d, 0x65, 0x6f, 0x75, 0x74, 0x3d, 
    0x33, 0x36, 0x30, 0x30, 0x30, 0x30, 0x30, 0x3b, 0x31, 0x34, 0x62, 0x6f, 0x72, 0x74, 0x5f, 0x6f, 
    0x6e, 0x5f, 0x6d, 0x69, 0x73, 0x74, 0x61, 0x6b, 0x65, 0x3d, 0x66, 0x61, 0x6c, 0x73, 0x65, 0x3b, 
    0x33, 0x34, 0x61, 0x73, 0x74, 0x5f, 0x74, 0x68, 0x72, 0x65, 0x73, 0x68, 0x6f, 0x6c, 0x64, 0x5f, 
    0x72, 0x61, 0x74, 0x69, 0x6f, 0x3d, 0x30, 0x78, 0x31, 0x2e, 0x38, 0x70, 0x2d, 0x31, 0x3b, 0x35, 
    0x34, 0x68, 0x72, 0x65, 0x73, 0x68, 0x6f, 0x6c, 0x64, 0x5f, 0x72, 0x61, 0x74, 0x69, 0x6f, 0x3d, 
    0x30, 0x78, 0x31, 0x2e, 0x38, 0x70, 0x2d, 0x31, 0x3b, 0x30, 0x45, 0x65, 0x64, 0x75, 0x63, 0x74, 
    0x69, 0x6f, 0x6e, 0x5f, 0x6c, 0x69, 0x73, 0x74, 0x3d, 0x3c, 0x30, 0x2e, 0x31, 0x35, 0x2c, 0x30, 
    0x2e, 0x31, 0x35, 0x2c, 0x30, 0x2e, 0x31, 0x35, 0x2c, 0x30, 0x2e, 0x31, 0x35, 0x3e, 0x3b, 0x30, 
    0x33, 0x65, 0x61, 0x72, 0x6c, 0x79, 0x5f, 0x6f, 0x75, 0x74, 0x3d, 0x74, 0x72, 0x75, 0x65, 0x3b, 
    0x30, 0x33, 0x68, 0x69, 0x6e, 0x74, 0x5f, 0x64, 0x65, 0x70, 0x74, 0x68, 0x77, 0x69, 0x73, 0x65, 
    0x3d, 0x66, 0x61, 0x6c, 0x73, 0x65, 0x3b, 0x30, 0x33, 0x64, 0x65, 0x6c, 0x61, 0x79, 0x5f, 0x64, 
    0x6d, 0x61, 0x3d, 0x74, 0x72, 0x75, 0x65, 0x3b, 0x30, 0x33, 0x6c, 0x6f, 0x77, 0x65, 0x72, 0x5f, 
    0x74, 0x68, 0x72, 0x65, 0x73, 0x68, 0x6f, 0x6c, 0x64, 0x5f, 0x72, 0x61, 0x74, 0x69, 0x6f, 0x3d, 
    0x30, 0x78, 0x31, 0x2e, 0x38, 0x70, 0x2d, 0x31, 0x3b, 0x30, 0x33, 0x72, 0x61, 0x6e, 0x64, 0x6f, 
    0x6d, 0x5f, 0x63, 0x75, 0x74, 0x5f, 0x72, 0x65, 0x6d, 0x6f, 0x76, 0x61, 0x6c, 0x3d, 0x30, 0x3b, 
    0x30, 0x41, 0x70, 0x69, 0x63, 0x6b, 0x5f, 0x72, 0x61, 0x74, 0x69, 0x6f, 0x36, 0x34, 0x3d, 0x30, 
    0x3b, 0x33, 0x34, 0x69, 0x73, 0x63, 0x61, 0x72, 0x64, 0x5f, 0x62, 0x61, 0x64, 0x5f, 0x73, 0x63, 
    0x6f, 0x72, 0x69, 0x6e, 0x67, 0x5f, 0x63, 0x75, 0x74, 0x73, 0x3d, 0x66, 0x61, 0x6c, 0x73, 0x65, 
    0x3b, 0x34, 0x35, 0x62, 0x75, 0x67, 0x3d, 0x30, 0x3b, 0x32, 0x34, 0x65, 0x67, 0x69, 0x6f, 0x6e, 
    0x73, 0x5f, 0x6c, 0x69, 0x73, 0x74, 0x3d, 0x3c, 0x32, 0x30, 0x30, 0x2c, 0x34, 0x30, 0x30, 0x2c, 
    0x32, 0x30, 0x30, 0x3e, 0x3b, 0x39, 0x34, 0x69, 0x6d, 0x65, 0x6f, 0x75, 0x74, 0x5f, 0x6c, 0x69, 
    0x73, 0x74, 0x3d, 0x3b, 0x30, 0x34, 0x68, 0x72, 0x65, 0x73, 0x68, 0x6f, 0x6c, 0x64, 0x5f, 0x72, 
    0x61, 0x74, 0x69, 0x6f, 0x5f, 0x6c, 0x69, 0x73, 0x74, 0x3d, 0x3b, 0x30, 0x33, 0x65, 0x61, 0x72, 
    0x6c, 0x79, 0x5f, 0x6f, 0x75, 0x74, 0x5f, 0x6c, 0x69, 0x73, 0x74, 0x3d, 0x3b, 0x30, 0x33, 0x68, 
    0x69, 0x6e, 0x74, 0x5f, 0x64, 0x65, 0x70, 0x74, 0x68, 0x77, 0x69, 0x73, 0x65, 0x5f, 0x6c, 0x69, 
    0x73, 0x74, 0x3d, 0x3b, 0x37, 0x4d, 0x5f, 0x6c, 0x69, 0x73, 0x74, 0x3d, 0x3b, 0x73, 0x65, 0x71, 
    0x5f, 0x73, 0x66, 0x5f, 0x64, 0x70, 0x5f, 0x67, 0x72, 0x65, 0x65, 0x64, 0x79, 0x5f, 0x66, 0x61, 
    0x6c, 0x6c, 0x62, 0x61, 0x63, 0x6b, 0x5f, 0x74, 0x68, 0x72, 0x65, 0x73, 0x68, 0x6f, 0x6c, 0x64, 
    0x3d, 0x32, 0x37, 0x30, 0x30, 0x30, 0x3b, 0x30, 0x34, 0x67, 0x72, 0x6f, 0x75, 0x70, 0x5f, 0x62, 
    0x72, 0x65, 0x61, 0x6b, 0x75, 0x70, 0x5f, 0x63, 0x66, 0x67, 0x3d, 0x6f, 0x75, 0x74, 0x70, 0x75, 
    0x74, 0x5f, 0x73, 0x69, 0x7a, 0x65, 0x2b, 0x74, 0x63, 0x6d, 0x2b, 0x64, 0x64, 0x72, 0x2b, 0x69, 
    0x73, 0x6f, 0x6c, 0x61, 0x74, 0x65, 0x64, 0x5f, 0x73, 0x5f, 0x64, 0x69, 0x6d, 0x2b, 0x73, 0x5f, 
    0x64, 0x69, 0x6d, 0x5f, 0x6f, 0x66, 0x66, 0x73, 0x65, 0x74, 0x3b, 0x30, 0x31, 0x70, 0x72, 0x65, 
    0x63, 0x6f, 0x6d, 0x70, 0x5f, 0x6b, 0x65, 0x79, 0x73, 0x5f, 0x75, 0x73, 0x65, 0x73, 0x5f, 0x73, 
    0x5f, 0x64, 0x69, 0x6d, 0x5f, 0x6f, 0x66, 0x66, 0x73, 0x65, 0x74, 0x73, 0x3d, 0x74, 0x72, 0x75, 
    0x65, 0x3b, 0x31, 0x49, 0x6d, 0x65, 0x72, 0x67, 0x65, 0x5f, 0x63, 0x66, 0x67, 0x3d, 0x73, 0x6d, 
    0x61, 0x6c, 0x6c, 0x5f, 0x67, 0x72, 0x6f, 0x75, 0x70, 0x73, 0x2b, 0x6c, 0x61, 0x72, 0x67, 0x65, 
    0x5f, 0x67, 0x72, 0x6f, 0x75, 0x70, 0x73, 0x3b, 0x33, 0x37, 0x70, 0x6f, 0x70, 0x75, 0x6c, 0x61, 
    0x72, 0x5f, 0x67, 0x72, 0x6f, 0x75, 0x70, 0x73, 0x5f, 0x65, 0x6e, 0x3d, 0x74, 0x72, 0x75, 0x65, 
    0x3b, 0x30, 0x37, 0x73, 0x70, 0x6c, 0x69, 0x74, 0x68, 0x69, 0x73, 0x74, 0x5f, 0x62, 0x61, 0x73, 
    0x65, 0x64, 0x5f, 0x6f, 0x66, 0x66, 0x73, 0x65, 0x74, 0x73, 0x5f, 0x65, 0x6e, 0x3d, 0x74, 0x72, 
    0x75, 0x65, 0x3b, 0x30, 0x34, 0x70, 0x69, 0x6e, 0x5f, 0x6d, 0x6f, 0x64, 0x65, 0x3d, 0x64, 0x65, 
    0x66, 0x61, 0x75, 0x6c, 0x74, 0x5f, 0x70, 0x69, 0x6e, 0x3b, 0x30, 0x34, 0x73, 0x76, 0x66, 0x5f, 
    0x61, 0x62, 0x6f, 0x72, 0x74, 0x5f, 0x65, 0x6e, 0x3d, 0x66, 0x61, 0x6c, 0x73, 0x65, 0x3b, 0x30, 
    0x34, 0x6c, 0x76, 0x66, 0x5f, 0x70, 0x61, 0x72, 0x61, 0x6c, 0x6c, 0x65, 0x6c, 0x69, 0x73, 0x6d, 
    0x5f, 0x63, 0x66, 0x67, 0x3d, 0x6f, 0x66, 0x66, 0x3b, 0x31, 0x37, 0x30, 0x5f, 0x70, 0x61, 0x72, 
    0x61, 0x6c, 0x6c, 0x65, 0x6c, 0x69, 0x73, 0x6d, 0x5f, 0x63, 0x66, 0x67, 0x3d, 0x38, 0x68, 0x6d, 
    0x78, 0x2b, 0x38, 0x68, 0x76, 0x78, 0x2b, 0x31, 0x68, 0x6c, 0x78, 0x2b, 0x38, 0x6f, 0x74, 0x68, 
    0x65, 0x72, 0x73, 0x3b, 0x30, 0x37, 0x31, 0x5f, 0x70, 0x61, 0x72, 0x61, 0x6c, 0x6c, 0x65, 0x6c, 
    0x69, 0x73, 0x6d, 0x5f, 0x63, 0x66, 0x67, 0x3d, 0x34, 0x68, 0x6d, 0x78, 0x2b, 0x38, 0x68, 0x76, 
    0x78, 0x2b, 0x31, 0x68, 0x6c, 0x78, 0x2b, 0x38, 0x6f, 0x74, 0x68, 0x65, 0x72, 0x73, 0x3b, 0x30, 
    0x37, 0x32, 0x5f, 0x70, 0x61, 0x72, 0x61, 0x6c, 0x6c, 0x65, 0x6c, 0x69, 0x73, 0x6d, 0x5f, 0x63, 
    0x66, 0x67, 0x3d, 0x32, 0x68, 0x6d, 0x78, 0x2b, 0x34, 0x68, 0x76, 0x78, 0x2b, 0x31, 0x68, 0x6c, 
    0x78, 0x2b, 0x38, 0x6f, 0x74, 0x68, 0x65, 0x72, 0x73, 0x3b, 0x30, 0x34, 0x6d, 0x6c, 0x68, 0x5f, 
    0x73, 0x76, 0x66, 0x5f, 0x6d, 0x61, 0x78, 0x5f, 0x74, 0x63, 0x6d, 0x5f, 0x72, 0x61, 0x74, 0x69, 
    0x6f, 0x3d, 0x30, 0x78, 0x31, 0x2e, 0x66, 0x30, 0x61, 0x33, 0x64, 0x38, 0x70, 0x2d, 0x31, 0x3b, 
    0x30, 0x38, 0x6c, 0x76, 0x66, 0x5f, 0x6d, 0x61, 0x78, 0x5f, 0x74, 0x63, 0x6d, 0x5f, 0x72, 0x61, 
    0x74, 0x69, 0x6f, 0x3d, 0x30, 0x78, 0x31, 0x2e, 0x65, 0x70, 0x2d, 0x31, 0x3b, 0x30, 0x43, 0x74, 
    0x63, 0x6d, 0x5f, 0x72, 0x65, 0x64, 0x75, 0x63, 0x74, 0x69, 0x6f, 0x6e, 0x5f, 0x6c, 0x69, 0x73, 
    0x74, 0x3d, 0x3c, 0x30, 0x2e, 0x30, 0x33, 0x37, 0x35, 0x2c, 0x30, 0x2e, 0x30, 0x35, 0x2c, 0x30, 
    0x2e, 0x31, 0x2c, 0x30, 0x2e, 0x31, 0x35, 0x3e, 0x3b, 0x30, 0x38, 0x64, 0x64, 0x72, 0x5f, 0x72, 
    0x61, 0x74, 0x69, 0x6f, 0x3d, 0x30, 0x78, 0x31, 0x70, 0x2b, 0x30, 0x3b, 0x30, 0x31, 0x64, 0x65, 
    0x62, 0x75, 0x67, 0x5f, 0x63, 0x66, 0x67, 0x3d, 0x6f, 0x66, 0x66, 0x3b, 0x31, 0x34, 0x67, 0x72, 
    0x65, 0x65, 0x64, 0x79, 0x5f, 0x70, 0x65, 0x72, 0x74, 0x75, 0x72, 0x62, 0x5f, 0x63, 0x66, 0x67, 
    0x3d, 0x35, 0x70, 0x65, 0x72, 0x74, 0x75, 0x72, 0x62, 0x5f, 0x6e, 0x75, 0x6d, 0x2b, 0x32, 0x70, 
    0x65, 0x72, 0x74, 0x75, 0x72, 0x62, 0x5f, 0x73, 0x69, 0x7a, 0x65, 0x3b, 0x30, 0x34, 0x64, 0x70, 
    0x5f, 0x73, 0x67, 0x5f, 0x6d, 0x61, 0x70, 0x70, 0x69, 0x6e, 0x67, 0x5f, 0x63, 0x6f, 0x73, 0x74, 
    0x3d, 0x64, 0x64, 0x72, 0x5f, 0x62, 0x79, 0x74, 0x65, 0x73, 0x3b, 0x30, 0x41, 0x72, 0x65, 0x6f, 
    0x72, 0x64, 0x65, 0x72, 0x3d, 0x6f, 0x66, 0x66, 0x3b, 0x30, 0x48, 0x5f, 0x73, 0x65, 0x74, 0x5f, 
    0x73, 0x65, 0x6c, 0x3d, 0x30, 0x3b, 0x30, 0x37, 0x72, 0x65, 0x6f, 0x72, 0x64, 0x65, 0x72, 0x5f, 
    0x63, 0x6f, 0x73, 0x74, 0x3d, 0x64, 0x64, 0x72, 0x5f, 0x62, 0x79, 0x74, 0x65, 0x73, 0x3b, 0x30, 
    0x35, 0x66, 0x5f, 0x64, 0x70, 0x5f, 0x73, 0x67, 0x5f, 0x72, 0x65, 0x6f, 0x72, 0x64, 0x65, 0x72, 
    0x5f, 0x74, 0x68, 0x72, 0x65, 0x73, 0x68, 0x6f, 0x6c, 0x64, 0x3d, 0x2d, 0x31, 0x3b, 0x31, 0x37, 
    0x65, 0x61, 0x72, 0x6c, 0x79, 0x5f, 0x65, 0x78, 0x69, 0x74, 0x5f, 0x65, 0x6e, 0x3d, 0x74, 0x72, 
    0x75, 0x65, 0x3b, 0x30, 0x34, 0x73, 0x69, 0x6e, 0x67, 0x6c, 0x65, 0x5f, 0x73, 0x67, 0x5f, 0x63, 
    0x66, 0x67, 0x3d, 0x64, 0x66, 0x73, 0x2b, 0x70, 0x72, 0x69, 0x6f, 0x72, 0x69, 0x74, 0x79, 0x5f, 
    0x62, 0x66, 0x73, 0x3b, 0x39, 0x38, 0x73, 0x76, 0x66, 0x30, 0x5f, 0x64, 0x6d, 0x61, 0x5f, 0x63, 
    0x66, 0x67, 0x3d, 0x34, 0x70, 0x72, 0x65, 0x66, 0x65, 0x74, 0x63, 0x68, 0x2b, 0x34, 0x6d, 0x6f, 
    0x76, 0x65, 0x5f, 0x62, 0x61, 0x63, 0x6b, 0x3b, 0x30, 0x42, 0x31, 0x5f, 0x64, 0x6d, 0x61, 0x5f, 
    0x63, 0x66, 0x67, 0x3d, 0x34, 0x70, 0x72, 0x65, 0x66, 0x65, 0x74, 0x63, 0x68, 0x2b, 0x34, 0x6d, 
    0x6f, 0x76, 0x65, 0x5f, 0x62, 0x61, 0x63, 0x6b, 0x3b, 0x30, 0x42, 0x32, 0x5f, 0x64, 0x6d, 0x61, 
    0x5f, 0x63, 0x66, 0x67, 0x3d, 0x32, 0x70, 0x72, 0x65, 0x66, 0x65, 0x74, 0x63, 0x68, 0x2b, 0x32, 
    0x6d, 0x6f, 0x76, 0x65, 0x5f, 0x62, 0x61, 0x63, 0x6b, 0x3b, 0x30, 0x38, 0x6c, 0x76, 0x66, 0x5f, 
    0x64, 0x6d, 0x61, 0x5f, 0x63, 0x66, 0x67, 0x3d, 0x6f, 0x66, 0x66, 0x3b, 0x30, 0x34, 0x69, 0x6e, 
    0x70, 0x75, 0x74, 0x5f, 0x6d, 0x75, 0x6c, 0x74, 0x69, 0x63, 0x61, 0x73, 0x74, 0x5f, 0x63, 0x66, 
    0x67, 0x3d, 0x6f, 0x66, 0x66, 0x3b, 0x73, 0x70, 0x69, 0x6c, 0x6c, 0x5f, 0x66, 0x69, 0x6c, 0x6c, 
    0x5f, 0x69, 0x6e, 0x73, 0x74, 0x65, 0x61, 0x64, 0x5f, 0x6f, 0x66, 0x5f, 0x6d, 0x75, 0x6c, 0x74, 
    0x69, 0x63, 0x61, 0x73, 0x74, 0x3d, 0x66, 0x61, 0x6c, 0x73, 0x65, 0x3b, 0x31, 0x31, 0x63, 0x6f, 
    0x6e, 0x63, 0x61, 0x74, 0x5f, 0x74, 0x72, 0x65, 0x65, 0x5f, 0x65, 0x6e, 0x3d, 0x74, 0x72, 0x75, 
    0x65, 0x3b, 0x30, 0x44, 0x70, 0x61, 0x73, 0x73, 0x74, 0x68, 0x72, 0x6f, 0x75, 0x67, 0x68, 0x5f, 
    0x66, 0x66, 0x63, 0x3d, 0x74, 0x72, 0x75, 0x65, 0x3b, 0x30, 0x44, 0x73, 0x75, 0x62, 0x6c, 0x61, 
    0x79, 0x65, 0x72, 0x5f, 0x6d, 0x65, 0x72, 0x67, 0x65, 0x5f, 0x73, 0x74, 0x72, 0x69, 0x63, 0x74, 
    0x5f, 0x6f, 0x6e, 0x5f, 0x62, 0x72, 0x61, 0x6e, 0x63, 0x68, 0x5f, 0x69, 0x64, 0x3d, 0x74, 0x72, 
    0x75, 0x65, 0x3b, 0x30, 0x5a, 0x6f, 0x6e, 0x5f, 0x62, 0x72, 0x61, 0x6e, 0x63, 0x68, 0x5f, 0x69, 
    0x64, 0x5f, 0x61, 0x6e, 0x64, 0x5f, 0x73, 0x6f, 0x75, 0x72, 0x63, 0x65, 0x5f, 0x69, 0x64, 0x3d, 
    0x66, 0x61, 0x6c, 0x73, 0x65, 0x3b, 0x30, 0x53, 0x61, 0x6c, 0x73, 0x6f, 0x5f, 0x6f, 0x6e, 0x5f, 
    0x73, 0x6f, 0x75, 0x72, 0x63, 0x65, 0x5f, 0x69, 0x64, 0x3d, 0x66, 0x61, 0x6c, 0x73, 0x65, 0x3b, 
    0x30, 0x44, 0x62, 0x72, 0x61, 0x6e, 0x63, 0x68, 0x5f, 0x69, 0x64, 0x5f, 0x6d, 0x65, 0x72, 0x67, 
    0x65, 0x5f, 0x6f, 0x6e, 0x5f, 0x6c, 0x6f, 0x77, 0x65, 0x72, 0x5f, 0x33, 0x32, 0x62, 0x5f, 0x6f, 
    0x70, 0x5f, 0x69, 0x64, 0x3d, 0x66, 0x61, 0x6c, 0x73, 0x65, 0x3b, 0x30, 0x44, 0x69, 0x64, 0x65, 
    0x61, 0x6c, 0x5f, 0x73, 0x6f, 0x75, 0x72, 0x63, 0x65, 0x5f, 0x69, 0x64, 0x5f, 0x6d, 0x65, 0x72, 
    0x67, 0x65, 0x5f, 0x6f, 0x6e, 0x5f, 0x6c, 0x6f, 0x77, 0x65, 0x72, 0x5f, 0x33, 0x32, 0x62, 0x5f, 
    0x6f, 0x70, 0x5f, 0x69, 0x64, 0x3d, 0x66, 0x61, 0x6c, 0x73, 0x65, 0x3b, 0x30, 0x44, 0x66, 0x6c, 
    0x61, 0x73, 0x68, 0x5f, 0x61, 0x74, 0x74, 0x65, 0x6e, 0x74, 0x69, 0x6f, 0x6e, 0x5f, 0x70, 0x61, 
    0x73, 0x73, 0x74, 0x68, 0x72, 0x6f, 0x75, 0x67, 0x68, 0x3d, 0x74, 0x72, 0x75, 0x65, 0x3b, 0x33, 
    0x45, 0x74, 0x72, 0x69, 0x63, 0x74, 0x5f, 0x66, 0x6f, 0x72, 0x5f, 0x70, 0x61, 0x73, 0x73, 0x74, 
    0x68, 0x72, 0x6f, 0x75, 0x67, 0x68, 0x5f, 0x69, 0x64, 0x73, 0x3d, 0x66, 0x61, 0x6c, 0x73, 0x65, 
    0x3b, 0x30, 0x38, 0x70, 0x72, 0x65, 0x66, 0x65, 0x72, 0x5f, 0x6f, 0x75, 0x74, 0x70, 0x75, 0x74, 
    0x5f, 0x73, 0x69, 0x7a, 0x65, 0x5f, 0x69, 0x6e, 0x5f, 0x62, 0x72, 0x61, 0x6e, 0x63, 0x68, 0x5f, 
    0x68, 0x65, 0x75, 0x72, 0x69, 0x73, 0x74, 0x69, 0x63, 0x3d, 0x66, 0x61, 0x6c, 0x73, 0x65, 0x3b, 
    0x30, 0x31, 0x73, 0x66, 0x5f, 0x6c, 0x76, 0x66, 0x5f, 0x70, 0x61, 0x72, 0x61, 0x6c, 0x6c, 0x65, 
    0x6c, 0x69, 0x73, 0x6d, 0x5f, 0x70, 0x75, 0x6c, 0x6c, 0x5f, 0x6c, 0x69, 0x6d, 0x69, 0x74, 0x3d, 
    0x2d, 0x31, 0x3b, 0x30, 0x34, 0x73, 0x76, 0x66, 0x30, 0x5f, 0x70, 0x61, 0x72, 0x61, 0x6c, 0x6c, 
    0x65, 0x6c, 0x69, 0x73, 0x6d, 0x5f, 0x70, 0x75, 0x6c, 0x6c, 0x5f, 0x6c, 0x69, 0x6d, 0x69, 0x74, 
    0x3d, 0x33, 0x31, 0x30, 0x3b, 0x30, 0x37, 0x31, 0x5f, 0x70, 0x61, 0x72, 0x61, 0x6c, 0x6c, 0x65, 
    0x6c, 0x69, 0x73, 0x6d, 0x5f, 0x70, 0x75, 0x6c, 0x6c, 0x5f, 0x6c, 0x69, 0x6d, 0x69, 0x74, 0x3d, 
    0x33, 0x31, 0x30, 0x3b, 0x30, 0x37, 0x32, 0x5f, 0x70, 0x61, 0x72, 0x61, 0x6c, 0x6c, 0x65, 0x6c, 
    0x69, 0x73, 0x6d, 0x5f, 0x70, 0x75, 0x6c, 0x6c, 0x5f, 0x6c, 0x69, 0x6d, 0x69, 0x74, 0x3d, 0x33, 
    0x31, 0x30, 0x3b, 0x32, 0x4c, 0x6d, 0x69, 0x74, 0x69, 0x67, 0x61, 0x74, 0x65, 0x5f, 0x74, 0x63, 
    0x6d, 0x5f, 0x70, 0x72, 0x65, 0x73, 0x73, 0x75, 0x72, 0x65, 0x5f, 0x64, 0x69, 0x73, 0x74, 0x3d, 
    0x2d, 0x31, 0x3b, 0x32, 0x4c, 0x6d, 0x69, 0x74, 0x69, 0x67, 0x61, 0x74, 0x65, 0x5f, 0x74, 0x63, 
    0x6d, 0x5f, 0x70, 0x72, 0x65, 0x73, 0x73, 0x75, 0x72, 0x65, 0x5f, 0x64, 0x69, 0x73, 0x74, 0x3d, 
    0x2d, 0x31, 0x3b, 0x32, 0x4c, 0x6d, 0x69, 0x74, 0x69, 0x67, 0x61, 0x74, 0x65, 0x5f, 0x74, 0x63, 
    0x6d, 0x5f, 0x70, 0x72, 0x65, 0x73, 0x73, 0x75, 0x72, 0x65, 0x5f, 0x64, 0x69, 0x73, 0x74, 0x3d, 
    0x2d, 0x31, 0x3b, 0x36, 0x4b, 0x6d, 0x69, 0x74, 0x69, 0x67, 0x61, 0x74, 0x65, 0x5f, 0x74, 0x63, 
    0x6d, 0x5f, 0x70, 0x72, 0x65, 0x73, 0x73, 0x75, 0x72, 0x65, 0x5f, 0x64, 0x69, 0x73, 0x74, 0x3d, 
    0x2d, 0x31, 0x3b, 0x30, 0x34, 0x68, 0x65, 0x75, 0x72, 0x69, 0x73, 0x74, 0x69, 0x63, 0x5f, 0x73, 
    0x65, 0x6c, 0x65, 0x63, 0x74, 0x5f, 0x63, 0x6f, 0x6e, 0x66, 0x69, 0x64, 0x65, 0x6e, 0x63, 0x65, 
    0x5f, 0x74, 0x68, 0x72, 0x65, 0x73, 0x68, 0x6f, 0x6c, 0x64, 0x3d, 0x30, 0x3b, 0x30, 0x34, 0x6d, 
    0x6c, 0x68, 0x5f, 0x70, 0x61, 0x72, 0x61, 0x6c, 0x6c, 0x65, 0x6c, 0x69, 0x73, 0x6d, 0x5f, 0x65, 
    0x6e, 0x3d, 0x66, 0x61, 0x6c, 0x73, 0x65, 0x3b, 0x30, 0x38, 0x75, 0x70, 0x64, 0x61, 0x74, 0x65, 
    0x5f, 0x70, 0x72, 0x65, 0x63, 0x6f, 0x6d, 0x70, 0x75, 0x74, 0x65, 0x64, 0x5f, 0x6b, 0x65, 0x79, 
    0x73, 0x5f, 0x61, 0x66, 0x74, 0x65, 0x72, 0x5f, 0x6d, 0x6c, 0x68, 0x5f, 0x73, 0x65, 0x6c, 0x65, 
    0x63, 0x74, 0x69, 0x6f, 0x6e, 0x3d, 0x66, 0x61, 0x6c, 0x73, 0x65, 0x3b, 0x30, 0x38, 0x74, 0x72, 
    0x61, 0x69, 0x6e, 0x69, 0x6e, 0x67, 0x5f, 0x6d, 0x6f, 0x64, 0x65, 0x3d, 0x6f, 0x66, 0x66, 0x3b, 
    0x30, 0x48, 0x66, 0x65, 0x61, 0x74, 0x75, 0x72, 0x65, 0x5f, 0x64, 0x75, 0x6d, 0x70, 0x3d, 0x6f, 
    0x66, 0x66, 0x3b, 0x30, 0x34, 0x64, 0x65, 0x62, 0x75, 0x67, 0x5f, 0x6d, 0x6c, 0x68, 0x5f, 0x76, 
    0x65, 0x72, 0x69, 0x66, 0x79, 0x3d, 0x3b, 0x30, 0x45, 0x74, 0x65, 0x72, 0x6d, 0x69, 0x6e, 0x61, 
    0x74, 0x65, 0x3d, 0x3b, 0x30, 0x45, 0x6d, 0x6f, 0x64, 0x65, 0x6c, 0x3d, 0x3b, 0x30, 0x34, 0x63, 
    0x73, 0x62, 0x5f, 0x74, 0x72, 0x61, 0x69, 0x6e, 0x69, 0x6e, 0x67, 0x5f, 0x63, 0x6f, 0x6e, 0x76, 
    0x5f, 0x63, 0x6f, 0x73, 0x74, 0x5f, 0x6d, 0x6f, 0x64, 0x65, 0x6c, 0x5f, 0x74, 0x65, 0x73, 0x74, 
    0x5f, 0x63, 0x73, 0x76, 0x3d, 0x3b, 0x30, 0x31, 0x63, 0x62, 0x73, 0x5f, 0x6d, 0x69, 0x6e, 0x5f, 
    0x65, 0x6c, 0x69, 0x67, 0x69, 0x62, 0x6c, 0x65, 0x5f, 0x6f, 0x70, 0x73, 0x3d, 0x2d, 0x31, 0x3b, 
    0x30, 0x36, 0x61, 0x78, 0x5f, 0x6d, 0x69, 0x73, 0x73, 0x69, 0x6e, 0x67, 0x5f, 0x6f, 0x70, 0x5f, 
    0x63, 0x6f, 0x73, 0x74, 0x73, 0x3d, 0x2d, 0x31, 0x3b, 0x30, 0x39, 0x72, 0x75, 0x6e, 0x6c, 0x69, 
    0x73, 0x74, 0x5f, 0x73, 0x69, 0x7a, 0x65, 0x3d, 0x2d, 0x31, 0x3b, 0x30, 0x35, 0x72, 0x65, 0x74, 
    0x72, 0x79, 0x5f, 0x65, 0x6e, 0x3d, 0x74, 0x72, 0x75, 0x65, 0x3b, 0x30, 0x35, 0x70, 0x72, 0x65, 
    0x5f, 0x61, 0x6c, 0x6c, 0x6f, 0x63, 0x3d, 0x2d, 0x31, 0x3b, 0x30, 0x35, 0x66, 0x61, 0x73, 0x74, 
    0x5f, 0x74, 0x68, 0x72, 0x65, 0x73, 0x68, 0x6f, 0x6c, 0x64, 0x5f, 0x31, 0x3d, 0x35, 0x32, 0x30, 
    0x3b, 0x30, 0x4b, 0x32, 0x3d, 0x39, 0x30, 0x30, 0x30, 0x3b, 0x32, 0x36, 0x6f, 0x73, 0x74, 0x5f, 
    0x61, 0x6c, 0x6c, 0x6f, 0x63, 0x3d, 0x2d, 0x31, 0x3b, 0x30, 0x35, 0x64, 0x65, 0x62, 0x75, 0x67, 
    0x5f, 0x70, 0x72, 0x65, 0x5f, 0x61, 0x6c, 0x6c, 0x6f, 0x63, 0x5f, 0x66, 0x69, 0x6c, 0x65, 0x6e, 
    0x61, 0x6d, 0x65, 0x3d, 0x3b, 0x30, 0x43, 0x6f, 0x73, 0x74, 0x5f, 0x61, 0x6c, 0x6c, 0x6f, 0x63, 
    0x5f, 0x66, 0x69, 0x6c, 0x65, 0x6e, 0x61, 0x6d, 0x65, 0x3d, 0x3b, 0x30, 0x35, 0x74, 0x63, 0x6d, 
    0x5f, 0x74, 0x68, 0x72, 0x65, 0x73, 0x68, 0x6f, 0x6c, 0x64, 0x3d, 0x30, 0x78, 0x31, 0x2e, 0x62, 
    0x33, 0x33, 0x33, 0x33, 0x34, 0x70, 0x2d, 0x31, 0x3b, 0x30, 0x39, 0x63, 0x61, 0x6e, 0x64, 0x69, 
    0x64, 0x61, 0x74, 0x65, 0x5f, 0x66, 0x61, 0x72, 0x5f, 0x74, 0x63, 0x6d, 0x5f, 0x74, 0x68, 0x72, 
    0x65, 0x73, 0x68, 0x6f, 0x6c, 0x64, 0x3d, 0x30, 0x78, 0x31, 0x2e, 0x38, 0x70, 0x2d, 0x31, 0x3b, 
    0x30, 0x4e, 0x64, 0x69, 0x73, 0x74, 0x61, 0x6e, 0x63, 0x65, 0x3d, 0x35, 0x30, 0x3b, 0x30, 0x35, 
    0x6c, 0x65, 0x76, 0x65, 0x6c, 0x5f, 0x73, 0x65, 0x61, 0x72, 0x63, 0x68, 0x5f, 0x6c, 0x69, 0x6d, 
    0x69, 0x74, 0x3d, 0x2d, 0x31, 0x3b, 0x30, 0x35, 0x6d, 0x61, 0x78, 0x5f, 0x6f, 0x70, 0x73, 0x5f, 
    0x70, 0x65, 0x72, 0x5f, 0x6c, 0x65, 0x76, 0x65, 0x6c, 0x3d, 0x2d, 0x31, 0x3b, 0x30, 0x39, 0x64, 
    0x6d, 0x61, 0x5f, 0x72, 0x75, 0x6e, 0x6c, 0x69, 0x73, 0x74, 0x5f, 0x64, 0x69, 0x73, 0x74, 0x3d, 
    0x35, 0x3b, 0x30, 0x39, 0x6e, 0x6f, 0x6e, 0x5f, 0x63, 0x6f, 0x6e, 0x73, 0x74, 0x5f, 0x69, 0x6e, 
    0x70, 0x75, 0x74, 0x5f, 0x72, 0x75, 0x6e, 0x6c, 0x69, 0x73, 0x74, 0x5f, 0x64, 0x69, 0x73, 0x74, 
    0x3d, 0x31, 0x30, 0x30, 0x3b, 0x32, 0x42, 0x5f, 0x72, 0x75, 0x6e, 0x6c, 0x69, 0x73, 0x74, 0x5f, 
    0x64, 0x69, 0x73, 0x74, 0x5f, 0x6c, 0x69, 0x6d, 0x69, 0x74, 0x3d, 0x31, 0x30, 0x30, 0x30, 0x3b, 
    0x30, 0x35, 0x66, 0x6c, 0x61, 0x74, 0x5f, 0x74, 0x65, 0x6e, 0x73, 0x6f, 0x72, 0x5f, 0x69, 0x6e, 
    0x66, 0x6c, 0x61, 0x74, 0x69, 0x6f, 0x6e, 0x5f, 0x73, 0x69, 0x7a, 0x65, 0x5f, 0x74, 0x68, 0x72, 
    0x65, 0x73, 0x68, 0x6f, 0x6c, 0x64, 0x3d, 0x31, 0x30, 0x30, 0x30, 0x30, 0x30, 0x3b, 0x30, 0x52, 
    0x6d, 0x75, 0x6c, 0x74, 0x70, 0x6c, 0x69, 0x65, 0x72, 0x3d, 0x31, 0x2e, 0x30, 0x35, 0x30, 0x30, 
    0x30, 0x30, 0x3b, 0x30, 0x35, 0x67, 0x6c, 0x6f, 0x62, 0x61, 0x6c, 0x5f, 0x6d, 0x75, 0x6c, 0x74, 
    0x69, 0x63, 0x6f, 0x72, 0x65, 0x5f, 0x63, 0x61, 0x6e, 0x64, 0x69, 0x64, 0x61, 0x74, 0x65, 0x5f, 
    0x73, 0x65, 0x6c, 0x65, 0x63, 0x74, 0x69, 0x6f, 0x6e, 0x5f, 0x65, 0x6e, 0x3d, 0x66, 0x61, 0x6c, 
    0x73, 0x65, 0x3b, 0x30, 0x31, 0x74, 0x69, 0x6c, 0x65, 0x64, 0x69, 0x73, 0x74, 0x5f, 0x64, 0x65, 
    0x62, 0x75, 0x67, 0x5f, 0x76, 0x69, 0x73, 0x75, 0x61, 0x6c, 0x69, 0x7a, 0x65, 0x5f, 0x6f, 0x70, 
    0x5f, 0x67, 0x72, 0x61, 0x70, 0x68, 0x5f, 0x70, 0x72, 0x75, 0x6e, 0x65, 0x3d, 0x66, 0x61, 0x6c, 
    0x73, 0x65, 0x3b, 0x30, 0x51, 0x67, 0x72, 0x6f, 0x75, 0x70, 0x5f, 0x67, 0x72, 0x61, 0x70, 0x68, 
    0x5f, 0x70, 0x72, 0x75, 0x6e, 0x65, 0x3d, 0x66, 0x61, 0x6c, 0x73, 0x65, 0x3b, 0x30, 0x41, 0x75, 
    0x73, 0x65, 0x5f, 0x63, 0x6f, 0x6e, 0x6e, 0x65, 0x63, 0x74, 0x69, 0x76, 0x69, 0x74, 0x79, 0x5f, 
    0x66, 0x6f, 0x72, 0x5f, 0x73, 0x6d, 0x61, 0x6c, 0x6c, 0x5f, 0x6f, 0x70, 0x5f, 0x67, 0x72, 0x6f, 
    0x75, 0x70, 0x73, 0x3d, 0x66, 0x61, 0x6c, 0x73, 0x65, 0x3b, 0x30, 0x41, 0x73, 0x74, 0x61, 0x74, 
    0x73, 0x5f, 0x65, 0x6e, 0x3d, 0x66, 0x61, 0x6c, 0x73, 0x65, 0x3b, 0x30, 0x41, 0x69, 0x67, 0x6e, 
    0x6f, 0x72, 0x65, 0x5f, 0x73, 0x69, 0x6e, 0x67, 0x6c, 0x65, 0x5f, 0x6f, 0x70, 0x5f, 0x67, 0x72, 
    0x6f, 0x75, 0x70, 0x73, 0x5f, 0x66, 0x6f, 0x72, 0x5f, 0x64, 0x64, 0x72, 0x5f, 0x63, 0x6c, 0x75, 
    0x73, 0x74, 0x65, 0x72, 0x5f, 0x6e, 0x73, 0x70, 0x5f, 0x61, 0x73, 0x73, 0x69, 0x67, 0x6e, 0x6d, 
    0x65, 0x6e, 0x74, 0x3d, 0x74, 0x72, 0x75, 0x65, 0x3b, 0x30, 0x41, 0x6d, 0x75, 0x6c, 0x74, 0x69, 
    0x5f, 0x64, 0x69, 0x6d, 0x5f, 0x65, 0x6e, 0x3d, 0x74, 0x72, 0x75, 0x65, 0x3b, 0x30, 0x41, 0x62, 
    0x77, 0x5f, 0x65, 0x6e, 0x3d, 0x74, 0x72, 0x75, 0x65, 0x3b, 0x30, 0x44, 0x63, 0x6f, 0x6d, 0x6d, 
    0x75, 0x6e, 0x69, 0x63, 0x61, 0x74, 0x69, 0x6f, 0x6e, 0x5f, 0x73, 0x77, 0x69, 0x74, 0x63, 0x68, 
    0x5f, 0x74, 0x68, 0x72, 0x65, 0x73, 0x68, 0x6f, 0x6c, 0x64, 0x5f, 0x66, 0x72, 0x61, 0x63, 0x74, 
    0x69, 0x6f, 0x6e, 0x3d, 0x30, 0x2e, 0x30, 0x30, 0x30, 0x30, 0x30, 0x30, 0x3b, 0x30, 0x44, 0x61, 
    0x73, 0x73, 0x75, 0x6d, 0x65, 0x5f, 0x74, 0x72, 0x75, 0x65, 0x5f, 0x6d, 0x63, 0x5f, 0x65, 0x6e, 
    0x3d, 0x66, 0x61, 0x6c, 0x73, 0x65, 0x3b, 0x33, 0x42, 0x69, 0x6e, 0x5f, 0x77, 0x6f, 0x72, 0x6b, 
    0x5f, 0x70, 0x65, 0x72, 0x5f, 0x6e, 0x73, 0x70, 0x5f, 0x74, 0x68, 0x72, 0x65, 0x73, 0x68, 0x6f, 
    0x6c, 0x64, 0x3d, 0x30, 0x2e, 0x37, 0x35, 0x30, 0x30, 0x30, 0x30, 0x3b, 0x30, 0x41, 0x70, 0x72, 
    0x65, 0x66, 0x65, 0x72, 0x5f, 0x73, 0x70, 0x61, 0x74, 0x69, 0x61, 0x6c, 0x5f, 0x65, 0x6e, 0x3d, 
    0x74, 0x72, 0x75, 0x65, 0x3b, 0x31, 0x52, 0x66, 0x6f, 0x72, 0x5f, 0x73, 0x70, 0x61, 0x74, 0x69, 
    0x61, 0x6c, 0x5f, 0x70, 0x72, 0x65, 0x66, 0x3d, 0x31, 0x36, 0x3b, 0x33, 0x42, 0x6c, 0x6f, 0x63, 
    0x6b, 0x7a, 0x61, 0x70, 0x5f, 0x77, 0x69, 0x74, 0x68, 0x5f, 0x63, 0x6f, 0x6e, 0x73, 0x75, 0x6d, 
    0x65, 0x72, 0x73, 0x5f, 0x65, 0x6e, 0x3d, 0x74, 0x72, 0x75, 0x65, 0x3b, 0x30, 0x41, 0x63, 0x6f, 
    0x6e, 0x6e, 0x65, 0x63, 0x74, 0x69, 0x76, 0x69, 0x74, 0x79, 0x5f, 0x73, 0x74, 0x72, 0x61, 0x74, 
    0x5f, 0x65, 0x6e, 0x3d, 0x74, 0x72, 0x75, 0x65, 0x3b, 0x31, 0x42, 0x61, 0x74, 0x63, 0x68, 0x5f, 
    0x73, 0x64, 0x69, 0x6d, 0x5f, 0x62, 0x69, 0x61, 0x73, 0x5f, 0x65, 0x6e, 0x3d, 0x66, 0x61, 0x6c, 
    0x73, 0x65, 0x3b, 0x31, 0x42, 0x6c, 0x75, 0x73, 0x74, 0x65, 0x72, 0x5f, 0x65, 0x6e, 0x3d, 0x66, 
    0x61, 0x6c, 0x73, 0x65, 0x3b, 0x30, 0x49, 0x6c, 0x65, 0x76, 0x65, 0x6c, 0x73, 0x3d, 0x32, 0x3b, 
    0x30, 0x49, 0x72, 0x65, 0x62, 0x61, 0x6c, 0x61, 0x6e, 0x63, 0x65, 0x5f, 0x6d, 0x65, 0x74, 0x72, 
    0x69, 0x63, 0x3d, 0x6f, 0x70, 0x5f, 0x63, 0x6f, 0x73, 0x74, 0x3b, 0x30, 0x49, 0x73, 0x69, 0x6e, 
    0x67, 0x6c, 0x65, 0x5f, 0x6f, 0x70, 0x5f, 0x64, 0x69, 0x73, 0x74, 0x5f, 0x65, 0x6e, 0x3d, 0x66, 
    0x61, 0x6c, 0x73, 0x65, 0x3b, 0x30, 0x58, 0x72, 0x65, 0x62, 0x61, 0x6c, 0x61, 0x6e, 0x63, 0x65, 
    0x5f, 0x75, 0x73, 0x69, 0x6e, 0x67, 0x5f, 0x63, 0x6f, 0x73, 0x74, 0x3d, 0x74, 0x72, 0x75, 0x65, 
    0x3b, 0x30, 0x31, 0x73, 0x61, 0x70, 0x5f, 0x74, 0x68, 0x72, 0x65, 0x73, 0x68, 0x6f, 0x6c, 0x64, 
    0x3d, 0x2d, 0x30, 0x78, 0x31, 0x70, 0x2b, 0x30, 0x3b, 0x30, 0x31, 0x64, 0x65, 0x62, 0x75, 0x67, 
    0x5f, 0x74, 0x63, 0x6d, 0x5f, 0x63, 0x61, 0x6c, 0x63, 0x5f, 0x72, 0x65, 0x63, 0x6f, 0x72, 0x64, 
    0x65, 0x72, 0x5f, 0x65, 0x6e, 0x3d, 0x66, 0x61, 0x6c, 0x73, 0x65, 0x3b, 0x6d, 0x75, 0x6c, 0x74, 
    0x69, 0x63, 0x6f, 0x72, 0x65, 0x5f, 0x6f, 0x75, 0x74, 0x70, 0x75, 0x74, 0x5f, 0x6e, 0x73, 0x70, 
    0x5f, 0x69, 0x64, 0x3d, 0x30, 0x3b, 0x32, 0x32, 0x66, 0x5f, 0x67, 0x72, 0x6f, 0x75, 0x70, 0x5f, 
    0x6d, 0x65, 0x72, 0x67, 0x65, 0x5f, 0x64, 0x65, 0x63, 0x6f, 0x6d, 0x70, 0x72, 0x65, 0x73, 0x73, 
    0x5f, 0x77, 0x65, 0x69, 0x67, 0x68, 0x74, 0x73, 0x5f, 0x65, 0x6e, 0x3d, 0x74, 0x72, 0x75, 0x65, 
    0x3b, 0x30, 0x47, 0x62, 0x6c, 0x6f, 0x63, 0x6b, 0x7a, 0x61, 0x70, 0x73, 0x5f, 0x65, 0x6e, 0x3d, 
    0x66, 0x61, 0x6c, 0x73, 0x65, 0x3b, 0x30, 0x47, 0x6c, 0x6f, 0x77, 0x65, 0x72, 0x33, 0x32, 0x5f, 
    0x65, 0x6e, 0x3d, 0x66, 0x61, 0x6c, 0x73, 0x65, 0x3b, 0x30, 0x47, 0x66, 0x61, 0x63, 0x74, 0x6f, 
    0x72, 0x3d, 0x30, 0x78, 0x31, 0x70, 0x2b, 0x30, 0x3b, 0x30, 0x34, 0x66, 0x6f, 0x72, 0x63, 0x65, 
    0x5f, 0x73, 0x75, 0x62, 0x67, 0x72, 0x61, 0x70, 0x68, 0x5f, 0x66, 0x69, 0x6c, 0x65, 0x70, 0x61, 
    0x74, 0x68, 0x3d, 0x3b, 0x30, 0x4a, 0x65, 0x78, 0x69, 0x74, 0x5f, 0x65, 0x6e, 0x3d, 0x74, 0x72, 
    0x75, 0x65, 0x3b, 0x73, 0x69, 0x6d, 0x5f, 0x66, 0x61, 0x73, 0x74, 0x5f, 0x64, 0x64, 0x72, 0x5f, 
    0x66, 0x6f, 0x72, 0x5f, 0x49, 0x6e, 0x70, 0x75, 0x74, 0x53, 0x6c, 0x69, 0x63, 0x65, 0x46, 0x6f, 
    0x72, 0x4b, 0x56, 0x63, 0x61, 0x63, 0x68, 0x65, 0x5f, 0x66, 0x61, 0x63, 0x74, 0x6f, 0x72, 0x3d, 
    0x30, 0x78, 0x30, 0x70, 0x2b, 0x30, 0x3b, 0x30, 0x45, 0x77, 0x67, 0x74, 0x5f, 0x62, 0x69, 0x61, 
    0x73, 0x5f, 0x66, 0x61, 0x63, 0x74, 0x6f, 0x72, 0x3d, 0x30, 0x78, 0x30, 0x70, 0x2b, 0x30, 0x3b, 
    0x30, 0x31, 0x6d, 0x63, 0x73, 0x65, 0x6e, 0x64, 0x5f, 0x66, 0x61, 0x63, 0x74, 0x6f, 0x72, 0x3d, 
    0x30, 0x78, 0x31, 0x70, 0x2b, 0x30, 0x3b, 0x33, 0x31, 0x64, 0x65, 0x62, 0x75, 0x67, 0x5f, 0x67, 
    0x72, 0x61, 0x70, 0x68, 0x5f, 0x69, 0x6e, 0x66, 0x6f, 0x5f, 0x66, 0x69, 0x6c, 0x65, 0x6e, 0x61, 
    0x6d, 0x65, 0x3d, 0x3b, 0x31, 0x31, 0x74, 0x69, 0x6c, 0x65, 0x64, 0x69, 0x73, 0x74, 0x5f, 0x64, 
    0x65, 0x62, 0x75, 0x67, 0x5f, 0x73, 0x69, 0x64, 0x65, 0x6c, 0x6f, 0x61, 0x64, 0x5f, 0x66, 0x69, 
    0x6c, 0x65, 0x6e, 0x61, 0x6d, 0x65, 0x3d, 0x3b, 0x35, 0x34, 0x64, 0x66, 0x5f, 0x62, 0x6c, 0x6f, 
    0x5f, 0x6e, 0x65, 0x77, 0x5f, 0x62, 0x75, 0x70, 0x3d, 0x66, 0x61, 0x6c, 0x73, 0x65, 0x3b, 0x30, 
    0x37, 0x70, 0x6f, 0x70, 0x75, 0x6c, 0x61, 0x72, 0x5f, 0x6d, 0x61, 0x74, 0x72, 0x69, 0x78, 0x5f, 
    0x65, 0x6e, 0x3d, 0x74, 0x72, 0x75, 0x65, 0x3b, 0x30, 0x4d, 0x64, 0x65, 0x66, 0x65, 0x72, 0x72, 
    0x65, 0x64, 0x5f, 0x65, 0x6e, 0x3d, 0x74, 0x72, 0x75, 0x65, 0x3b, 0x30, 0x31, 0x77, 0x65, 0x69, 
    0x67, 0x68, 0x74, 0x5f, 0x63, 0x61, 0x63, 0x68, 0x69, 0x6e, 0x67, 0x5f, 0x70, 0x63, 0x74, 0x3d, 
    0x30, 0x78, 0x31, 0x2e, 0x39, 0x39, 0x39, 0x39, 0x39, 0x61, 0x70, 0x2d, 0x31, 0x3b, 0x30, 0x47, 
    0x64, 0x65, 0x62, 0x75, 0x67, 0x3d, 0x66, 0x61, 0x6c, 0x73, 0x65, 0x3b, 0x65, 0x6e, 0x61, 0x62, 
    0x6c, 0x65, 0x5f, 0x63, 0x6f, 0x73, 0x74, 0x5f, 0x62, 0x61, 0x73, 0x65, 0x64, 0x3d, 0x2d, 0x31, 
    0x3b, 0x64, 0x65, 0x62, 0x75, 0x67, 0x5f, 0x6c, 0x65, 0x76, 0x65, 0x6c, 0x3d, 0x2d, 0x31, 0x3b, 
    0x63, 0x68, 0x6b, 0x70, 0x74, 0x5f, 0x63, 0x68, 0x65, 0x63, 0x6b, 0x3d, 0x66, 0x61, 0x6c, 0x73, 
    0x65, 0x3b, 0x71, 0x75, 0x61, 0x6e, 0x74, 0x69, 0x7a, 0x65, 0x5f, 0x67, 0x72, 0x61, 0x70, 0x68, 
    0x3d, 0x66, 0x61, 0x6c, 0x73, 0x65, 0x3b, 0x65, 0x78, 0x74, 0x65, 0x72, 0x6e, 0x61, 0x6c, 0x5f, 
    0x73, 0x65, 0x71, 0x75, 0x65, 0x6e, 0x63, 0x65, 0x72, 0x3d, 0x3b, 0x69, 0x6e, 0x69, 0x74, 0x5f, 
    0x63, 0x61, 0x63, 0x68, 0x65, 0x5f, 0x63, 0x6c, 0x65, 0x61, 0x6e, 0x3d, 0x30, 0x3b, 0x76, 0x74, 
    0x63, 0x6d, 0x5f, 0x72, 0x65, 0x71, 0x75, 0x65, 0x73, 0x74, 0x5f, 0x74, 0x69, 0x6d, 0x65, 0x6f, 
    0x75, 0x74, 0x3d, 0x30, 0x3b, 0x66, 0x6f, 0x6c, 0x64, 0x5f, 0x72, 0x65, 0x6c, 0x75, 0x5f, 0x66, 
    0x6c, 0x61, 0x67, 0x3d, 0x74, 0x72, 0x75, 0x65, 0x3b, 0x68, 0x6d, 0x78, 0x5f, 0x73, 0x68, 0x6f, 
    0x72, 0x74, 0x5f, 0x63, 0x6f, 0x6e, 0x76, 0x5f, 0x66, 0x6c, 0x61, 0x67, 0x3d, 0x74, 0x72, 0x75, 
    0x65, 0x3b, 0x30, 0x31, 0x66, 0x61, 0x73, 0x74, 0x5f, 0x63, 0x76, 0x74, 0x3d, 0x66, 0x61, 0x6c, 
    0x73, 0x65, 0x3b, 0x30, 0x31, 0x65, 0x78, 0x74, 0x72, 0x61, 0x5f, 0x38, 0x62, 0x5f, 0x61, 0x63, 
    0x63, 0x3d, 0x66, 0x61, 0x6c, 0x73, 0x65, 0x3b, 0x30, 0x31, 0x62, 0x69, 0x61, 0x73, 0x5f, 0x63, 
    0x6f, 0x6d, 0x70, 0x3d, 0x66, 0x61, 0x6c, 0x73, 0x65, 0x3b, 0x70, 0x65, 0x72, 0x66, 0x5f, 0x68, 
    0x79, 0x73, 0x74, 0x65, 0x72, 0x65, 0x73, 0x69, 0x73, 0x3d, 0x74, 0x72, 0x75, 0x65, 0x3b, 0x64, 
    0x69, 0x73, 0x61, 0x62, 0x6c, 0x65, 0x5f, 0x77, 0x69, 0x64, 0x65, 0x5f, 0x63, 0x72, 0x6f, 0x75, 
    0x74, 0x6f, 0x6e, 0x73, 0x3d, 0x74, 0x72, 0x75, 0x65, 0x3b, 0x30, 0x35, 0x74, 0x61, 0x6c, 0x6c, 
    0x5f, 0x63, 0x72, 0x6f, 0x75, 0x74, 0x6f, 0x6e, 0x73, 0x3d, 0x66, 0x61, 0x6c, 0x73, 0x65, 0x3b, 
    0x6d, 0x69, 0x6e, 0x5f, 0x61, 0x72, 0x63, 0x68, 0x3d, 0x36, 0x38, 0x3b, 0x63, 0x6f, 0x6d, 0x70, 
    0x61, 0x74, 0x5f, 0x73, 0x6c, 0x69, 0x63, 0x65, 0x5f, 0x73, 0x68, 0x61, 0x70, 0x65, 0x3d, 0x66, 
    0x61, 0x6c, 0x73, 0x65, 0x3b, 0x75, 0x6e, 0x70, 0x61, 0x63, 0x6b, 0x5f, 0x32, 0x62, 0x69, 0x74, 
    0x77, 0x65, 0x69, 0x67, 0x68, 0x74, 0x73, 0x3d, 0x66, 0x61, 0x6c, 0x73, 0x65, 0x3b, 0x33, 0x35, 
    0x68, 0x6c, 0x78, 0x3d, 0x66, 0x61, 0x6c, 0x73, 0x65, 0x3b, 0x63, 0x61, 0x63, 0x68, 0x65, 0x64, 
    0x5f, 0x77, 0x65, 0x69, 0x67, 0x68, 0x74, 0x73, 0x3d, 0x30, 0x3b, 0x6d, 0x6f, 0x6e, 0x6f, 0x6c, 
    0x69, 0x74, 0x68, 0x69, 0x63, 0x5f, 0x6c, 0x73, 0x74, 0x6d, 0x5f, 0x66, 0x6c, 0x61, 0x67, 0x3d, 
    0x66, 0x61, 0x6c, 0x73, 0x65, 0x3b, 0x65, 0x6e, 0x61, 0x62, 0x6c, 0x65, 0x5f, 0x6e, 0x61, 0x74, 
    0x69, 0x76, 0x65, 0x5f, 0x6d, 0x69, 0x78, 0x65, 0x64, 0x5f, 0x70, 0x72, 0x65, 0x63, 0x69, 0x73, 
    0x69, 0x6f, 0x6e, 0x5f, 0x6f, 0x70, 0x73, 0x3d, 0x66, 0x61, 0x6c, 0x73, 0x65, 0x3b, 0x33, 0x35, 
    0x73, 0x6f, 0x66, 0x74, 0x6d, 0x61, 0x78, 0x5f, 0x69, 0x6e, 0x70, 0x75, 0x74, 0x5f, 0x70, 0x72, 
    0x65, 0x5f, 0x6d, 0x61, 0x73, 0x6b, 0x69, 0x6e, 0x67, 0x3d, 0x74, 0x72, 0x75, 0x65, 0x3b, 0x69, 
    0x6f, 0x5f, 0x64, 0x6d, 0x61, 0x5f, 0x62, 0x79, 0x70, 0x61, 0x73, 0x73, 0x3d, 0x31, 0x3b, 0x74, 
    0x69, 0x6c, 0x65, 0x5f, 0x68, 0x65, 0x69, 0x67, 0x68, 0x74, 0x3d, 0x38, 0x3b, 0x62, 0x69, 0x67, 
    0x5f, 0x77, 0x69, 0x64, 0x74, 0x68, 0x5f, 0x73, 0x70, 0x6c, 0x69, 0x74, 0x3d, 0x32, 0x35, 0x36, 
    0x3b, 0x6c, 0x61, 0x72, 0x67, 0x65, 0x5f, 0x62, 0x61, 0x74, 0x63, 0x68, 0x5f, 0x73, 0x69, 0x7a, 
    0x65, 0x3d, 0x31, 0x32, 0x38, 0x3b, 0x6e, 0x6f, 0x5f, 0x73, 0x63, 0x61, 0x6c, 0x65, 0x5f, 0x77, 
    0x65, 0x69, 0x67, 0x68, 0x74, 0x73, 0x3d, 0x66, 0x61, 0x6c, 0x73, 0x65, 0x3b, 0x63, 0x6f, 0x6d, 
    0x70, 0x72, 0x65, 0x73, 0x73, 0x5f, 0x77, 0x65, 0x69, 0x67, 0x68, 0x74, 0x73, 0x3d, 0x66, 0x61, 
    0x6c, 0x73, 0x65, 0x3b, 0x6e, 0x61, 0x74, 0x69, 0x76, 0x65, 0x5f, 0x68, 0x6d, 0x78, 0x5f, 0x61, 
    0x31, 0x36, 0x77, 0x34, 0x3d, 0x74, 0x72, 0x75, 0x65, 0x3b, 0x62, 0x6c, 0x6f, 0x63, 0x6b, 0x74, 
    0x61, 0x62, 0x6c, 0x65, 0x5f, 0x72, 0x65, 0x64, 0x75, 0x63, 0x65, 0x3d, 0x36, 0x3b, 0x65, 0x78, 
    0x65, 0x63, 0x75, 0x74, 0x69, 0x6f, 0x6e, 0x5f, 0x70, 0x72, 0x69, 0x6f, 0x72, 0x69, 0x74, 0x79, 
    0x3d, 0x31, 0x39, 0x32, 0x3b, 0x6f, 0x70, 0x5f, 0x73, 0x65, 0x6c, 0x66, 0x5f, 0x73, 0x6c, 0x69, 
    0x63, 0x65, 0x5f, 0x65, 0x6e, 0x61, 0x62, 0x6c, 0x65, 0x3d, 0x74, 0x72, 0x75, 0x65, 0x3b, 0x76, 
    0x74, 0x63, 0x6d, 0x5f, 0x74, 0x6f, 0x74, 0x61, 0x6c, 0x5f, 0x73, 0x69, 0x7a, 0x65, 0x3d, 0x2d, 
    0x31, 0x3b, 0x76, 0x74, 0x63, 0x6d, 0x5f, 0x74, 0x6f, 0x74, 0x61, 0x6c, 0x5f, 0x6b, 0x62, 0x3d, 
    0x2d, 0x31, 0x3b, 0x76, 0x74, 0x63, 0x6d, 0x5f, 0x74, 0x6f, 0x74, 0x61, 0x6c, 0x5f, 0x6d, 0x62, 
    0x3d, 0x30, 0x3b, 0x76, 0x74, 0x63, 0x6d, 0x5f, 0x6b, 0x62, 0x3d, 0x2d, 0x31, 0x3b, 0x76, 0x74, 
    0x63, 0x6d, 0x5f, 0x6d, 0x62, 0x3d, 0x2d, 0x31, 0x3b, 0x76, 0x74, 0x63, 0x6d, 0x5f, 0x6f, 0x66, 
    0x66, 0x73, 0x65, 0x74, 0x3d, 0x2d, 0x31, 0x3b, 0x76, 0x74, 0x63, 0x6d, 0x5f, 0x6f, 0x66, 0x66, 
    0x5f, 0x6b, 0x62, 0x3d, 0x2d, 0x31, 0x3b, 0x76, 0x74, 0x63, 0x6d, 0x5f, 0x6f, 0x66, 0x66, 0x5f, 
    0x6d, 0x62, 0x3d, 0x30, 0x3b, 0x76, 0x74, 0x63, 0x6d, 0x5f, 0x6f, 0x66, 0x66, 0x5f, 0x77, 0x68, 
    0x65, 0x6e, 0x63, 0x65, 0x3d, 0x3b, 0x30, 0x32, 0x70, 0x61, 0x67, 0x65, 0x5f, 0x6d, 0x62, 0x3d, 
    0x30, 0x3b, 0x30, 0x32, 0x73, 0x69, 0x7a, 0x65, 0x5f, 0x66, 0x6f, 0x72, 0x5f, 0x74, 0x69, 0x6c, 
    0x69, 0x6e, 0x67, 0x3d, 0x34, 0x3b, 0x30, 0x32, 0x63, 0x6c, 0x65, 0x61, 0x72, 0x5f, 0x6f, 0x6e, 
    0x5f, 0x72, 0x65, 0x6c, 0x65, 0x61, 0x73, 0x65, 0x3d, 0x31, 0x3b, 0x73, 0x65, 0x71, 0x5f, 0x64, 
    0x64, 0x72, 0x5f, 0x61, 0x6c, 0x6c, 0x6f, 0x63, 0x5f, 0x73, 0x69, 0x7a, 0x65, 0x3d, 0x34, 0x32, 
    0x39, 0x34, 0x39, 0x36, 0x37, 0x30, 0x34, 0x30, 0x3b, 0x6d, 0x65, 0x6d, 0x6f, 0x72, 0x79, 0x5f, 
    0x61, 0x6c, 0x6c, 0x6f, 0x63, 0x5f, 0x6c, 0x69, 0x6d, 0x69, 0x74, 0x3d, 0x32, 0x30, 0x34, 0x38, 
    0x3b, 0x50, 0x3d, 0x30, 0x3b, 0x6e, 0x75, 0x6d, 0x5f, 0x70, 0x72, 0x65, 0x70, 0x61, 0x72, 0x65, 
    0x5f, 0x74, 0x68, 0x72, 0x65, 0x61, 0x64, 0x73, 0x3d, 0x31, 0x3b, 0x6c, 0x6f, 0x61, 0x64, 0x5f, 
    0x6e, 0x73, 0x70, 0x5f, 0x6d, 0x65, 0x74, 0x61, 0x64, 0x61, 0x74, 0x61, 0x3d, 0x66, 0x61, 0x6c, 
    0x73, 0x65, 0x3b, 0x61, 0x6c, 0x6c, 0x6f, 0x63, 0x61, 0x74, 0x6f, 0x72, 0x5f, 0x69, 0x6d, 0x61, 
    0x67, 0x65, 0x73, 0x3d, 0x3b, 0x73, 0x63, 0x68, 0x65, 0x64, 0x5f, 0x70, 0x65, 0x72, 0x66, 0x5f, 
    0x69, 0x6d, 0x61, 0x67, 0x65, 0x73, 0x3d, 0x3b, 0x73, 0x6f, 0x75, 0x72, 0x63, 0x65, 0x5f, 0x64, 
    0x65, 0x73, 0x74, 0x72, 0x75, 0x63, 0x74, 0x69, 0x76, 0x65, 0x5f, 0x6f, 0x70, 0x73, 0x3d, 0x74, 
    0x72, 0x75, 0x65, 0x3b, 0x30, 0x47, 0x63, 0x75, 0x73, 0x74, 0x6f, 0x6d, 0x5f, 0x6f, 0x70, 0x73, 
    0x3d, 0x66, 0x61, 0x6c, 0x73, 0x65, 0x3b, 0x72, 0x65, 0x6d, 0x6f, 0x76, 0x65, 0x5f, 0x6e, 0x75, 
    0x6c, 0x6c, 0x5f, 0x65, 0x78, 0x65, 0x63, 0x3d, 0x74, 0x72, 0x75, 0x65, 0x3b, 0x66, 0x75, 0x73, 
    0x65, 0x5f, 0x6d, 0x65, 0x6d, 0x67, 0x72, 0x6f, 0x75, 0x70, 0x73, 0x3d, 0x2d, 0x34, 0x3b, 0x72, 
    0x65, 0x6c, 0x61, 0x78, 0x65, 0x64, 0x5f, 0x70, 0x72, 0x65, 0x63, 0x69, 0x73, 0x69, 0x6f, 0x6e, 
    0x5f, 0x66, 0x6c, 0x61, 0x67, 0x3d, 0x66, 0x61, 0x6c, 0x73, 0x65, 0x3b, 0x64, 0x69, 0x73, 0x61, 
    0x62, 0x6c, 0x65, 0x5f, 0x73, 0x77, 0x69, 0x67, 0x6c, 0x75, 0x5f, 0x66, 0x75, 0x73, 0x69, 0x6f, 
    0x6e, 0x3d, 0x66, 0x61, 0x6c, 0x73, 0x65, 0x3b, 0x66, 0x6f, 0x72, 0x63, 0x65, 0x5f, 0x63, 0x6f, 
    0x6e, 0x76, 0x5f, 0x66, 0x75, 0x73, 0x69, 0x6f, 0x6e, 0x3d, 0x66, 0x61, 0x6c, 0x73, 0x65, 0x3b, 
    0x6f, 0x70, 0x74, 0x69, 0x6d, 0x69, 0x7a, 0x61, 0x74, 0x69, 0x6f, 0x6e, 0x5f, 0x72, 0x65, 0x67, 
    0x69, 0x73, 0x74, 0x72, 0x79, 0x5f, 0x6c, 0x69, 0x73, 0x74, 0x65, 0x6e, 0x61, 0x62, 0x6c, 0x65, 
    0x5f, 0x64, 0x6c, 0x62, 0x63, 0x3d, 0x66, 0x61, 0x6c, 0x73, 0x65, 0x3b, 0x6d, 0x75, 0x6c, 0x74, 
    0x69, 0x70, 0x6c, 0x65, 0x5f, 0x63, 0x6f, 0x6d, 0x70, 0x72, 0x65, 0x73, 0x73, 0x69, 0x6f, 0x6e, 
    0x5f, 0x66, 0x6f, 0x72, 0x6d, 0x61, 0x74, 0x73, 0x3d, 0x66, 0x61, 0x6c, 0x73, 0x65, 0x3b, 0x63, 
    0x6f, 0x6d, 0x62, 0x69, 0x6e, 0x65, 0x5f, 0x77, 0x65, 0x69, 0x67, 0x68, 0x74, 0x5f, 0x73, 0x70, 
    0x69, 0x6c, 0x6c, 0x5f, 0x66, 0x69, 0x6c, 0x6c, 0x5f, 0x64, 0x6c, 0x62, 0x63, 0x5f, 0x61, 0x70, 
    0x65, 0x72, 0x74, 0x75, 0x72, 0x65, 0x73, 0x3d, 0x66, 0x61, 0x6c, 0x73, 0x65, 0x3b, 0x64, 0x6c, 
    0x62, 0x63, 0x5f, 0x77, 0x65, 0x69, 0x67, 0x68, 0x74, 0x5f, 0x63, 0x6f, 0x6d, 0x70, 0x72, 0x65, 
    0x73, 0x73, 0x69, 0x6f, 0x6e, 0x3d, 0x30, 0x3b, 0x73, 0x70, 0x61, 0x72, 0x73, 0x69, 0x74, 0x79, 
    0x5f, 0x77, 0x65, 0x69, 0x67, 0x68, 0x74, 0x5f, 0x63, 0x6f, 0x6d, 0x70, 0x72, 0x65, 0x73, 0x73, 
    0x69, 0x6f, 0x6e, 0x3d, 0x66, 0x61, 0x6c, 0x73, 0x65, 0x3b, 0x64, 0x75, 0x6d, 0x70, 0x5f, 0x77, 
    0x65, 0x69, 0x67, 0x68, 0x74, 0x73, 0x3d, 0x66, 0x61, 0x6c, 0x73, 0x65, 0x3b, 0x35, 0x34, 0x75, 
    0x62, 0x77, 0x63, 0x64, 0x3d, 0x30, 0x3b, 0x72, 0x75, 0x6e, 0x5f, 0x74, 0x72, 0x61, 0x63, 0x65, 
    0x5f, 0x73, 0x69, 0x7a, 0x65, 0x3d, 0x30, 0x3b, 0x79, 0x69, 0x65, 0x6c, 0x64, 0x5f, 0x73, 0x74, 
    0x61, 0x74, 0x73, 0x5f, 0x73, 0x69, 0x7a, 0x65, 0x3d, 0x30, 0x3b, 0x73, 0x6b, 0x69, 0x70, 0x5f, 
    0x70, 0x6d, 0x75, 0x73, 0x3d, 0x66, 0x61, 0x6c, 0x73, 0x65, 0x3b, 0x69, 0x73, 0x5f, 0x67, 0x61, 
    0x74, 0x68, 0x65, 0x72, 0x5f, 0x73, 0x63, 0x61, 0x74, 0x74, 0x65, 0x72, 0x5f, 0x64, 0x69, 0x73, 
    0x61, 0x62, 0x6c, 0x65, 0x64, 0x3d, 0x66, 0x61, 0x6c, 0x73, 0x65, 0x3b, 0x64, 0x65, 0x66, 0x5f, 
    0x6f, 0x70, 0x74, 0x5f, 0x6c, 0x6f, 0x67, 0x3d, 0x3b, 0x68, 0x65, 0x78, 0x74, 0x69, 0x6d, 0x61, 
    0x74, 0x65, 0x3d, 0x66, 0x61, 0x6c, 0x73, 0x65, 0x3b, 0x73, 0x69, 0x6d, 0x5f, 0x63, 0x6f, 0x73, 
    0x74, 0x5f, 0x73, 0x6f, 0x75, 0x72, 0x63, 0x65, 0x3d, 0x6d, 0x6f, 0x64, 0x65, 0x6c, 0x3b, 0x30, 
    0x36, 0x6f, 0x76, 0x65, 0x72, 0x72, 0x69, 0x64, 0x65, 0x3d, 0x66, 0x61, 0x6c, 0x73, 0x65, 0x3b, 
    0x30, 0x45, 0x5f, 0x66, 0x69, 0x6e, 0x61, 0x6c, 0x3d, 0x66, 0x61, 0x6c, 0x73, 0x65, 0x3b, 0x30, 
    0x31, 0x6d, 0x69, 0x73, 0x73, 0x69, 0x6e, 0x67, 0x5f, 0x63, 0x6f, 0x73, 0x74, 0x5f, 0x62, 0x69, 
    0x61, 0x73, 0x3d, 0x30, 0x2e, 0x30, 0x30, 0x30, 0x30, 0x30, 0x30, 0x3b, 0x30, 0x45, 0x77, 0x65, 
    0x69, 0x67, 0x68, 0x74, 0x3d, 0x30, 0x2e, 0x30, 0x34, 0x30, 0x30, 0x30, 0x30, 0x3b, 0x30, 0x31, 
    0x69, 0x6e, 0x70, 0x75, 0x74, 0x5f, 0x64, 0x65, 0x70, 0x65, 0x6e, 0x64, 0x65, 0x6e, 0x74, 0x5f, 
    0x6f, 0x70, 0x73, 0x5f, 0x6f, 0x70, 0x74, 0x69, 0x6d, 0x69, 0x73, 0x6d, 0x3d, 0x2d, 0x31, 0x2e, 
    0x30, 0x30, 0x30, 0x30, 0x30, 0x30, 0x3b, 0x30, 0x31, 0x64, 0x65, 0x62, 0x75, 0x67, 0x3d, 0x66, 
    0x61, 0x6c, 0x73, 0x65, 0x3b, 0x30, 0x33, 0x66, 0x61, 0x75, 0x6c, 0x74, 0x5f, 0x63, 0x6f, 0x73, 
    0x74, 0x3d, 0x30, 0x2e, 0x30, 0x30, 0x30, 0x30, 0x30, 0x30, 0x3b, 0x30, 0x39, 0x73, 0x74, 0x61, 
    0x74, 0x75, 0x73, 0x3d, 0x75, 0x73, 0x69, 0x6e, 0x67, 0x5f, 0x75, 0x6e, 0x69, 0x74, 0x3b, 0x30, 
    0x31, 0x72, 0x61, 0x74, 0x65, 0x5f, 0x6e, 0x65, 0x67, 0x6f, 0x74, 0x69, 0x61, 0x74, 0x69, 0x6f, 
    0x6e, 0x3d, 0x74, 0x72, 0x75, 0x65, 0x3b, 0x30, 0x31, 0x6f, 0x70, 0x70, 0x6f, 0x72, 0x74, 0x75, 
    0x6e, 0x69, 0x73, 0x74, 0x69, 0x63, 0x5f, 0x68, 0x6c, 0x78, 0x5f, 0x75, 0x73, 0x65, 0x3d, 0x74, 
    0x72, 0x75, 0x65, 0x3b, 0x30, 0x31, 0x66, 0x6f, 0x72, 0x63, 0x65, 0x5f, 0x75, 0x73, 0x65, 0x5f, 
    0x63, 0x6f, 0x6e, 0x74, 0x65, 0x6e, 0x74, 0x69, 0x6f, 0x6e, 0x5f, 0x73, 0x69, 0x6d, 0x75, 0x6c, 
    0x61, 0x74, 0x6f, 0x72, 0x3d, 0x66, 0x61, 0x6c, 0x73, 0x65, 0x3b, 0x30, 0x31, 0x74, 0x72, 0x61, 
    0x63, 0x65, 0x5f, 0x6c, 0x69, 0x6e, 0x6b, 0x73, 0x3d, 0x66, 0x61, 0x6c, 0x73, 0x65, 0x3b, 0x30, 
    0x37, 0x66, 0x6f, 0x72, 0x63, 0x65, 0x5f, 0x63, 0x6f, 0x6e, 0x73, 0x69, 0x64, 0x65, 0x72, 0x5f, 
    0x73, 0x6f, 0x75, 0x72, 0x63, 0x65, 0x5f, 0x64, 0x65, 0x73, 0x74, 0x72, 0x75, 0x63, 0x74, 0x69, 
    0x76, 0x65, 0x3d, 0x74, 0x72, 0x75, 0x65, 0x3b, 0x61, 0x6c, 0x6c, 0x6f, 0x63, 0x5f, 0x65, 0x61, 
    0x72, 0x6c, 0x79, 0x5f, 0x65, 0x78, 0x69, 0x74, 0x3d, 0x66, 0x61, 0x6c, 0x73, 0x65, 0x3b, 0x61, 
    0x75, 0x74, 0x6f, 0x74, 0x68, 0x72, 0x65, 0x61, 0x64, 0x5f, 0x73, 0x69, 0x7a, 0x65, 0x5f, 0x6b, 
    0x62, 0x3d, 0x32, 0x35, 0x36, 0x3b, 0x30, 0x38, 0x68, 0x76, 0x78, 0x5f, 0x6e, 0x74, 0x69, 0x6c, 
    0x65, 0x73, 0x3d, 0x34, 0x3b, 0x30, 0x39, 0x6d, 0x78, 0x5f, 0x6e, 0x74, 0x69, 0x6c, 0x65, 0x73, 
    0x3d, 0x30, 0x3b, 0x73, 0x75, 0x70, 0x65, 0x72, 0x74, 0x69, 0x6c, 0x65, 0x5f, 0x6d, 0x61, 0x78, 
    0x5f, 0x73, 0x69, 0x7a, 0x65, 0x5f, 0x6b, 0x62, 0x3d, 0x32, 0x35, 0x36, 0x3b, 0x30, 0x37, 0x76, 
    0x65, 0x72, 0x62, 0x6f, 0x73, 0x65, 0x3d, 0x66, 0x61, 0x6c, 0x73, 0x65, 0x3b, 0x6e, 0x6f, 0x5f, 
    0x73, 0x75, 0x70, 0x65, 0x72, 0x74, 0x69, 0x6c, 0x65, 0x5f, 0x66, 0x6f, 0x72, 0x5f, 0x73, 0x6d, 
    0x61, 0x6c, 0x6c, 0x5f, 0x67, 0x72, 0x6f, 0x75, 0x70, 0x73, 0x3d, 0x66, 0x61, 0x6c, 0x73, 0x65, 
    0x3b, 0x31, 0x37, 0x73, 0x6f, 0x75, 0x72, 0x63, 0x65, 0x5f, 0x64, 0x65, 0x73, 0x74, 0x72, 0x75, 
    0x63, 0x74, 0x69, 0x76, 0x65, 0x5f, 0x6f, 0x70, 0x73, 0x3d, 0x74, 0x72, 0x75, 0x65, 0x3b, 0x30, 
    0x37, 0x68, 0x76, 0x78, 0x5f, 0x6e, 0x74, 0x69, 0x6c, 0x65, 0x73, 0x3d, 0x34, 0x3b, 0x30, 0x38, 
    0x6d, 0x78, 0x5f, 0x6e, 0x74, 0x69, 0x6c, 0x65, 0x73, 0x3d, 0x30, 0x3b, 0x77, 0x65, 0x69, 0x67, 
    0x68, 0x74, 0x5f, 0x73, 0x68, 0x61, 0x72, 0x69, 0x6e, 0x67, 0x5f, 0x63, 0x68, 0x61, 0x6e, 0x6e, 
    0x65, 0x6c, 0x5f, 0x74, 0x69, 0x6c, 0x65, 0x5f, 0x73, 0x69, 0x7a, 0x65, 0x3d, 0x36, 0x34, 0x3b, 
    0x63, 0x6f, 0x6e, 0x76, 0x5f, 0x6f, 0x75, 0x74, 0x70, 0x75, 0x74, 0x5f, 0x64, 0x79, 0x6e, 0x61, 
    0x6d, 0x69, 0x63, 0x5f, 0x72, 0x65, 0x73, 0x63, 0x61, 0x6c, 0x69, 0x6e, 0x67, 0x5f, 0x66, 0x6c, 
    0x61, 0x67, 0x3d, 0x66, 0x61, 0x6c, 0x73, 0x65, 0x3b, 0x73, 0x6c, 0x63, 0x5f, 0x61, 0x6c, 0x6c, 
    0x6f, 0x63, 0x61, 0x74, 0x65, 0x3d, 0x66, 0x61, 0x6c, 0x73, 0x65, 0x3b, 0x30, 0x38, 0x6f, 0x72, 
    0x5f, 0x64, 0x65, 0x62, 0x75, 0x67, 0x3d, 0x66, 0x61, 0x6c, 0x73, 0x65, 0x3b, 0x30, 0x31, 0x73, 
    0x69, 0x6d, 0x75, 0x6c, 0x61, 0x74, 0x65, 0x3d, 0x30, 0x3b, 0x31, 0x36, 0x5f, 0x61, 0x6c, 0x6c, 
    0x5f, 0x77, 0x65, 0x69, 0x67, 0x68, 0x74, 0x73, 0x3d, 0x66, 0x61, 0x6c, 0x73, 0x65, 0x3b, 0x30, 
    0x42, 0x73, 0x70, 0x69, 0x6c, 0x6c, 0x73, 0x3d, 0x66, 0x61, 0x6c, 0x73, 0x65, 0x3b, 0x30, 0x31, 
    0x64, 0x69, 0x73, 0x61, 0x62, 0x6c, 0x65, 0x5f, 0x73, 0x70, 0x69, 0x6c, 0x6c, 0x66, 0x69, 0x6c, 
    0x6c, 0x5f, 0x63, 0x61, 0x63, 0x68, 0x69, 0x6e, 0x67, 0x3d, 0x66, 0x61, 0x6c, 0x73, 0x65, 0x3b, 
    0x31, 0x37, 0x6d, 0x6f, 0x64, 0x65, 0x3d, 0x61, 0x75, 0x74, 0x6f, 0x3b, 0x30, 0x31, 0x69, 0x6e, 
    0x76, 0x61, 0x6c, 0x69, 0x64, 0x61, 0x74, 0x65, 0x5f, 0x6c, 0x61, 0x73, 0x74, 0x5f, 0x66, 0x69, 
    0x6c, 0x6c, 0x73, 0x3d, 0x66, 0x61, 0x6c, 0x73, 0x65, 0x3b, 0x63, 0x6f, 0x6d, 0x70, 0x72, 0x65, 
    0x73, 0x73, 0x5f, 0x66, 0x70, 0x31, 0x36, 0x5f, 0x77, 0x65, 0x69, 0x67, 0x68, 0x74, 0x73, 0x5f, 
    0x74, 0x6f, 0x5f, 0x6d, 0x78, 0x66, 0x70, 0x36, 0x3d, 0x66, 0x61, 0x6c, 0x73, 0x65, 0x3b, 0x65, 
    0x78, 0x74, 0x65, 0x6e, 0x64, 0x65, 0x64, 0x5f, 0x75, 0x64, 0x6d, 0x61, 0x3d, 0x66, 0x61, 0x6c, 
    0x73, 0x65, 0x3b, 0x30, 0x41, 0x5f, 0x69, 0x6f, 0x3d, 0x66, 0x61, 0x6c, 0x73, 0x65, 0x3b, 0x66, 
    0x61, 0x72, 0x5f, 0x6d, 0x65, 0x6d, 0x70, 0x6f, 0x6f, 0x6c, 0x5f, 0x6d, 0x69, 0x6e, 0x5f, 0x73, 
    0x69, 0x7a, 0x65, 0x5f, 0x6d, 0x62, 0x3d, 0x32, 0x3b, 0x77, 0x65, 0x69, 0x67, 0x68, 0x74, 0x73, 
    0x5f, 0x6d, 0x65, 0x6d, 0x70, 0x6f, 0x6f, 0x6c, 0x5f, 0x6d, 0x61, 0x78, 0x5f, 0x73, 0x69, 0x7a, 
    0x65, 0x5f, 0x6d, 0x62, 0x3d, 0x30, 0x3b, 0x70, 0x6c, 0x75, 0x67, 0x69, 0x6e, 0x5f, 0x61, 0x6c, 
    0x6c, 0x6f, 0x77, 0x5f, 0x69, 0x6e, 0x74, 0x65, 0x72, 0x6e, 0x61, 0x6c, 0x3d, 0x30, 0x3b, 0x30, 
    0x34, 0x73, 0x68, 0x6f, 0x77, 0x5f, 0x72, 0x65, 0x77, 0x72, 0x69, 0x74, 0x65, 0x73, 0x3d, 0x66, 
    0x61, 0x6c, 0x73, 0x65, 0x3b, 0x71, 0x75, 0x61, 0x6e, 0x74, 0x5f, 0x69, 0x73, 0x5f, 0x75, 0x70, 
    0x64, 0x61, 0x74, 0x65, 0x61, 0x62, 0x6c, 0x65, 0x3d, 0x66, 0x61, 0x6c, 0x73, 0x65, 0x3b, 0x61, 
    0x73, 0x73, 0x75, 0x6d, 0x65, 0x5f, 0x73, 0x61, 0x6d, 0x65, 0x5f, 0x71, 0x75, 0x61, 0x6e, 0x74, 
    0x3d, 0x66, 0x61, 0x6c, 0x73, 0x65, 0x3b, 0x66, 0x6f, 0x6c, 0x64, 0x5f, 0x61, 0x64, 0x64, 0x5f, 
    0x69, 0x6e, 0x74, 0x6f, 0x5f, 0x73, 0x6f, 0x66, 0x74, 0x6d, 0x61, 0x78, 0x3d, 0x66, 0x61, 0x6c, 
    0x73, 0x65, 0x3b, 0x73, 0x63, 0x61, 0x74, 0x74, 0x65, 0x72, 0x5f, 0x6b, 0x76, 0x5f, 0x65, 0x6e, 
    0x61, 0x62, 0x6c, 0x65, 0x3d, 0x66, 0x61, 0x6c, 0x73, 0x65, 0x3b, 0x6f, 0x75, 0x74, 0x70, 0x75, 
    0x74, 0x5f, 0x6e, 0x61, 0x74, 0x69, 0x76, 0x65, 0x5f, 0x6b, 0x76, 0x3d, 0x66, 0x61, 0x6c, 0x73, 
    0x65, 0x3b, 0x6e, 0x61, 0x74, 0x69, 0x76, 0x65, 0x5f, 0x6b, 0x5f, 0x63, 0x68, 0x61, 0x6e, 0x6e, 
    0x65, 0x6c, 0x5f, 0x74, 0x69, 0x6c, 0x65, 0x5f, 0x73, 0x69, 0x7a, 0x65, 0x3d, 0x32, 0x35, 0x36, 
    0x3b, 0x30, 0x34, 0x76, 0x5f, 0x63, 0x68, 0x61, 0x6e, 0x6e, 0x65, 0x6c, 0x5f, 0x74, 0x69, 0x6c, 
    0x65, 0x5f, 0x73, 0x69, 0x7a, 0x65, 0x3d, 0x36, 0x34, 0x3b, 0x68, 0x6d, 0x78, 0x5f, 0x62, 0x6f, 
    0x75, 0x6e, 0x64, 0x69, 0x6e, 0x67, 0x5f, 0x65, 0x6e, 0x61, 0x62, 0x6c, 0x65, 0x3d, 0x66, 0x61, 
    0x6c, 0x73, 0x65, 0x3b, 0x30, 0x41, 0x6d, 0x61, 0x78, 0x74, 0x69, 0x6d, 0x65, 0x5f, 0x75, 0x73, 
    0x3d, 0x35, 0x30, 0x3b, 0x30, 0x41, 0x68, 0x6d, 0x78, 0x5f, 0x66, 0x72, 0x65, 0x71, 0x5f, 0x6d, 
    0x68, 0x7a, 0x3d, 0x31, 0x37, 0x34, 0x37, 0x2e, 0x31, 0x39, 0x39, 0x39, 0x35, 0x31, 0x3b, 0x30, 
    0x41, 0x63, 0x70, 0x75, 0x5f, 0x66, 0x72, 0x65, 0x71, 0x5f, 0x6d, 0x68, 0x7a, 0x3d, 0x30, 0x2e, 
    0x30, 0x30, 0x30, 0x30, 0x30, 0x30, 0x3b, 0x30, 0x41, 0x69, 0x73, 0x5f, 0x68, 0x61, 0x72, 0x64, 
    0x3d, 0x74, 0x72, 0x75, 0x65, 0x3b, 0x65, 0x6e, 0x61, 0x62, 0x6c, 0x65, 0x5f, 0x70, 0x72, 0x65, 
    0x64, 0x69, 0x63, 0x61, 0x74, 0x69, 0x6f, 0x6e, 0x3d, 0x66, 0x61, 0x6c, 0x73, 0x65, 0x3b, 0x67, 
    0x72, 0x61, 0x70, 0x68, 0x76, 0x69, 0x7a, 0x5f, 0x70, 0x72, 0x65, 0x64, 0x69, 0x63, 0x61, 0x74, 
    0x69, 0x6f, 0x6e, 0x5f, 0x66, 0x6e, 0x3d, 0x3b, 0x65, 0x6e, 0x61, 0x62, 0x6c, 0x65, 0x5f, 0x73, 
    0x77, 0x69, 0x74, 0x63, 0x68, 0x65, 0x64, 0x5f, 0x6f, 0x70, 0x73, 0x3d, 0x66, 0x61, 0x6c, 0x73, 
    0x65, 0x3b, 0x75, 0x73, 0x65, 0x5f, 0x62, 0x6c, 0x6f, 0x63, 0x6b, 0x69, 0x6e, 0x67, 0x5f, 0x64, 
    0x79, 0x6e, 0x61, 0x6d, 0x69, 0x63, 0x5f, 0x64, 0x6d, 0x61, 0x3d, 0x66, 0x61, 0x6c, 0x73, 0x65, 
    0x3b, 0x65, 0x78, 0x70, 0x65, 0x72, 0x69, 0x6d, 0x65, 0x6e, 0x74, 0x61, 0x6c, 0x5f, 0x75, 0x73, 
    0x65, 0x5f, 0x66, 0x61, 0x6b, 0x65, 0x5f, 0x67, 0x6c, 0x6f, 0x62, 0x61, 0x6c, 0x5f, 0x63, 0x6f, 
    0x6e, 0x64, 0x69, 0x74, 0x69, 0x6f, 0x6e, 0x3d, 0x66, 0x61, 0x6c, 0x73, 0x65, 0x3b, 0x64, 0x65, 
    0x62, 0x75, 0x67, 0x5f, 0x64, 0x79, 0x6e, 0x61, 0x6d, 0x69, 0x63, 0x5f, 0x64, 0x6d, 0x61, 0x5f, 
    0x62, 0x79, 0x74, 0x65, 0x73, 0x3d, 0x66, 0x61, 0x6c, 0x73, 0x65, 0x3b, 0x73, 0x6f, 0x63, 0x5f, 
    0x74, 0x79, 0x70, 0x65, 0x3d, 0x55, 0x4e, 0x4b, 0x4e, 0x4f, 0x57, 0x4e, 0x5f, 0x53, 0x44, 0x4d, 
    0x3b, 0x61, 0x72, 0x63, 0x68, 0x3d, 0x36, 0x38, 0x3b, 0x6e, 0x75, 0x6d, 0x5f, 0x6e, 0x73, 0x70, 
    0x73, 0x3d, 0x31, 0x3b, 0x36, 0x34, 0x6d, 0x75, 0x6c, 0x74, 0x69, 0x63, 0x61, 0x73, 0x74, 0x3d, 
    0x66, 0x61, 0x6c, 0x73, 0x65, 0x3b, 0x30, 0x44, 0x5f, 0x6f, 0x70, 0x74, 0x69, 0x6d, 0x69, 0x7a, 
    0x65, 0x72, 0x3d, 0x66, 0x61, 0x6c, 0x73, 0x65, 0x3b, 0x30, 0x45, 0x68, 0x65, 0x75, 0x72, 0x69, 
    0x73, 0x74, 0x69, 0x63, 0x3d, 0x66, 0x61, 0x6c, 0x73, 0x65, 0x3b, 0x6d, 0x75, 0x6c, 0x74, 0x69, 
    0x63, 0x61, 0x73, 0x74, 0x5f, 0x68, 0x77, 0x5f, 0x73, 0x69, 0x7a, 0x65, 0x3d, 0x34, 0x30, 0x39, 
    0x36, 0x3b, 0x6d, 0x63, 0x69, 0x64, 0x5f, 0x61, 0x73, 0x73, 0x69, 0x67, 0x6e, 0x5f, 0x61, 0x73, 
    0x73, 0x75, 0x6d, 0x65, 0x5f, 0x61, 0x6c, 0x6c, 0x5f, 0x75, 0x6e, 0x69, 0x63, 0x61, 0x73, 0x74, 
    0x3d, 0x66, 0x61, 0x6c, 0x73, 0x65, 0x3b, 0x30, 0x4b, 0x6d, 0x75, 0x6c, 0x74, 0x69, 0x63, 0x61, 
    0x73, 0x74, 0x3d, 0x66, 0x61, 0x6c, 0x73, 0x65, 0x3b, 0x33, 0x34, 0x64, 0x64, 0x72, 0x5f, 0x74, 
    0x65, 0x6e, 0x73, 0x6f, 0x72, 0x5f, 0x68, 0x61, 0x6e, 0x64, 0x6c, 0x69, 0x6e, 0x67, 0x3d, 0x66, 
    0x61, 0x6c, 0x73, 0x65, 0x3b, 0x6d, 0x63, 0x73, 0x65, 0x6e, 0x64, 0x5f, 0x72, 0x65, 0x75, 0x73, 
    0x65, 0x5f, 0x74, 0x68, 0x72, 0x65, 0x73, 0x68, 0x3d, 0x33, 0x32, 0x3b, 0x74, 0x72, 0x61, 0x69, 
    0x6e, 0x5f, 0x63, 0x6f, 0x72, 0x65, 0x5f, 0x66, 0x72, 0x65, 0x71, 0x3d, 0x30, 0x78, 0x30, 0x70, 
    0x2b, 0x30, 0x3b, 0x30, 0x33, 0x68, 0x6d, 0x78, 0x5f, 0x66, 0x72, 0x65, 0x71, 0x3d, 0x30, 0x78, 
    0x30, 0x70, 0x2b, 0x30, 0x3b, 0x6e, 0x75, 0x6d, 0x5f, 0x64, 0x6d, 0x61, 0x3d, 0x31, 0x3b, 0x76, 
    0x78, 0x75, 0x3d, 0x2d, 0x31, 0x3b, 0x31, 0x31, 0x76, 0x78, 0x75, 0x3d, 0x31, 0x3b, 0x75, 0x73, 
    0x65, 0x5f, 0x63, 0x6f, 0x70, 0x79, 0x6d, 0x65, 0x6d, 0x3d, 0x74, 0x72, 0x75, 0x65, 0x3b, 0x68, 
    0x76, 0x78, 0x5f, 0x74, 0x68, 0x72, 0x65, 0x61, 0x64, 0x73, 0x3d, 0x34, 0x3b, 0x68, 0x6c, 0x78, 
    0x5f, 0x74, 0x68, 0x72, 0x65, 0x61, 0x64, 0x73, 0x3d, 0x30, 0x3b, 0x68, 0x6d, 0x78, 0x5f, 0x74, 
    0x79, 0x70, 0x65, 0x3d, 0x66, 0x67, 0x3b, 0x30, 0x31, 0x62, 0x67, 0x5f, 0x74, 0x68, 0x72, 0x65, 
    0x61, 0x64, 0x73, 0x3d, 0x30, 0x3b, 0x63, 0x6e, 0x6f, 0x63, 0x5f, 0x6d, 0x61, 0x78, 0x5f, 0x62, 
    0x6c, 0x6b, 0x3d, 0x30, 0x3b, 0x6c, 0x32, 0x74, 0x63, 0x6d, 0x5f, 0x6b, 0x62, 0x3d, 0x30, 0x3b, 
    0x76, 0x74, 0x63, 0x6d, 0x5f, 0x73, 0x69, 0x7a, 0x65, 0x3d, 0x34, 0x31, 0x39, 0x34, 0x33, 0x30, 
    0x34, 0x3b, 0x30, 0x32, 0x72, 0x65, 0x73, 0x65, 0x72, 0x76, 0x65, 0x64, 0x5f, 0x73, 0x69, 0x7a, 
    0x65, 0x3d, 0x30, 0x3b, 0x73, 0x69, 0x6d, 0x5f, 0x66, 0x72, 0x65, 0x71, 0x5f, 0x6f, 0x76, 0x65, 
    0x72, 0x72, 0x69, 0x64, 0x65, 0x5f, 0x66, 0x69, 0x6e, 0x61, 0x6c, 0x3d, 0x66, 0x61, 0x6c, 0x73, 
    0x65, 0x3b, 0x30, 0x31, 0x63, 0x6f, 0x72, 0x65, 0x5f, 0x76, 0x6f, 0x6c, 0x74, 0x61, 0x67, 0x65, 
    0x5f, 0x63, 0x6f, 0x72, 0x6e, 0x65, 0x72, 0x3d, 0x30, 0x3b, 0x30, 0x4b, 0x5f, 0x66, 0x69, 0x6e, 
    0x61, 0x6c, 0x3d, 0x30, 0x3b, 0x30, 0x31, 0x62, 0x75, 0x73, 0x5f, 0x76, 0x6f, 0x6c, 0x74, 0x61, 
    0x67, 0x65, 0x5f, 0x63, 0x6f, 0x72, 0x6e, 0x65, 0x72, 0x3d, 0x30, 0x3b, 0x30, 0x4a, 0x5f, 0x66, 
    0x69, 0x6e, 0x61, 0x6c, 0x3d, 0x30, 0x3b, 0x30, 0x31, 0x68, 0x6d, 0x78, 0x5f, 0x76, 0x6f, 0x6c, 
    0x74, 0x61, 0x67, 0x65, 0x5f, 0x63, 0x6f, 0x72, 0x6e, 0x65, 0x72, 0x3d, 0x30, 0x3b, 0x30, 0x4a, 
    0x5f, 0x66, 0x69, 0x6e, 0x61, 0x6c, 0x3d, 0x30, 0x3b, 0x34, 0x36, 0x66, 0x72, 0x65, 0x71, 0x3d, 
    0x30, 0x78, 0x31, 0x2e, 0x65, 0x38, 0x34, 0x38, 0x70, 0x2b, 0x31, 0x39, 0x3b, 0x30, 0x41, 0x5f, 
    0x66, 0x69, 0x6e, 0x61, 0x6c, 0x3d, 0x30, 0x78, 0x30, 0x70, 0x2b, 0x30, 0x3b, 0x30, 0x32, 0x6e, 
    0x6f, 0x63, 0x5f, 0x66, 0x72, 0x65, 0x71, 0x3d, 0x30, 0x78, 0x31, 0x2e, 0x65, 0x38, 0x34, 0x38, 
    0x70, 0x2b, 0x31, 0x39, 0x3b, 0x30, 0x41, 0x5f, 0x66, 0x69, 0x6e, 0x61, 0x6c, 0x3d, 0x30, 0x78, 
    0x30, 0x70, 0x2b, 0x30, 0x3b, 0x30, 0x31, 0x67, 0x65, 0x6d, 0x6e, 0x6f, 0x63, 0x5f, 0x66, 0x72, 
    0x65, 0x71, 0x3d, 0x30, 0x78, 0x31, 0x2e, 0x65, 0x38, 0x34, 0x38, 0x70, 0x2b, 0x31, 0x39, 0x3b, 
    0x30, 0x43, 0x5f, 0x66, 0x69, 0x6e, 0x61, 0x6c, 0x3d, 0x30, 0x78, 0x30, 0x70, 0x2b, 0x30, 0x3b, 
    0x30, 0x31, 0x64, 0x64, 0x72, 0x5f, 0x66, 0x72, 0x65, 0x71, 0x3d, 0x30, 0x78, 0x31, 0x2e, 0x65, 
    0x38, 0x34, 0x38, 0x70, 0x2b, 0x31, 0x39, 0x3b, 0x30, 0x39, 0x5f, 0x66, 0x69, 0x6e, 0x61, 0x6c, 
    0x3d, 0x30, 0x78, 0x30, 0x70, 0x2b, 0x30, 0x3b, 0x30, 0x31, 0x6e, 0x73, 0x70, 0x6e, 0x6f, 0x63, 
    0x5f, 0x66, 0x72, 0x65, 0x71, 0x3d, 0x30, 0x78, 0x31, 0x2e, 0x65, 0x38, 0x34, 0x38, 0x70, 0x2b, 
    0x31, 0x39, 0x3b, 0x30, 0x43, 0x5f, 0x66, 0x69, 0x6e, 0x61, 0x6c, 0x3d, 0x30, 0x78, 0x30, 0x70, 
    0x2b, 0x30, 0x3b, 0x30, 0x31, 0x68, 0x6d, 0x78, 0x5f, 0x66, 0x72, 0x65, 0x71, 0x3d, 0x30, 0x78, 
    0x31, 0x2e, 0x65, 0x38, 0x34, 0x38, 0x70, 0x2b, 0x31, 0x39, 0x3b, 0x30, 0x39, 0x5f, 0x66, 0x69, 
    0x6e, 0x61, 0x6c, 0x3d, 0x30, 0x78, 0x30, 0x70, 0x2b, 0x30, 0x3b, 0x30, 0x35, 0x69, 0x6e, 0x74, 
    0x5f, 0x6d, 0x61, 0x63, 0x3d, 0x30, 0x78, 0x30, 0x70, 0x2b, 0x30, 0x3b, 0x30, 0x39, 0x64, 0x75, 
    0x74, 0x79, 0x3d, 0x30, 0x78, 0x30, 0x70, 0x2b, 0x30, 0x3b, 0x32, 0x36, 0x70, 0x5f, 0x6d, 0x61, 
    0x63, 0x3d, 0x30, 0x78, 0x30, 0x70, 0x2b, 0x30, 0x3b, 0x30, 0x38, 0x64, 0x75, 0x74, 0x79, 0x3d, 
    0x30, 0x78, 0x30, 0x70, 0x2b, 0x30, 0x3b, 0x30, 0x32, 0x76, 0x78, 0x5f, 0x69, 0x6e, 0x74, 0x5f, 
    0x6d, 0x61, 0x63, 0x3d, 0x30, 0x78, 0x30, 0x70, 0x2b, 0x30, 0x3b, 0x30, 0x39, 0x64, 0x75, 0x74, 
    0x79, 0x3d, 0x30, 0x78, 0x30, 0x70, 0x2b, 0x30, 0x3b, 0x30, 0x35, 0x66, 0x70, 0x5f, 0x6d, 0x61, 
    0x63, 0x3d, 0x30, 0x78, 0x30, 0x70, 0x2b, 0x30, 0x3b, 0x30, 0x38, 0x64, 0x75, 0x74, 0x79, 0x3d, 
    0x30, 0x78, 0x30, 0x70, 0x2b, 0x30, 0x3b, 0x30, 0x31, 0x66, 0x6c, 0x6f, 0x6f, 0x72, 0x5f, 0x63, 
    0x6f, 0x72, 0x65, 0x5f, 0x68, 0x6d, 0x78, 0x5f, 0x66, 0x72, 0x65, 0x71, 0x5f, 0x72, 0x61, 0x74, 
    0x69, 0x6f, 0x3d, 0x30, 0x78, 0x31, 0x2e, 0x65, 0x38, 0x34, 0x38, 0x70, 0x2b, 0x31, 0x39, 0x3b, 
    0x37, 0x39, 0x73, 0x63, 0x61, 0x6c, 0x65, 0x5f, 0x66, 0x61, 0x63, 0x74, 0x6f, 0x72, 0x3d, 0x2d, 
    0x6e, 0x61, 0x6e, 0x3b, 0x30, 0x4c, 0x5f, 0x66, 0x69, 0x6e, 0x61, 0x6c, 0x3d, 0x30, 0x78, 0x30, 
    0x70, 0x2b, 0x30, 0x3b, 0x37, 0x38, 0x73, 0x63, 0x61, 0x6c, 0x65, 0x5f, 0x66, 0x61, 0x63, 0x74, 
    0x6f, 0x72, 0x3d, 0x2d, 0x6e, 0x61, 0x6e, 0x3b, 0x30, 0x4b, 0x5f, 0x66, 0x69, 0x6e, 0x61, 0x6c, 
    0x3d, 0x30, 0x78, 0x30, 0x70, 0x2b, 0x30, 0x3b, 0x37, 0x39, 0x73, 0x63, 0x61, 0x6c, 0x65, 0x5f, 
    0x66, 0x61, 0x63, 0x74, 0x6f, 0x72, 0x3d, 0x2d, 0x6e, 0x61, 0x6e, 0x3b, 0x30, 0x4c, 0x5f, 0x66, 
    0x69, 0x6e, 0x61, 0x6c, 0x3d, 0x30, 0x78, 0x30, 0x70, 0x2b, 0x30, 0x3b, 0x37, 0x38, 0x73, 0x63, 
    0x61, 0x6c, 0x65, 0x5f, 0x66, 0x61, 0x63, 0x74, 0x6f, 0x72, 0x3d, 0x2d, 0x6e, 0x61, 0x6e, 0x3b, 
    0x30, 0x4b, 0x5f, 0x66, 0x69, 0x6e, 0x61, 0x6c, 0x3d, 0x30, 0x78, 0x30, 0x70, 0x2b, 0x30, 0x3b, 
    0x30, 0x32, 0x6c, 0x78, 0x5f, 0x69, 0x6e, 0x74, 0x5f, 0x73, 0x63, 0x61, 0x6c, 0x65, 0x5f, 0x66, 
    0x61, 0x63, 0x74, 0x6f, 0x72, 0x3d, 0x30, 0x78, 0x31, 0x2e, 0x65, 0x38, 0x34, 0x38, 0x70, 0x2b, 
    0x31, 0x39, 0x3b, 0x30, 0x31, 0x6d, 0x70, 0x5f, 0x77, 0x69, 0x64, 0x74, 0x68, 0x3d, 0x31, 0x30, 
    0x30, 0x30, 0x30, 0x30, 0x30, 0x3b, 0x30, 0x31, 0x73, 0x70, 0x5f, 0x77, 0x69, 0x64, 0x74, 0x68, 
    0x3d, 0x31, 0x30, 0x30, 0x30, 0x30, 0x30, 0x30, 0x3b, 0x30, 0x31, 0x63, 0x6e, 0x6f, 0x63, 0x5f, 
    0x77, 0x69, 0x64, 0x74, 0x68, 0x3d, 0x31, 0x30, 0x30, 0x30, 0x30, 0x30, 0x30, 0x3b, 0x30, 0x31, 
    0x67, 0x65, 0x6d, 0x6e, 0x6f, 0x63, 0x5f, 0x77, 0x69, 0x64, 0x74, 0x68, 0x3d, 0x31, 0x30, 0x30, 
    0x30, 0x30, 0x30, 0x30, 0x3b, 0x30, 0x31, 0x64, 0x64, 0x72, 0x5f, 0x77, 0x69, 0x64, 0x74, 0x68, 
    0x3d, 0x31, 0x30, 0x30, 0x30, 0x30, 0x30, 0x30, 0x3b, 0x34, 0x34, 0x63, 0x68, 0x61, 0x6e, 0x6e, 
    0x65, 0x6c, 0x73, 0x3d, 0x31, 0x30, 0x30, 0x30, 0x30, 0x30, 0x30, 0x3b, 0x34, 0x34, 0x63, 0x68, 
    0x61, 0x6e, 0x6e, 0x65, 0x6c, 0x73, 0x3d, 0x31, 0x30, 0x30, 0x30, 0x30, 0x30, 0x30, 0x3b, 0x34, 
    0x36, 0x63, 0x68, 0x61, 0x6e, 0x6e, 0x65, 0x6c, 0x73, 0x3d, 0x31, 0x30, 0x30, 0x30, 0x30, 0x30, 
    0x30, 0x3b, 0x34, 0x38, 0x63, 0x68, 0x61, 0x6e, 0x6e, 0x65, 0x6c, 0x73, 0x3d, 0x31, 0x30, 0x30, 
    0x30, 0x30, 0x30, 0x30, 0x3b, 0x34, 0x35, 0x63, 0x68, 0x61, 0x6e, 0x6e, 0x65, 0x6c, 0x73, 0x3d, 
    0x31, 0x30, 0x30, 0x30, 0x30, 0x30, 0x30, 0x3b, 0x32, 0x36, 0x65, 0x66, 0x66, 0x69, 0x63, 0x69, 
    0x65, 0x6e, 0x63, 0x79, 0x3d, 0x30, 0x78, 0x31, 0x2e, 0x65, 0x38, 0x34, 0x38, 0x70, 0x2b, 0x31, 
    0x39, 0x3b, 0x32, 0x38, 0x65, 0x66, 0x66, 0x69, 0x63, 0x69, 0x65, 0x6e, 0x63, 0x79, 0x3d, 0x30, 
    0x78, 0x31, 0x2e, 0x65, 0x38, 0x34, 0x38, 0x70, 0x2b, 0x31, 0x39, 0x3b, 0x32, 0x35, 0x65, 0x66, 
    0x66, 0x69, 0x63, 0x69, 0x65, 0x6e, 0x63, 0x79, 0x3d, 0x30, 0x78, 0x31, 0x2e, 0x65, 0x38, 0x34, 
    0x38, 0x70, 0x2b, 0x31, 0x39, 0x3b, 0x73, 0x6c, 0x63, 0x5f, 0x73, 0x63, 0x69, 0x64, 0x3d, 0x31, 
    0x3b, 0x30, 0x32, 0x69, 0x7a, 0x65, 0x3d, 0x31, 0x3b, 0x32, 0x31, 0x70, 0x61, 0x79, 0x6c, 0x6f, 
    0x61, 0x64, 0x5f, 0x66, 0x61, 0x63, 0x74, 0x6f, 0x72, 0x3d, 0x30, 0x78, 0x31, 0x70, 0x2b, 0x30, 
    0x3b, 0x33, 0x32, 0x62, 0x5f, 0x72, 0x65, 0x61, 0x64, 0x5f, 0x66, 0x61, 0x63, 0x74, 0x6f, 0x72, 
    0x3d, 0x30, 0x78, 0x31, 0x70, 0x2b, 0x30, 0x3b, 0x30, 0x34, 0x77, 0x72, 0x69, 0x74, 0x65, 0x5f, 
    0x6e, 0x6f, 0x5f, 0x6d, 0x63, 0x5f, 0x66, 0x61, 0x63, 0x74, 0x6f, 0x72, 0x3d, 0x30, 0x78, 0x31, 
    0x70, 0x2b, 0x30, 0x3b, 0x30, 0x41, 0x6d, 0x63, 0x5f, 0x66, 0x61, 0x63, 0x74, 0x6f, 0x72, 0x3d, 
    0x30, 0x78, 0x31, 0x70, 0x2b, 0x30, 0x3b, 0x00, 0x0e, 0x00, 0x4d, 0x6d, 0x0d, 0x00, 0x00, 0x00, 
    0x04, 0x00, 0x00, 0x00, 0x00, 0x00, 0x00, 0x00, 0x20, 0x00, 0x00, 0x00, 0x00, 0x00, 0x00, 0x00, 
    0x45, 0x00, 0x00, 0x00, 0x40, 0x00, 0x00, 0x00, 0x00, 0x00, 0x00, 0x00, 0x00, 0x00, 0x00, 0x00, 
    0x00, 0x00, 0x00, 0x00, 0x00, 0x00, 0x00, 0x00, 0x00, 0x00, 0x00, 0x00, 0x00, 0x00, 0x00, 0x00, 
    0x01, 0x00, 0x5a, 0x7a, 0xb2, 0x10, 0x4d, 0xef, 0x01, 0x00, 0x00, 0x00, 0x01, 0x00, 0x00, 0x00, 
    0xbc, 0x90, 0x43, 0x6f, 0x3d, 0x00, 0x00, 0x00, 0x0b, 0x00, 0x00, 0x00, 0x30, 0x00, 0x00, 0x00, 
    0x53, 0x68, 0x61, 0x70, 0x65, 0x00, 0x2a, 0x49, 0x6e, 0x70, 0x75, 0x74, 0x53, 0x6c, 0x69, 0x63, 
    0x65, 0x40, 0x46, 0x66, 0x2e, 0x73, 0x34, 0x2a, 0x36, 0x2e, 0x00, 0x40, 0x44, 0x6d, 0x61, 0x43, 
    0x68, 0x65, 0x63, 0x6b, 0x70, 0x6f, 0x69, 0x6e, 0x74, 0x53, 0x65, 0x74, 0x00, 0x40, 0x44, 0x6d, 
    0x61, 0x43, 0x68, 0x65, 0x63, 0x6b, 0x70, 0x6f, 0x69, 0x6e, 0x74, 0x57, 0x61, 0x69, 0x74, 0x00, 
    0x43, 0x6f, 0x6e, 0x73, 0x74, 0x00, 0x54, 0x72, 0x61, 0x6e, 0x73, 0x70, 0x6f, 0x73, 0x65, 0x5f, 
    0x69, 0x6d, 0x70, 0x6c, 0x40, 0x46, 0x66, 0x2a, 0x32, 0x2e, 0x66, 0x69, 0x2e, 0x74, 0x00, 0x66, 
    0x6c, 0x61, 0x74, 0x5f, 0x66, 0x72, 0x6f, 0x6d, 0x5f, 0x76, 0x74, 0x63, 0x6d, 0x40, 0x66, 0x66, 
    0x2e, 0x46, 0x66, 0x2e, 0x00, 0x4d, 0x61, 0x74, 0x4d, 0x75, 0x6c, 0x5f, 0x62, 0x69, 0x61, 0x73, 
    0x40, 0x66, 0x66, 0x2a, 0x34, 0x00, 0x54, 0x72, 0x61, 0x6e, 0x73, 0x70, 0x6f, 0x73, 0x65, 0x5f, 
    0x69, 0x6d, 0x70, 0x6c, 0x40, 0x66, 0x66, 0x2a, 0x32, 0x2e, 0x66, 0x69, 0x2e, 0x74, 0x00, 0x2a, 
    0x4f, 0x75, 0x74, 0x70, 0x75, 0x74, 0x53, 0x6c, 0x69, 0x63, 0x65, 0x40, 0x66, 0x66, 0x2e, 0x73, 
    0x34, 0x2a, 0x33, 0x2e, 0x00, 0x40, 0x53, 0x79, 0x6e, 0x63, 0x4f, 0x70, 0x00, 0x00, 0x00, 0x00, 
    0x00, 0x00, 0x01, 0x80, 0x06, 0x00, 0x01, 0x00, 0x10, 0x00, 0x00, 0x80, 0x10, 0x00, 0x00, 0x80, 
    0x00, 0x00, 0x01, 0x80, 0x03, 0x00, 0x01, 0x00, 0x01, 0x00, 0x01, 0x00, 0x03, 0x00, 0x01, 0x00, 
    0x03, 0x00, 0x01, 0x00, 0x04, 0x00, 0x00, 0x00, 0x00, 0x00, 0x00, 0x80, 0xbc, 0x8b, 0x43, 0x74, 
    0x09, 0x00, 0x00, 0x00, 0x04, 0x00, 0x00, 0x00, 0x03, 0x00, 0x00, 0x00, 0x66, 0x66, 0x00, 0x73, 
    0x34, 0x00, 0x46, 0x66, 0x00, 0x66, 0x69, 0x00, 0x84, 0x04, 0x00, 0x10, 0x00, 0x04, 0x00, 0x20, 
    0x84, 0x04, 0x01, 0x10, 0x85, 0x04, 0x00, 0x10, 0xb1, 0x0b, 0x4e, 0xf4, 0x03, 0x00, 0x00, 0x00, 
    0x0f, 0x00, 0x00, 0x00, 0x00, 0x00, 0x00, 0x00, 0x00, 0x00, 0x00, 0x00, 0xb8, 0xa9, 0x47, 0x56, 
    0x02, 0x00, 0x00, 0x00, 0x00, 0x00, 0x00, 0x00, 0x02, 0x00, 0x00, 0x00, 0xbe, 0x2c, 0x41, 0xd3, 
    0x03, 0x00, 0x00, 0x00, 0x00, 0x00, 0x00, 0x00, 0x00, 0x00, 0x00, 0x00, 0x00, 0x00, 0x00, 0x00, 
    0xad, 0x32, 0x52, 0xcd, 0x01, 0x00, 0x00, 0x00, 0x01, 0x00, 0x00, 0x00, 0xb4, 0xbe, 0x4b, 0x41, 
    0x00, 0x00, 0x00, 0x00
};


void ContextBinaryWriter::write_system_header() {
    pos_ = 0;
    ensure(SYS_HDR_TOTAL_SIZE);

    // Copy the 0x1000-byte format framework (3722 bytes are model-independent
    // across all 7 reference models; remaining 374 bytes are patched below).
    // [0x0400, 0x1000) is zero padding (identical across all models).
    // [0x0000, 0x0400) contains a variable-length descriptor table with
    // graph name, tensor names, buildId, and offset/size fields.
    std::memcpy(buf_.data(), SYS_HEADER_TEMPLATE, SYS_HDR_TOTAL_SIZE);

    // Patch model-dependent fields:
    // [0x20] contextBlob size (LE u64, filled in write())

    // ioTensorSize (LE u32) at 0x130 闂?NOT BE as docs claimed; real bytes are 40 00 00 00
    pos_ = SYS_HDR_IOTENSOR_SIZE;
    put_u32_le(io_tensor_size_);

    // constSize (LE u32) at 0x177 闂?real bytes are 20 00 00 00
    pos_ = SYS_HDR_CONST_SIZE;
    put_u32_le(const_size_);

    // dspArch (BE u16) at 0x1D5
    pos_ = SYS_HDR_DSP_ARCH;
    put_u16_be(dsp_arch_);

    // graph name at 0x1E8 (null-terminated)
    pos_ = SYS_HDR_GRAPH_NAME;
    put_string_null(graph_name_);

    // buildId at 0x334 (null-terminated)
    pos_ = SYS_HDR_BUILD_ID;
    put_string_null(build_id_);

    pos_ = SYS_HDR_TOTAL_SIZE;
}

// === Section 2: contextBlob (big-endian) ===



size_t ContextBinaryWriter::write_context_blob() {
    // Pre-opData section [0x1000, 0x7534): ioTensor, graph config, kernel name table.
    // The framework constant contains 25556 model-independent bytes (identical across
    // all 7 reference models). The remaining 352 model-dependent bytes are patched
    // dynamically by patch_pre_opdata().
    ensure(0x7534);
    std::memcpy(buf_.data() + CTX_BLOB_BASE, CTX_BLOB_PRE_TEMPLATE, 0x6534);

    // Patch model-dependent fields in pre-opData
    patch_pre_opdata();

    // opData section [0x7534, ~0x7898): dynamically generated from scheduled ops.
    write_opdata_segment();

    // Post-opData padding + graph metadata [0x7898, 0x9000)
    // Second BEEFF00D marker at 0x7FFC, then graph metadata, then padding.
    write_post_opdata();

    // Const section [0x9000, 0xB000): weights + extent table
    write_const_segment();

    // Trailer [0xB000, end): graph name + op names
    write_trailer();

    pos_ = TRAILER_BASE + 0x308;  // total .bin size = 0xB308
    return pos_ - CTX_BLOB_BASE;
}

// ContextBlob header descriptor [0x1000, 0x10A0)
// This is a record descriptor table with offsets/sizes to other segments.
// From real sample:
//   [0x1000] 04 00 00 00 00 00 00 00  count=4, padding
//   [0x1010] 04 00 00 00 00 00 00 00  count=4
//   [0x1018] d8 00 00 00 00 00 00 00  offset=0xD8 (ROOT record)
//   [0x1020] 10 00 00 00 00 00 0a 00  size=0x10, ...
//   ... (descriptor entries with offsets to segments)
void ContextBinaryWriter::write_ctx_header_descriptor() {
    // The exact structure of this descriptor table needs more reverse
    // engineering. For now we replicate the simple_linear sample bytes
    // since the structure is the same for single-graph context binaries.
    // These are segment descriptor entries pointing to ROOT/PICKLE/ioTensor/etc.
    // All big-endian u32 fields.

    // Entry 0: count = 4
    pos_ = CTX_BLOB_BASE;
    put_u32_be(4);  // [0x1000] count
    put_zero(12);   // [0x1004-0x100F] padding

    // Entry 1: count = 4
    put_u32_be(4);  // [0x1010]
    put_zero(12);   // [0x1014-0x101F]

    // Entry 2: ROOT record offset = 0xD8 (relative to 0x1000)
    put_u32_be(0xD8);  // [0x1020]
    // ROOT record size-related fields
    put_u16_be(0x0000); // [0x1024]
    put_u16_be(0x0A00); // [0x1026] flags
    put_u16_be(0x1800); // [0x1028]
    put_u16_be(0x0800); // [0x102A]
    put_u16_be(0x1000); // [0x102C]
    put_u16_be(0x0400); // [0x102E]

    // Entry 3
    put_u32_be(0x0A00);  // [0x1030]
    put_u32_be(0x1400);  // [0x1034]
    // ... offset to const segment = 0x1000 (relative)
    put_u32_be(0x1000);  // [0x1038]
    put_zero(4);         // [0x103C]

    // Entry 4: contextBlob size = 0xA308 (will be updated)
    put_u32_be(0xA308);  // [0x1040] contextBlob size (placeholder)
    put_zero(4);         // [0x1044]

    // Entry 5
    put_u32_be(0x0200);  // [0x1048]
    put_u32_be(0x6000);  // [0x104C]

    // Entry 6: op config strings offset
    put_u32_be(0x1400);  // [0x1050]
    put_u16_be(0x0000);
    put_u16_be(0x0E00);
    put_u16_be(0x2800);
    put_u16_be(0x0400);
    put_u16_be(0x0C00);
    put_u16_be(0x1400);

    // Entry 7
    put_u16_be(0x0800);
    put_u16_be(0x1C00);
    put_u16_be(0x0E00);
    put_u32_be(0x0000);
    put_u32_be(0x2C00);
    put_u32_be(0x0000);
    put_u32_be(0x2000);
    put_u32_be(0x0000);

    // Entry 8: ddrTensor offset
    put_u32_be(0x0308);  // [0x1070]
    put_zero(4);
    put_u32_be(0x1000);  // const segment offset (relative)
    put_zero(4);
    put_u32_be(0x1000);  // [0x1080]
    put_zero(4);
    put_u32_be(0xA000);  // ddrTensor offset
    put_zero(8);

    // Entry 9: padding to ROOT
    put_zero(4);
    put_u32_be(0x0400);  // [0x1094] count = 4 (ROOT marker prefix)
    // ROOT record starts at 0x1098
}

// ROOT record [0x1098, 0x10D8)
// From real sample: "ROOT" + descriptor entries
void ContextBinaryWriter::write_root_record() {
    pos_ = 0x1098;
    // "ROOT" magic
    put_bytes("ROOT", 4);
    put_zero(2);  // [0x109C]
    put_u16_be(0x0E00);  // [0x109E]

    // ROOT descriptor entries (offsets to sub-records)
    put_u16_be(0x2400); put_u16_be(0x0400);
    put_u16_be(0x0C00); put_u16_be(0x1400);
    put_u16_be(0x0800); put_u16_be(0x1C00);
    put_u16_be(0x0E00); put_u32_be(0x0000);
    put_u32_be(0x2800); put_u32_be(0x0000);
    put_u32_be(0x1C00); put_u32_be(0x0000);
    put_u32_be(0x9000); put_u32_be(0x0000);  // const pool offset
    put_u32_be(0x1000); put_u32_be(0x0000);
    put_u32_be(0x1000); put_u32_be(0x0000);
    put_zero(8);
    put_u32_be(0x1800);  // [0x10D8] 闂?PICKLE length prefix
}

// PICKLE record [0x10D8, ~0x1180)
// From real sample: u32 length + "PICKLE/256/<graph_name>"
void ContextBinaryWriter::write_pickle_record() {
    pos_ = 0x10D8;
    // Length prefix (BE u32) = 0x18 = 24 bytes for "PICKLE/256/simple_linear"
    std::string pickle = "PICKLE/256/" + graph_name_;
    put_u32_be(static_cast<uint32_t>(pickle.size()));
    put_bytes(pickle.data(), pickle.size());
    // Null-terminate and zero-pad to next boundary
    put_zero(4);
    // Pad to 0x2000 (ioTensor segment)
    while (pos_ < IOTENSOR_SEG_BASE) put_u8(0);
}

// ioTensor segment [0x2000, ~0x6000)
// From real sample: tensor descriptors with "Sz"/"Vrv<buildId>" tags
// This is the most complex segment; for now we write a minimal
// descriptor table matching simple_linear structure.
void ContextBinaryWriter::write_io_tensor_segment() {
    pos_ = IOTENSOR_SEG_BASE;

    // ioTensor header (from sample [0x2000]):
    //   5c fa 90 37 f5 08 01 80  (8 bytes, looks like a hash/magic)
    //   33 00 49 64 00 ...       ("3.Id" tag)
    // Then tensor descriptors, each with:
    //   "Sz" tag + size, "Vrv<buildId>" version tag
    put_u32_be(0x5CFA9037);  // [0x2000] magic/hash
    put_u32_be(0xF5080180);
    put_u16_be(0x3300);       // "3" + null
    put_bytes("Id", 2);       // "Id" tag
    put_zero(0x2000 + 0xD8 - pos_);  // pad to 0x20D8

    // Tensor size descriptor at 0x20D8
    pos_ = 0x20D8;
    put_u16_be(0x0500);  // [0x20D8]
    put_bytes("Sz", 2);  // "Sz" tag
    put_u32_be(0x00240000);  // size
    put_u32_be(0x00400000);
    put_zero(4);
    put_u32_be(0x44000000);
    put_u16_be(0x0700);
    put_bytes("Vrv", 3);
    put_string_null(build_id_);
    // pad rest of ioTensor to 0x6000
    while (pos_ < 0x6000) put_u8(0);
}

// Check if any kernel name contains the given substring
bool ContextBinaryWriter::kernel_names_has(const std::string& substr) const {
    for (const auto& name : kernel_names_) {
        if (name.find(substr) != std::string::npos) return true;
    }
    return false;
}

// Patch model-dependent fields in pre-opData [0x1000, 0x7534)
void ContextBinaryWriter::patch_pre_opdata() {
    // 1. Mm record at 0x737C: count + field1
    //    Mm_count = kernel_name_count + 4 - has_transpose - has_FC
    //    Mm_f1 = has_FC ? 4 : 0
    bool has_fc = kernel_names_has("MatMul_bias");
    bool has_transpose = kernel_names_has("Transpose_impl");
    uint32_t co_count = static_cast<uint32_t>(kernel_names_.size());
    uint32_t mm_count = co_count + 4 - (has_transpose ? 1 : 0) - (has_fc ? 1 : 0);
    write_u32_at(0x737C, mm_count);
    write_u32_at(0x7380, has_fc ? 4u : 0u);

    // 2. Co record at 0x73C0: header + f1 + count + f2 + kernel names
    //    Co_f2 = floor(totalNameBytes / 4) (including null terminators)
    //    Co_f1 = Co_f2 + count + 2
    uint32_t total_name_bytes = 0;
    for (const auto& name : kernel_names_) {
        total_name_bytes += static_cast<uint32_t>(name.length() + 1);
    }
    uint32_t co_f2 = (total_name_bytes + 3) / 4;  // ceil to 4-byte alignment
    uint32_t co_f1 = co_f2 + co_count + 2;

    // Write Co header at 0x73C0 (format: u16 + "Co" + LE u32 f1 + LE u32 count + LE u32 f2)
    pos_ = 0x73C0;
    put_u16_le(0x90BC);  // flags
    put_u8('C'); put_u8('o');  // "Co" tag
    put_u32_le(co_f1);
    put_u32_le(co_count);
    put_u32_le(co_f2);

    // Write kernel name strings at 0x73D0
    for (const auto& name : kernel_names_) {
        put_bytes(name.data(), name.size());
        put_u8(0);
    }
    // Pad to 0x7490
    while (pos_ < 0x7490) put_u8(0);

    // 3. Sz record payload[5] at 0x50EC
    if (sz_record_value_ != 0) {
        write_u32_at(0x50EC, sz_record_value_);
    }

    // 4. PICKLE path at 0x10D8
    // Format: path_length(u32 LE) + "PICKLE/256/" + graph_name + null + padding to 4
    std::string pickle_path = "PICKLE/256/" + graph_name_;
    uint32_t pickle_len = static_cast<uint32_t>(pickle_path.length());
    uint32_t pickle_padded = (pickle_len + 4) & 0xFFFFFFFC;  // pad to 4 including null
    pos_ = 0x10D8;
    put_u32_le(pickle_len);
    put_bytes(pickle_path.data(), pickle_path.length());
    put_u8(0);  // null terminator
    while (pos_ < 0x10D8 + 4 + pickle_padded) put_u8(0);  // pad to alignment

    // 5. ContextBlob header ROOT offset at 0x1018 (LE u32)
    // ROOT offset = position of PICKLE record relative to contextBlob base
    // = 0x10D8 - 0x1000 = 0xD8 for simple_linear (graph name = "simple_linear", 13 chars)
    // For other graph names, this may shift. We compute from PICKLE record position.
    write_u32_at(0x1018, 0xD8);  // Fixed for simple_linear; TODO: compute dynamically

    // 6. ContextBlob size at 0x1040 (LE u32) - patched in write() after all sections done
}

// Kernel name table [0x73C0, ~0x7490)
// Now generated dynamically by patch_pre_opdata()
void ContextBinaryWriter::write_kernel_name_table() {
    // This function is now a no-op; the kernel name table is written
    // by patch_pre_opdata() as part of the Co record.
    (void)0;
}

// opData segment [0x7534, ~0x7B00)
// Layout: FA0000FA separator → dynamic preamble → op records → BEEFF00D end
// Preamble length = 33 + qnn_op_count (for FC models).
// All fields computed from PreambleParam + scheduled_ops_ + op_names_.
void ContextBinaryWriter::write_opdata_segment() {
    pos_ = OPDATA_SEG_BASE;

    // === Separator ===
    put_u32_le(SEP_FA0000FA);

    // === Dynamic Preamble ===
    // Compute field 9 (output VTCM size) from scheduled ops:
    //   = (DMA_count + has_output_DMA) * 256
    //   where has_output_DMA = any DMA op (type 0x40) has tensor_id not in const_desc_params_
    const uint32_t elem_size = 4;
    uint32_t dma_count = 0;
    bool has_output_dma = false;
    for (const auto& op : scheduled_ops_) {
        if (static_cast<uint32_t>(op.type) == 0x40) {
            dma_count++;
            bool is_weight = false;
            for (const auto& cp : const_desc_params_) {
                if (cp.tensor_id == op.tensor_id) { is_weight = true; break; }
            }
            if (!is_weight) has_output_dma = true;
        }
    }
    const uint32_t output_vtcm = (dma_count + (has_output_dma ? 1u : 0u)) * 256u;

    // Compute preamble structure
    const uint32_t qnn_op_count = preamble_param_.qnn_op_count;
    const uint32_t steps = static_cast<uint32_t>(scheduled_ops_.size());
    const uint32_t max_tid = preamble_param_.max_tid;
    const uint32_t nonconst = preamble_param_.nonconst_count;
    const uint32_t extra_ops = qnn_op_count >= 3 ? qnn_op_count - 3 : 0;
    const uint32_t ceil_steps_5 = (steps + 4) / 5;

    // Field [0-8]: format constants (VTCM/ioTensor config)
    put_u32_le(4);                  // [0] count
    put_u32_le(0x00400000);         // [1] ioTensorSize
    put_u32_le(3);                  // [2] runlist count (= 2 + hasFC)
    put_u32_le(0x00400000);         // [3] ioTensorSize
    put_u32_le(0x00000400);         // [4] input VTCM block
    put_u32_le(1);                  // [5]
    put_u32_le(0x00000400);         // [6] input VTCM size
    put_u32_le(0x00000100);         // [7] VTCM granularity
    put_u32_le(0);                  // [8]

    // Field [9]: output VTCM size (dynamic)
    put_u32_le(output_vtcm);        // [9]

    // Field [10-14]: format constants + flags
    put_u32_le(0x00000100);         // [10]
    put_u32_le(max_tid);            // [11] max tensor id
    put_u32_le(0xFFFB0004);         // [12] FC flags
    put_u32_le(1);                  // [13]
    put_u32_le(0);                  // [14]

    // Field [15-21]: input tensor descriptor
    put_u32_le(0x80000001);                            // [15] OUT_TENSOR[1]
    put_u32_le(0x40001100);                            // [16] LAYOUT_REF
    put_u32_le(preamble_param_.input_dim0);            // [17] input dim0
    put_u32_le(preamble_param_.input_dim1);            // [18] input dim1
    put_u32_le(0);                                     // [19]
    put_u32_le(1);                                     // [20] batch
    put_u32_le(0);                                     // [21]

    // Field [22-26]: output tensor descriptor
    put_u32_le(0x80000002);                            // [22] OUT_TENSOR[2]
    put_u32_le(0x40001100);                            // [23] LAYOUT_REF
    put_u32_le(preamble_param_.output_dim0);           // [24] output dim0
    put_u32_le(preamble_param_.output_dim1);           // [25] output dim1
    put_u32_le(0);                                     // [26]

    // Field [27]: non-const tensor count
    put_u32_le(nonconst);                              // [27]

    // Field [28-29]: zeros
    put_u32_le(0);                                     // [28]
    put_u32_le(0);                                     // [29]

    // Field [30-32]: base op markers (3 base QNN ops: Transpose, Reshape, FC)
    put_u32_le(1);                                     // [30]
    put_u32_le(1);                                     // [31]
    put_u32_le(1);                                     // [32]

    // Field [33..33+extra_ops-1]: one "1" per extra QNN op beyond base 3
    for (uint32_t i = 0; i < extra_ops; i++) {
        put_u32_le(1);
    }

    // Tail: [steps, max_tid, ceil(steps/5)]
    put_u32_le(steps);                                 // op record count
    put_u32_le(max_tid);                               // max tensor id
    put_u32_le(ceil_steps_5);                          // ceil(steps/5)

    // === Op records (all LE) ===
    for (const auto& op : scheduled_ops_) {
        put_u32_le(OP_MARKER_BASE | (op.record_id & 0xFF));
        put_u8(static_cast<uint8_t>(op.tensor_id & 0xFF));
        put_u8(0x00);
        put_u8(0x00);
        put_u8(static_cast<uint8_t>(op.type));
        put_u32_le(op.f2);
        put_u32_le(op.block_ref);
        for (uint32_t extra : op.extras) {
            put_u32_le(extra);
        }
    }

    // === End marker ===
    put_u32_le(END_BEEFF00D);
}

// Post-opData section [~0x7898, 0x9000)
// Contains: padding, second BEEFF00D marker, graph metadata (extent table), more padding.
// Extent table at 0x8000: 12 u32 fields.
//   10 are format constants (verified identical across 7 reference models).
//   2 are dynamic: [0x8020] = 2 + (has FC/MatMul op ? 1 : 0)
//                  [0x802C] = scheduled op count + 1
void ContextBinaryWriter::write_post_opdata() {
    // Zero-fill from current position to 0x7FFC
    if (pos_ < 0x7FFC) {
        pos_ = 0x7FFC;
    }

    // Second BEEFF00D marker at 0x7FFC
    put_u32_le(END_BEEFF00D);

    // Extent table header at 0x8000 (12 u32)
    // Format constants (verified across 7 reference models - v2.48 SDK):
    const uint32_t EXTENT_MAGIC    = 0x71C43C9B;
    const uint32_t EXTENT_FLAGS    = 0x01000040;
    const uint32_t EXTENT_OFFSET1  = 0x00000001;
    const uint32_t EXTENT_OFFSET2  = 0x00000001;
    const uint32_t EXTENT_FIELD10  = 0x0000000C;
    const uint32_t EXTENT_FIELD14  = 0x00000040;
    const uint32_t EXTENT_FIELD18  = 0x00000040;

    // Dynamic fields:
    //   [0x8020] = 2 + (has const weight descriptors ? 1 : 0)
    //     Models with FC/MatMul produce const weight descriptors (W, b);
    //     reshape/trans-only models produce none 鈫?base 2.
    //   [0x802C] = scheduled op record count + 1
    const uint32_t has_fc = const_desc_params_.empty() ? 0u : 1u;
    const uint32_t runlist_count = 2u + has_fc;
    const uint32_t op_record_count = static_cast<uint32_t>(scheduled_ops_.size()) + 1u;

    put_u32_le(EXTENT_MAGIC);     // [0x8000] magic
    put_u32_le(EXTENT_FLAGS);     // [0x8004] flags/count
    put_u32_le(EXTENT_OFFSET1);   // [0x8008]
    put_u32_le(EXTENT_OFFSET2);   // [0x800C]
    put_u32_le(EXTENT_FIELD10);   // [0x8010]
    put_u32_le(EXTENT_FIELD14);   // [0x8014]
    put_u32_le(EXTENT_FIELD18);   // [0x8018]
    put_u32_le(0);                // [0x801C]
    put_u32_le(runlist_count);    // [0x8020] = 2 or 3
    put_u32_le(1);                // [0x8024]
    put_u32_le(0);                // [0x8028]
    put_u32_le(op_record_count);  // [0x802C] = steps + 1

    // Zero-fill rest to 0x9000
    while (pos_ < CONST_SEG_BASE) put_u8(0);
}

// const segment [0x9000, 0xB000)
// Layout (from real .bin byte analysis):
//   [0x9000] const pool data (weights, float32 LE)
//   [0x9100+] const pool data continued (0x100-aligned per weight)
//   [0x9200] small shape info struct (4 u32: pad, batch, dim0, dim1)
//   [0x9300+] const tensor descriptors (0x68 bytes each, 0x100-aligned)
//   [0xA000] DDR tensor info (marker + hash + size)
//   [rest]  zero padding to 0xB000
void ContextBinaryWriter::write_const_segment() {
    pos_ = CONST_SEG_BASE;

    // Write const pool data block (weights) - float32 LE, raw bytes
    if (!const_pool_.empty()) {
        put_bytes(const_pool_.data(), const_pool_.size());
    }

    // Small shape info struct at 0x9200: [pad, batch, N, M]
    // This encodes the FC output shape (without batch dimension padding)
    pos_ = 0x9200;
    if (!const_desc_params_.empty()) {
        // Find W descriptor (first param with lower tensor_id)
        // W has X=N, Y=M; the shape info is [0, 1, N, M]
        // For models without FC, this structure may differ
        uint32_t n_val = 0, m_val = 0;
        for (const auto& p : const_desc_params_) {
            // W descriptor: X=N, Y=M (weight has lower tid typically)
            // Use the first weight descriptor's X as N, Y as M
            n_val = p.X;
            m_val = p.Y;
            break;
        }
        put_u32_le(0);       // padding
        put_u32_le(1);       // batch
        put_u32_le(n_val);   // N (FC input rows)
        put_u32_le(m_val);   // M (FC output count)
    } else {
        put_u32_le(0);
        put_u32_le(1);
        put_u32_le(0);
        put_u32_le(0);
    }

    // Write const tensor descriptors at 0x100-aligned offsets
    // Descriptors are written in reverse tensor_id order (higher tid first)
    // For simple_linear: b(tid=6) at 0x9300, W(tid=5) at 0x9400
    if (!const_desc_params_.empty()) {
        // Sort by tensor_id descending to determine write order
        std::vector<size_t> order(const_desc_params_.size());
        for (size_t i = 0; i < order.size(); i++) order[i] = i;
        std::sort(order.begin(), order.end(), [&](size_t a, size_t b) {
            return const_desc_params_[a].tensor_id > const_desc_params_[b].tensor_id;
        });

        uint32_t desc_offset = 0x9300;
        for (size_t idx : order) {
            pos_ = desc_offset;
            write_const_descriptor(const_desc_params_[idx]);
            desc_offset += 0x100;
        }
    }

    // DDR tensor info at 0xA000
    pos_ = 0xA000;
    put_u32_le(0x83AF0002);  // [0xA000] marker
    put_u32_le(0xA798EC42);  // [0xA004] hash
    // gap: 0xA008-0xA00F = zeros
    pos_ = 0xA010;
    put_u32_le(0xA798EC4F);  // [0xA010] hash
    // gap: 0xA014-0xA017 = zeros
    pos_ = 0xA018;
    put_u32_le(0x0000004C);  // [0xA018] = 76

    // Pad to trailer base (0xB000)
    pos_ = pos_ > 0xA01C ? pos_ : 0xA01C;
    while (pos_ < TRAILER_BASE) put_u8(0);
}

void ContextBinaryWriter::write_u32_at(size_t offset, uint32_t val) {
    if (offset + 4 <= buf_.size()) {
        buf_[offset]   = static_cast<uint8_t>(val & 0xFF);
        buf_[offset+1] = static_cast<uint8_t>((val >> 8) & 0xFF);
        buf_[offset+2] = static_cast<uint8_t>((val >> 16) & 0xFF);
        buf_[offset+3] = static_cast<uint8_t>((val >> 24) & 0xFF);
    }
}

// Write a single const tensor descriptor (0x68 bytes = 26 u32).
// All fields computed from (tensor_id, X, Y, elem_size).
// Format constants (rank=3, batch=1, etc.) are part of the binary format spec,
// not model-specific hardcoding. Variable fields use the parameterized formulas
// verified across 4 reference models.
void ContextBinaryWriter::write_const_descriptor(const ConstDescriptorParam& param) {
    const uint32_t tid = param.tensor_id;
    const uint32_t X = param.X;
    const uint32_t Y = param.Y;
    const uint32_t E = param.elem_size;

    // 26 u32 fields, all computed from (tid, X, Y, E)
    put_u32_le(tid);            // [0x00] tensor_id
    put_u32_le(3);              // [0x04] rank (Shape<4> rank, format constant)
    put_u32_le(1);              // [0x08] format constant
    put_u32_le(X * Y * E);      // [0x0C] data size in bytes
    put_u32_le(0);              // [0x10]
    put_u32_le(0);              // [0x14]
    put_u32_le(E);              // [0x18] element size
    put_u32_le(1);              // [0x1C] format constant
    put_u32_le(1);              // [0x20] format constant
    put_u32_le(X);              // [0x24] first shape param
    put_u32_le(Y * E);          // [0x28] Y * elem_size
    put_u32_le(E);              // [0x2C] element size
    put_u32_le(Y);              // [0x30] second shape param
    put_u32_le(E);              // [0x34] element size
    put_u32_le(X * E);          // [0x38] X * elem_size
    put_u32_le(0);              // [0x3C]
    put_u32_le(0);              // [0x40]
    put_u32_le(0);              // [0x44]
    put_u32_le(0);              // [0x48]
    put_u32_le(0);              // [0x4C]
    put_u32_le(0);              // [0x50]
    put_u32_le(1);              // [0x54] batch dim0 (format constant)
    put_u32_le(1);              // [0x58] batch dim1 (format constant)
    put_u32_le(Y);              // [0x5C] second shape param (dim2 of Shape<4>)
    put_u32_le(X);              // [0x60] first shape param (dim3 of Shape<4>)
    put_u32_le(0);              // [0x64]
}

// trailer [0xB000, end)
// Dynamic generation from TrailerParam + scheduled_ops_.
// Structure (all LE):
//   [0xB000, 0xB06C) = 27 u32 format constants (identical across 7 models)
//   [0xB06C] steps+1, [0xB070] 1, [0xB074] content_size
//   [0xB078, 0xB0CC) = 21 u32 format constants
//   [0xB0CC] graph_name_length, [0xB0D0] graph_name (padded to 8)
//   op table: header + output op entries + separator + input op entries
//   tensor blocks: output + input (each with name + descriptor)
//   config block: fixed format
void ContextBinaryWriter::write_trailer() {
    pos_ = TRAILER_BASE;

    // === Header constants [0xB000, 0xB06C) = 27 u32 ===
    static const uint32_t HDR_CONSTS_1[27] = {
        0x00000008, 0x00000000, 0xFFFFFF90, 0x01000000,
        0x00000020, 0x0028001C, 0x00040018, 0x000C0008,
        0x00000000, 0x00000000, 0x00200000, 0x00140010,
        0x0000001C, 0x00000064, 0x00000038, 0x0000002C,
        0x0000001C, 0x00000014, 0x00000001, 0x00000000,
        0x00001000, 0x00000000, 0x00000000, 0x00000001,
        0x00009000, 0x00000000, 0x00000001,
    };
    for (uint32_t v : HDR_CONSTS_1) put_u32_le(v);

    // === Dynamic fields ===
    const uint32_t steps = static_cast<uint32_t>(scheduled_ops_.size());
    put_u32_le(steps + 1);  // [0xB06C] = steps + 1
    put_u32_le(1);          // [0xB070]

    // [0xB074] content_size = trailer_size - 204 (computed in second pass)
    const size_t content_size_pos = pos_;
    put_u32_le(0);  // placeholder, filled later

    // === Header constants [0xB078, 0xB0CC) = 21 u32 ===
    // These contain format constants + dynamic f42/f43/f44 at positions 42-44
    static const uint32_t HDR_CONSTS_2_BASE[18] = {
        0x000C0008, 0x00080007, 0x00000008, 0x01000000,
        0x0000001C, 0x00280018, 0x00080004, 0x0010000C,
        0x00000014, 0x00000000, 0x001C0000, 0x00000018,
        // f42, f43, f44 will be inserted here (positions 42-44)
        0x00000018, 0x00000100, 0x00000000,
    };
    // Write first 12 constants (0xB078 to 0xB0A8)
    for (int i = 0; i < 12; i++) put_u32_le(HDR_CONSTS_2_BASE[i]);

    // f42, f43, f44 placeholders (will be filled later)
    const size_t f42_pos = pos_; put_u32_le(0);
    const size_t f43_pos = pos_; put_u32_le(0);
    const size_t f44_pos = pos_; put_u32_le(0);

    // Remaining constants (0xB0B4 to 0xB0CC)
    put_u32_le(0x00000018);  // [45]
    put_u32_le(0x00000100);  // [46]
    put_u32_le(0);           // [47]
    put_u32_le(2);           // [48] tensor count
    put_u32_le(0);           // [49]
    put_u32_le(0);           // [50]

    // === Graph name ===
    const uint32_t gname_len = static_cast<uint32_t>(graph_name_.length());
    put_u32_le(gname_len);  // [0xB0CC] graph name length
    put_string_null(graph_name_);
    // Pad to 4-byte boundary (formula: (len+1+3)&~3 = (len+4)&~3)
    const uint32_t gname_padded = (gname_len + 4) & 0xFFFFFFFC;
    while (pos_ < 0xB0D0 + gname_padded) put_u8(0);

    // === Op table ===
    const size_t op_table_start = pos_;
    const auto& out_ops = trailer_param_.output_op_names;
    const auto& in_ops = trailer_param_.input_op_names;
    const uint32_t total_ops = static_cast<uint32_t>(out_ops.size() + in_ops.size());

    // Compute op entry sizes
    struct OpEntryInfo {
        std::string name;
        uint32_t name_len;
        uint32_t name_padded;
        uint32_t total_size;
        bool is_input;
        uint32_t out_idx;  // index among output ops only
    };
    std::vector<OpEntryInfo> entries;
    uint32_t oi = 0;
    for (const auto& name : out_ops) {
        uint32_t nl = static_cast<uint32_t>(name.length());
        uint32_t np = (nl + 4) & 0xFFFFFFFC;
        entries.push_back({name, nl, np, 16 + np, false, oi++});
    }
    for (const auto& name : in_ops) {
        uint32_t nl = static_cast<uint32_t>(name.length());
        uint32_t np = (nl + 4) & 0xFFFFFFFC;
        entries.push_back({name, nl, np, 12 + np, true, 0});
    }

    // Compute total output entry sizes for initial backRef
    uint32_t total_output_size = 0;
    for (const auto& e : entries) if (!e.is_input) total_output_size += e.total_size;

    // Op table header: 6 + output_count u32
    const uint32_t out_count = static_cast<uint32_t>(out_ops.size());

    put_u32_le(1);  // [0]
    const size_t hdr1_pos = pos_; put_u32_le(0);  // [1] placeholder
    put_u32_le(1);  // [2]
    const size_t hdr3_pos = pos_; put_u32_le(0);  // [3] placeholder
    put_u32_le(total_ops);  // [4] = op count

    // Per-output-op header fields [5..5+out_count-1]
    std::vector<size_t> per_op_positions(out_count);
    for (uint32_t i = 0; i < out_count; i++) {
        per_op_positions[i] = pos_;
        put_u32_le(0);  // placeholder
    }
    // Trailing constant after per-op fields
    put_u32_le(4);  // [5+out_count] = 4 (trailing constant)

    // Write output op entries
    // f1 = 3*total_ops - 2*out_idx + 11 - adj
    // adj = 1 if (nameLen%4==0 && nameLen>=20) else 0
    int32_t back_ref = -static_cast<int32_t>(total_output_size);
    for (size_t i = 0; i < entries.size(); i++) {
        const auto& e = entries[i];
        if (e.is_input) break;
        uint32_t adj = (e.name_len % 4 == 0 && e.name_len >= 20) ? 1u : 0u;
        uint32_t f1_val = 3 * total_ops - 2 * e.out_idx + 11 - adj;
        put_u32_le(static_cast<uint32_t>(back_ref));  // backRef
        put_u32_le(f1_val);  // f1
        put_u32_le(4);       // f2 = 4 (constant)
        put_u32_le(e.name_len);  // nameLen
        put_bytes(e.name.data(), e.name.length());
        // Pad name to name_padded
        size_t name_end = pos_;
        size_t expected_end = (pos_ - e.name_len) + e.name_padded;
        while (pos_ < expected_end) put_u8(0);
        back_ref += static_cast<int32_t>(e.total_size);
    }

    // Separator (immediately after output entries, no padding)
    static const uint8_t SEPARATOR[12] = {
        0x08, 0x00, 0x0C, 0x00, 0x04, 0x00, 0x08, 0x00, 0x08, 0x00, 0x00, 0x00
    };
    put_bytes(SEPARATOR, 12);

    // Write input op entries (12-byte header: backRef + f1 + nameLen)
    for (size_t i = 0; i < entries.size(); i++) {
        const auto& e = entries[i];
        if (!e.is_input) continue;
        put_u32_le(0);  // backRef placeholder (small positive, formula TBD)
        put_u32_le(4);  // f1 = 4
        put_u32_le(e.name_len);  // nameLen
        put_bytes(e.name.data(), e.name.length());
        size_t expected_end = (pos_ - e.name_len) + e.name_padded;
        while (pos_ < expected_end) put_u8(0);
    }

    const size_t op_table_end = pos_;

    // === Tensor blocks ===
    // Output tensor block
    const size_t tensor_out_start = pos_;
    write_trailer_tensor_block(trailer_param_.output_tensor_name,
                               trailer_param_.output_tid, trailer_param_.output_rank,
                               trailer_param_.output_dims, true);

    // Input tensor block
    const size_t tensor_in_start = pos_;
    write_trailer_tensor_block(trailer_param_.input_tensor_name,
                               trailer_param_.input_tid, trailer_param_.input_rank,
                               trailer_param_.input_dims, false);

    // === Config block ===
    static const uint8_t CONFIG_BLOCK[] = {
        0x0C, 0x00, 0x00, 0x00, 0x00, 0x00, 0x01, 0x01,
        0x3C, 0x00, 0x00, 0x00, 0x04, 0x00, 0x00, 0x00,
        0xEC, 0xFF, 0xFF, 0xFF, 0x44, 0x00, 0x00, 0x00,
        0x00, 0x00, 0x40, 0x00, 0x64, 0x00, 0x00, 0x00,
        0xE9, 0x03, 0x00, 0x00, 0x20, 0x00, 0x14, 0x00,
        0x04, 0x00, 0x08, 0x00, 0x00, 0x00, 0x00, 0x00,
        0x0C, 0x00, 0x00, 0x00, 0x00, 0x00, 0x00, 0x00,
        0x00, 0x00, 0x00, 0x00, 0x00, 0x00, 0x00, 0x00,
        0x00, 0x00, 0x10, 0x00, 0x20, 0x00, 0x00, 0x00,
        0x44, 0x00, 0x00, 0x00, 0x00, 0x00, 0x40, 0x00,
        0x64, 0x00, 0x00, 0x00, 0xE9, 0x03, 0x00, 0x00,
    };
    put_bytes(CONFIG_BLOCK, sizeof(CONFIG_BLOCK));

    const size_t trailer_end = pos_;

    // === Second pass: fill in computed fields ===
    // f29 = content_size = trailer_end - 0xB0CC
    uint32_t content_size = static_cast<uint32_t>(trailer_end - 0xB0CC);
    write_u32_at(content_size_pos, content_size);

    // f42/f43/f44: offsets from 0xB0CC
    // f43 = offset from 0xB0CC to op_entries_start
    // f42 = f43 + 12, f44 = f43 - 12
    uint32_t hdr_size = 24 + out_count * 4;
    size_t op_entries_start = op_table_start + hdr_size;
    if (out_count == 0) op_entries_start = op_table_start + 24 + 12;  // header + separator
    uint32_t f43_val = static_cast<uint32_t>(op_entries_start - 0xB0CC);
    uint32_t f42_val = f43_val + 12;
    uint32_t f44_val = f43_val - 12;
    write_u32_at(f42_pos, f42_val);
    write_u32_at(f43_pos, f43_val);
    write_u32_at(f44_pos, f44_val);

    // op table header [1] = op_section_total - C
    // C = 4 (constant, verified across all models)
    uint32_t c_val = 4;
    uint32_t op_section_total = static_cast<uint32_t>(op_table_end - op_table_start);
    uint32_t hdr1_val = op_section_total - c_val;
    write_u32_at(hdr1_pos, hdr1_val);

    // [3] = offset from op_table to (output_tensor_name_end - 4)
    // Find output tensor name end position
    uint32_t hdr3_val = static_cast<uint32_t>(tensor_out_start) - static_cast<uint32_t>(op_table_start);
    // Adjust: [3] = offset to end of output name - 4
    // output name ends at tensor_out_start + tensor_block_size - something
    // From verification: h3 = outputEndOff - 4 - tbl
    // For now, use the relationship: h3 = h1 + (tensor_out_start - op_table_end) + output_block_size - 4
    // This is complex. Let me compute directly from positions.
    // Actually: h3 = offset from tbl to 4 bytes before output tensor name end.
    // The output tensor name "output" is inside the tensor block written by write_trailer_tensor_block.
    // I need to record its position. Let me compute from tensor_out_start.
    // For simple: h3=336, tbl=0xB0E0, 0xB0E0+336=0xB230 = 4 bytes before "output\0\0" end (0xB234)
    // tensor_out_start for simple = 0xB1C8. output name at 0xB228. output name end = 0xB230 (6+2=8 padded)
    // h3 = 0xB230 - 0xB0E0 = 0x150 = 336. Wait, that's the END, not end-4!
    // 0xB228 + 8 = 0xB230. h3 = 0xB230 - 0xB0E0 = 336. So h3 = output_name_end - tbl!
    // But earlier check showed h3 = outputEndOff - 4 - tbl where outputEndOff = 0xB234.
    // 0xB234 - 4 = 0xB230. h3 = 0xB230 - 0xB0E0 = 336. So h3 = output_name_padded_end - tbl.
    // output_name_padded_end = position after "output\0\0" = name_start + 8.
    // For "output" (6 chars), padded to 8: name_start + 8.
    // I need to record this position during write_trailer_tensor_block.
    // For now, approximate: tensor_out_start + 96 (empirically, output name is ~96 bytes into block)
    // This won't be exact. Let me use a different approach: record the position.
    // Since I can't easily record inside write_trailer_tensor_block, let me search for "output" after writing.
    // Actually, I'll compute it from the known structure:
    // tensor block = backRef(4) + data(~88 bytes) + "output\0\0"(8) + trailing(~16)
    // The "output" name starts at tensor_out_start + 96 for simple.
    // But this varies. Let me just search for the name in the buffer.
    uint32_t out_name_len = static_cast<uint32_t>(trailer_param_.output_tensor_name.length());
    uint32_t out_name_padded = (out_name_len + 4) & 0xFFFFFFFC;
    size_t search_start = tensor_out_start;
    size_t out_name_end_pos = 0;
    for (size_t i = search_start; i + out_name_len < buf_.size(); i++) {
        bool match = true;
        for (size_t j = 0; j < out_name_len; j++) {
            if (buf_[i + j] != static_cast<uint8_t>(trailer_param_.output_tensor_name[j])) {
                match = false;
                break;
            }
        }
        if (match) {
            out_name_end_pos = i + out_name_padded;
            break;
        }
    }
    if (out_name_end_pos > 0) {
        hdr3_val = static_cast<uint32_t>(out_name_end_pos - 4 - op_table_start);
    }
    write_u32_at(hdr3_pos, hdr3_val);

    // Per-output-op header fields [5..5+out_count-1]
    // addition[i] = (i==last) ? 16 : (i==0 ? entries[(i+2)%out_count].total_size : entries[(i+2)%out_count].name_padded)
    {
        for (size_t i = 0; i < entries.size() && !entries[i].is_input; i++) {
            uint32_t remaining = 0;
            for (size_t j = i; j < entries.size() && !entries[j].is_input; j++) {
                remaining += entries[j].total_size;
            }
            uint32_t addition;
            if (i == out_count - 1) {
                addition = 16;
            } else {
                size_t src_idx = (i + 2) % out_count;
                if (i == 0) {
                    addition = entries[src_idx].total_size;
                } else {
                    addition = entries[src_idx].name_padded;
                }
            }
            uint32_t val = remaining + addition;
            write_u32_at(per_op_positions[i], val);
        }
    }

    // Output tensor block backRef = -(inPadded + 204) / 2
    // Verified: simple -108, fc_only -104, two_fc -104, trans_only -108
    // Input entry backRef = (inPadded + 12) / 4 + 11 + (3 - output_rank) * (3 + 2 * out_count)
    // Verified: simple 17, fc_only 18, two_fc 20, trans_only 17
    if (!in_ops.empty()) {
        uint32_t in_nl = static_cast<uint32_t>(in_ops[0].length());
        uint32_t in_padded = (in_nl + 4) & 0xFFFFFFFC;
        int32_t out_backref = -static_cast<int32_t>((in_padded + 204) / 2);
        write_u32_at(tensor_out_start, static_cast<uint32_t>(out_backref));

        // Input entry backRef
        uint32_t in_entry_size = 12 + in_padded;
        uint32_t out_rank = trailer_param_.output_rank;
        int32_t in_backref = static_cast<int32_t>(in_entry_size / 4 + 11) +
                             static_cast<int32_t>((3 - static_cast<int32_t>(out_rank))) *
                             static_cast<int32_t>(3 + 2 * out_count);
        // Find input entry position (after separator)
        // separator is at a known position; input entry starts 12 bytes after separator
        // We need to find the input entry backRef position in the buffer
        // The input entry was written after the separator
        // Input entry backRef position = separator_pos + 12
        // We need to locate it. Let me search backward from tensor_out_start.
        // Input entry = backRef(4) + f1(4) + nameLen(4) + name(padded)
        // input entry size = 12 + in_padded
        // So input entry starts at tensor_out_start - in_entry_size (for output tensor block)
        // But wait, the input entry is BEFORE the output tensor block.
        // input entry starts at tensor_out_start - in_entry_size
        size_t in_entry_pos = tensor_out_start - in_entry_size;
        write_u32_at(in_entry_pos, static_cast<uint32_t>(in_backref));
    }
}

void ContextBinaryWriter::write_trailer_tensor_block(const std::string& name,
                                                       uint32_t tid, uint32_t rank,
                                                       const std::vector<uint32_t>& dims,
                                                       bool is_output) {
    // Output tensor block: backRef(4) + flags(4) + u32_0x20(4) + u16_table(28) +
    //   u32_0x08(4) + u32_0x0C_or_0(4) + u16_table2(12) + u32_0x1A(4) + u32_tid(4) +
    //   field_A(4) + [count(4) if output] + 0x0232(4) + field_B(4) + rank(4) + elem(4) +
    //   4(4) + 0(4) + rank(4) + dims[rank](rank*4) + name_len(4) + name(padded) + trailing
    //
    // Input tensor block: flags(4) + u32_0x20(4) + u16_table(28) +
    //   u32_0x08(4) + u32_0(4) + u16_table2(12) + u32_0x1A(4) + u32_tid(4) +
    //   field_A(4) + 0x0232(4) + field_B(4) + rank(4) + elem(4) +
    //   4(4) + 0(4) + rank(4) + dims[rank](rank*4) + name_len(4) + name(padded) + trailing

    // BackRef (output only)
    if (is_output) {
        put_u32_le(0);  // backRef placeholder (computed in second pass)
    }

    // Flags: 00 00 00 01 (raw bytes, NOT u32 LE)
    put_u8(0); put_u8(0); put_u8(0); put_u8(1);

    // u32 0x20
    put_u32_le(0x20);

    // u16 pair 1: [0, 0x1A]
    put_u16_le(0x00); put_u16_le(0x1A);

    // u16 pair 2: [0x24/0x20, 4]
    put_u16_le(is_output ? 0x24 : 0x20); put_u16_le(0x04);

    // u32 0x08
    put_u32_le(0x08);

    // u32: output=0x0C, input=0x00
    put_u32_le(is_output ? 0x0C : 0x00);

    // u16 pair 3: [0x10/0x0C, 0x14/0x10]
    put_u16_le(is_output ? 0x10 : 0x0C); put_u16_le(is_output ? 0x14 : 0x10);

    // u16 pair 4: [0x18/0x14, 0x1C/0x18]
    put_u16_le(is_output ? 0x18 : 0x14); put_u16_le(is_output ? 0x1C : 0x18);

    // u16 pair 5: [0, 0x20/0x1C]
    put_u16_le(0x00); put_u16_le(is_output ? 0x20 : 0x1C);

    // u32 0x1A
    put_u32_le(0x1A);

    // u32 tid
    put_u32_le(tid);

    // field_A = 0x02 + (is_output ? rank*8 : 0)
    put_u32_le(0x02 + (is_output ? rank * 8 : 0));

    // count = 1 (output only)
    if (is_output) {
        put_u32_le(1);
    }

    // 0x0232
    put_u32_le(0x0232);

    // field_B = 0x18 + rank*4
    put_u32_le(0x18 + rank * 4);

    // rank
    put_u32_le(rank);

    // elem_size = 0x0C
    put_u32_le(0x0C);

    // 4, 0, rank
    put_u32_le(4);
    put_u32_le(0);
    put_u32_le(rank);

    // dims[rank]
    for (uint32_t i = 0; i < rank && i < dims.size(); i++) {
        put_u32_le(dims[i]);
    }

    // name_len + name (padded to 4)
    uint32_t name_len = static_cast<uint32_t>(name.length());
    put_u32_le(name_len);
    put_bytes(name.data(), name.length());
    size_t expected_end = (pos_ - name_len) + ((name_len + 4) & 0xFFFFFFFC);
    while (pos_ < expected_end) put_u8(0);

    // Trailing descriptor (12 bytes for both output and input)
    if (is_output) {
        // 12 bytes: u16[8, 0x0E], u16[7, 8], u32 8
        put_u16_le(0x08); put_u16_le(0x0E);
        put_u16_le(0x07); put_u16_le(0x08);
        put_u32_le(0x08);
    } else {
        // 12 bytes: u16[0x0C, 0x10], u16[6, 8], u16[7, 0x0C]
        put_u16_le(0x0C); put_u16_le(0x10);
        put_u16_le(0x06); put_u16_le(0x08);
        put_u16_le(0x07); put_u16_le(0x0C);
    }
}


} // namespace hnnx
